roundID,correct,gameID,index,numTrials,repNum,response,target,targetNum,trialNum,tangramURLs
01JH648XQ7M6C3CYRN873Z9BMZ,TRUE,01JH63H2JBTAXCR944FHYGQ9CS,10,65,0,/tangrams/152_446.png,/tangrams/152_446.png,11,10,"[""/tangrams/370_37.png"",""/tangrams/152_446.png"",""/tangrams/104_121.png"",""/tangrams/109_248.png""]"
01JH648XQA95PY3FJK0Z3068RG,TRUE,01JH63H2JBTAXCR944FHYGQ9CS,8,65,0,/tangrams/109_248.png,/tangrams/109_248.png,9,8,"[""/tangrams/109_248.png"",""/tangrams/152_121.png"",""/tangrams/370_37.png"",""/tangrams/104_446.png""]"
01JH64FEZD06G1M8RHYMJHFZ55,TRUE,01JH63H2JD2983R4N4PQHD9D3S,10,65,0,/tangrams/343_388.png,/tangrams/343_388.png,11,10,"[""/tangrams/96_344.png"",""/tangrams/343_388.png"",""/tangrams/119_1.png"",""/tangrams/148_212.png""]"
01JH64FF0M0GB11JZKCD77NDCS,TRUE,01JH63H2JD2983R4N4PQHD9D3S,37,65,2,/tangrams/450_407.png,/tangrams/450_407.png,6,37,"[""/tangrams/450_407.png"",""/tangrams/387_466.png"",""/tangrams/265_219.png"",""/tangrams/454_121.png""]"
01JH64FEZ06TF989Z9BK555MN9,FALSE,01JH63H2JD2983R4N4PQHD9D3S,3,65,0,/tangrams/119_1.png,/tangrams/293_34.png,4,3,"[""/tangrams/52_159.png"",""/tangrams/25_203.png"",""/tangrams/119_1.png"",""/tangrams/293_34.png""]"
01JH64N1BYG8RBEBHHGB6RZW1S,NA,01JH63H2JBTAXCR944FVZS2MSG,7,65,0,NA,/tangrams/418_336.png,8,7,"[""/tangrams/418_336.png"",""/tangrams/439_336.png"",""/tangrams/418_134.png"",""/tangrams/439_134.png""]"
01JH648XQZTPR950G031MVRZFJ,TRUE,01JH63H2JBTAXCR944FHYGQ9CS,60,65,3,/tangrams/104_37.png,/tangrams/104_37.png,13,60,"[""/tangrams/370_248.png"",""/tangrams/109_446.png"",""/tangrams/104_37.png"",""/tangrams/152_121.png""]"
01JH64N1CSYJW6Q8BX2HJ87XRD,NA,01JH63H2JBTAXCR944FVZS2MSG,19,65,1,NA,/tangrams/21_297.png,4,19,"[""/tangrams/21_244.png"",""/tangrams/333_244.png"",""/tangrams/333_297.png"",""/tangrams/21_297.png""]"
01JH65VD4ZMTRRC60SVTJ9WJN5,NA,01JH63PE95NWS74AEFR2R546Q2,12,65,0,NA,/tangrams/189_266.png,13,12,"[""/tangrams/457_432.png"",""/tangrams/416_419.png"",""/tangrams/252_168.png"",""/tangrams/189_266.png""]"
01JH65VD5WFP7BW856Q45J633N,NA,01JH63PE95NWS74AEFR2R546Q2,41,65,2,NA,/tangrams/275_246.png,10,41,"[""/tangrams/94_162.png"",""/tangrams/335_143.png"",""/tangrams/377_373.png"",""/tangrams/275_246.png""]"
01JH65VD6WGAQKC7QW7GCEZBD9,NA,01JH63PE95NWS74AEFR2R546Q2,46,65,2,NA,/tangrams/189_266.png,15,46,"[""/tangrams/377_373.png"",""/tangrams/189_266.png"",""/tangrams/416_419.png"",""/tangrams/335_143.png""]"
01JH648XQ6N9X4SVT5PR3PFDEQ,TRUE,01JH63H2JBTAXCR944FHYGQ9CS,6,65,0,/tangrams/104_248.png,/tangrams/104_248.png,7,6,"[""/tangrams/370_121.png"",""/tangrams/152_446.png"",""/tangrams/109_37.png"",""/tangrams/104_248.png""]"
01JH64FF0VJM2W9BX8KT9K04V1,TRUE,01JH63H2JD2983R4N4PQHD9D3S,31,65,1,/tangrams/177_330.png,/tangrams/177_330.png,16,31,"[""/tangrams/387_466.png"",""/tangrams/343_388.png"",""/tangrams/119_1.png"",""/tangrams/177_330.png""]"
01JH64N1CDSSW1Y95NSSB83VRH,NA,01JH63H2JBTAXCR944FVZS2MSG,29,65,1,NA,/tangrams/439_244.png,14,29,"[""/tangrams/21_244.png"",""/tangrams/21_134.png"",""/tangrams/439_134.png"",""/tangrams/439_244.png""]"
01JH648XRDCSQJNMHSB2SC7834,TRUE,01JH63H2JBTAXCR944FHYGQ9CS,33,65,2,/tangrams/104_446.png,/tangrams/104_446.png,2,33,"[""/tangrams/370_248.png"",""/tangrams/152_121.png"",""/tangrams/104_446.png"",""/tangrams/109_37.png""]"
01JH65VD5989F1EWA123PY5C17,NA,01JH63PE95NWS74AEFR2R546Q2,23,65,1,NA,/tangrams/245_95.png,8,23,"[""/tangrams/66_249.png"",""/tangrams/247_434.png"",""/tangrams/245_95.png"",""/tangrams/416_419.png""]"
01JH67NCFYW0W9QZWAXPVMWC38,TRUE,01JH63PE95NWS74AEFRCJYXR75,27,65,1,/tangrams/134_442.png,/tangrams/134_442.png,12,27,"[""/tangrams/295_442.png"",""/tangrams/295_439.png"",""/tangrams/134_439.png"",""/tangrams/134_442.png""]"
01JH648XQ0MS5YGMJSV697WP5H,TRUE,01JH63H2JBTAXCR944FHYGQ9CS,3,65,0,/tangrams/104_37.png,/tangrams/104_37.png,4,3,"[""/tangrams/370_248.png"",""/tangrams/109_121.png"",""/tangrams/104_37.png"",""/tangrams/152_446.png""]"
01JH64FF05JYGCRWR6W5MAHBN9,TRUE,01JH63H2JD2983R4N4PQHD9D3S,32,65,2,/tangrams/52_159.png,/tangrams/52_159.png,1,32,"[""/tangrams/387_466.png"",""/tangrams/148_212.png"",""/tangrams/450_407.png"",""/tangrams/52_159.png""]"
01JH64FF192MXRDD144KFMS0JY,FALSE,01JH63H2JD2983R4N4PQHD9D3S,28,65,1,/tangrams/332_183.png,/tangrams/298_143.png,13,28,"[""/tangrams/298_143.png"",""/tangrams/177_330.png"",""/tangrams/332_183.png"",""/tangrams/96_344.png""]"
01JH64N1BXFA8N36JX5H24P9H4,NA,01JH63H2JBTAXCR944FVZS2MSG,6,65,0,NA,/tangrams/333_134.png,7,6,"[""/tangrams/333_134.png"",""/tangrams/21_134.png"",""/tangrams/333_336.png"",""/tangrams/21_336.png""]"
01JH64N1C7X9ZP4TVF6PBAZFJY,NA,01JH63H2JBTAXCR944FVZS2MSG,10,65,0,NA,/tangrams/21_244.png,11,10,"[""/tangrams/21_244.png"",""/tangrams/21_297.png"",""/tangrams/333_297.png"",""/tangrams/333_244.png""]"
01JH64N1CEQWTYMQCZJY1FMEV7,NA,01JH63H2JBTAXCR944FVZS2MSG,35,65,2,NA,/tangrams/439_297.png,4,35,"[""/tangrams/21_297.png"",""/tangrams/21_134.png"",""/tangrams/439_134.png"",""/tangrams/439_297.png""]"
01JH65VD3YAVS4GPCV0Q6FZG6G,NA,01JH63PE95NWS74AEFR2R546Q2,28,65,1,NA,/tangrams/189_266.png,13,28,"[""/tangrams/66_249.png"",""/tangrams/189_266.png"",""/tangrams/369_265.png"",""/tangrams/150_87.png""]"
01JH67NCHARCK46B6G150154MR,TRUE,01JH63PE95NWS74AEFRCJYXR75,54,65,3,/tangrams/394_446.png,/tangrams/394_446.png,7,54,"[""/tangrams/394_453.png"",""/tangrams/134_453.png"",""/tangrams/134_446.png"",""/tangrams/394_446.png""]"
01JH67NCHS66XTFPMGH8CGRKTC,TRUE,01JH63PE95NWS74AEFRCJYXR75,50,65,3,/tangrams/134_446.png,/tangrams/134_446.png,3,50,"[""/tangrams/295_442.png"",""/tangrams/295_446.png"",""/tangrams/134_442.png"",""/tangrams/134_446.png""]"
01JH648XQWDYWXSC7GS8TJQXVV,TRUE,01JH63H2JBTAXCR944FHYGQ9CS,55,65,3,/tangrams/104_446.png,/tangrams/104_446.png,8,55,"[""/tangrams/370_37.png"",""/tangrams/152_248.png"",""/tangrams/104_446.png"",""/tangrams/109_121.png""]"
01JH64FF0XE9ZDH064J6SEY418,TRUE,01JH63H2JD2983R4N4PQHD9D3S,30,65,1,/tangrams/265_219.png,/tangrams/265_219.png,15,30,"[""/tangrams/46_217.png"",""/tangrams/332_183.png"",""/tangrams/148_212.png"",""/tangrams/265_219.png""]"
01JH64N1CFCWMR6FB2Y80KR43W,NA,01JH63H2JBTAXCR944FVZS2MSG,34,65,2,NA,/tangrams/418_244.png,3,34,"[""/tangrams/439_244.png"",""/tangrams/418_297.png"",""/tangrams/418_244.png"",""/tangrams/439_297.png""]"
01JH65VD5PTPKXZ3KY8G0QD0QE,NA,01JH63PE95NWS74AEFR2R546Q2,44,65,2,NA,/tangrams/150_87.png,13,44,"[""/tangrams/252_168.png"",""/tangrams/150_87.png"",""/tangrams/416_419.png"",""/tangrams/275_246.png""]"
01JH65VD5VT2QBT007C1HEH9VG,NA,01JH63PE95NWS74AEFR2R546Q2,20,65,1,NA,/tangrams/49_200.png,5,20,"[""/tangrams/335_143.png"",""/tangrams/49_200.png"",""/tangrams/457_432.png"",""/tangrams/245_95.png""]"
01JH67NCHGNPT72MG683AAWTKM,FALSE,01JH63PE95NWS74AEFRCJYXR75,42,65,2,/tangrams/394_439.png,/tangrams/394_453.png,11,42,"[""/tangrams/125_439.png"",""/tangrams/125_453.png"",""/tangrams/394_453.png"",""/tangrams/394_439.png""]"
01JH648XQK8RM25456N7AAKZWT,TRUE,01JH63H2JBTAXCR944FHYGQ9CS,25,65,1,/tangrams/370_446.png,/tangrams/370_446.png,10,25,"[""/tangrams/152_121.png"",""/tangrams/370_446.png"",""/tangrams/109_37.png"",""/tangrams/104_248.png""]"
01JH648XR91KXXE0KTDRM0WQFN,TRUE,01JH63H2JBTAXCR944FHYGQ9CS,44,65,2,/tangrams/104_37.png,/tangrams/104_37.png,13,44,"[""/tangrams/109_446.png"",""/tangrams/370_248.png"",""/tangrams/104_37.png"",""/tangrams/152_121.png""]"
01JH64FF18TBD71CQAFBQH61ZT,TRUE,01JH63H2JD2983R4N4PQHD9D3S,22,65,1,/tangrams/387_466.png,/tangrams/387_466.png,7,22,"[""/tangrams/349_314.png"",""/tangrams/332_183.png"",""/tangrams/387_466.png"",""/tangrams/52_159.png""]"
01JH64N1C80JFWJJNSB9WRPPK1,NA,01JH63H2JBTAXCR944FVZS2MSG,38,65,2,NA,/tangrams/418_336.png,7,38,"[""/tangrams/21_336.png"",""/tangrams/418_336.png"",""/tangrams/21_244.png"",""/tangrams/418_244.png""]"
01JH65VD4VXE6PTTCCC3FH01VT,NA,01JH63PE95NWS74AEFR2R546Q2,13,65,0,NA,/tangrams/369_265.png,14,13,"[""/tangrams/457_432.png"",""/tangrams/335_143.png"",""/tangrams/369_265.png"",""/tangrams/416_419.png""]"
01JH67NCFNBYBJ85JMRBQ1FHZW,TRUE,01JH63PE95NWS74AEFRCJYXR75,18,65,1,/tangrams/295_439.png,/tangrams/295_439.png,3,18,"[""/tangrams/295_439.png"",""/tangrams/134_439.png"",""/tangrams/295_453.png"",""/tangrams/134_453.png""]"
01JH67NCHQ8VVXYXBYZDRG8CW6,TRUE,01JH63PE95NWS74AEFRCJYXR75,63,65,3,/tangrams/125_439.png,/tangrams/125_439.png,16,63,"[""/tangrams/125_446.png"",""/tangrams/295_439.png"",""/tangrams/125_439.png"",""/tangrams/295_446.png""]"
01JH648XNVB38NYKR4N6ZBP8J5,FALSE,01JH63H2JBTAXCR944FHYGQ9CS,0,65,0,/tangrams/109_446.png,/tangrams/370_248.png,1,0,"[""/tangrams/152_121.png"",""/tangrams/104_37.png"",""/tangrams/370_248.png"",""/tangrams/109_446.png""]"
01JH648XNWJSJJCQMKJGZNAKEB,TRUE,01JH63H2JBTAXCR944FHYGQ9CS,1,65,0,/tangrams/152_248.png,/tangrams/152_248.png,2,1,"[""/tangrams/370_121.png"",""/tangrams/152_248.png"",""/tangrams/109_37.png"",""/tangrams/104_446.png""]"
01JH64FEZP320E78GC6C1R4WVR,TRUE,01JH63H2JD2983R4N4PQHD9D3S,33,65,2,/tangrams/148_212.png,/tangrams/148_212.png,2,33,"[""/tangrams/454_121.png"",""/tangrams/148_212.png"",""/tangrams/298_143.png"",""/tangrams/52_159.png""]"
01JH64FF1CHH4KY03B6HGPYVHH,TRUE,01JH63H2JD2983R4N4PQHD9D3S,26,65,1,/tangrams/96_344.png,/tangrams/96_344.png,11,26,"[""/tangrams/387_466.png"",""/tangrams/96_344.png"",""/tangrams/148_212.png"",""/tangrams/46_217.png""]"
01JH67NCEMA7BDG5BV5XXB1RSZ,FALSE,01JH63PE95NWS74AEFRCJYXR75,6,65,0,/tangrams/394_446.png,/tangrams/295_439.png,7,6,"[""/tangrams/394_439.png"",""/tangrams/295_446.png"",""/tangrams/295_439.png"",""/tangrams/394_446.png""]"
01JH648XQ7M6C3CYRN8WYHFKBA,TRUE,01JH63H2JBTAXCR944FHYGQ9CS,5,65,0,/tangrams/152_121.png,/tangrams/152_121.png,6,5,"[""/tangrams/370_446.png"",""/tangrams/104_37.png"",""/tangrams/152_121.png"",""/tangrams/109_248.png""]"
01JH648XQR2APG2KQ3PK3E39QP,TRUE,01JH63H2JBTAXCR944FHYGQ9CS,16,65,1,/tangrams/370_248.png,/tangrams/370_248.png,1,16,"[""/tangrams/152_37.png"",""/tangrams/104_121.png"",""/tangrams/370_248.png"",""/tangrams/109_446.png""]"
01JH64N1BZ4FJ7W2QG16JFW33Z,NA,01JH63H2JBTAXCR944FVZS2MSG,8,65,0,NA,/tangrams/21_336.png,9,8,"[""/tangrams/21_336.png"",""/tangrams/21_134.png"",""/tangrams/333_134.png"",""/tangrams/333_336.png""]"
01JH65VD37WDAN84N7KH2NBPST,FALSE,01JH63PE95NWS74AEFR2R546Q2,2,65,0,NA,/tangrams/245_95.png,3,2,"[""/tangrams/49_200.png"",""/tangrams/369_265.png"",""/tangrams/457_432.png"",""/tangrams/245_95.png""]"
01JH65VD4MWRPF463W9G2VX3P6,NA,01JH63PE95NWS74AEFR2R546Q2,35,65,2,NA,/tangrams/245_95.png,4,35,"[""/tangrams/369_265.png"",""/tangrams/94_162.png"",""/tangrams/245_95.png"",""/tangrams/49_200.png""]"
01JH65VD62YE2864VY6B99YYZV,NA,01JH63PE95NWS74AEFR2R546Q2,38,65,2,NA,/tangrams/335_143.png,7,38,"[""/tangrams/335_143.png"",""/tangrams/369_265.png"",""/tangrams/66_249.png"",""/tangrams/416_419.png""]"
01JH67NCFKNJKZFWJBXJB1S80M,TRUE,01JH63PE95NWS74AEFRCJYXR75,15,65,0,/tangrams/394_439.png,/tangrams/394_439.png,16,15,"[""/tangrams/394_446.png"",""/tangrams/125_439.png"",""/tangrams/394_439.png"",""/tangrams/125_446.png""]"
01JH648XR7XFEGXY09ZMA2WT6Q,TRUE,01JH63H2JBTAXCR944FHYGQ9CS,50,65,3,/tangrams/152_37.png,/tangrams/152_37.png,3,50,"[""/tangrams/104_446.png"",""/tangrams/152_37.png"",""/tangrams/109_121.png"",""/tangrams/370_248.png""]"
01JH64N1D0YEE4PXEAQ4QE7M76,NA,01JH63H2JBTAXCR944FVZS2MSG,63,65,3,NA,/tangrams/21_297.png,16,63,"[""/tangrams/418_134.png"",""/tangrams/21_297.png"",""/tangrams/21_134.png"",""/tangrams/418_297.png""]"
01JH67NCEGK3H6ZMDVXH40S67H,TRUE,01JH63PE95NWS74AEFRCJYXR75,5,65,0,/tangrams/295_446.png,/tangrams/295_446.png,6,5,"[""/tangrams/295_439.png"",""/tangrams/295_446.png"",""/tangrams/134_446.png"",""/tangrams/134_439.png""]"
01JH67NCG6FVB6GP2AFGFRW9Z3,TRUE,01JH63PE95NWS74AEFRCJYXR75,31,65,1,/tangrams/394_446.png,/tangrams/394_446.png,16,31,"[""/tangrams/125_442.png"",""/tangrams/394_446.png"",""/tangrams/125_446.png"",""/tangrams/394_442.png""]"
01JH65VD5MTEJYE8S3NKYR8C8X,FALSE,01JH63PE95NWS74AEFR2R546Q2,5,65,0,NA,/tangrams/49_200.png,6,5,"[""/tangrams/150_87.png"",""/tangrams/49_200.png"",""/tangrams/416_419.png"",""/tangrams/129_437.png""]"
01JH648XR547ZA12M4PZ1WYN53,TRUE,01JH63H2JBTAXCR944FHYGQ9CS,62,65,3,/tangrams/370_248.png,/tangrams/370_248.png,15,62,"[""/tangrams/152_446.png"",""/tangrams/109_37.png"",""/tangrams/104_121.png"",""/tangrams/370_248.png""]"
01JH64FEZCCA3KYZC78FHT2SEZ,TRUE,01JH63H2JD2983R4N4PQHD9D3S,17,65,1,/tangrams/450_407.png,/tangrams/450_407.png,2,17,"[""/tangrams/96_344.png"",""/tangrams/119_1.png"",""/tangrams/332_183.png"",""/tangrams/450_407.png""]"
01JH64FEZP320E78GC7ARV0W1D,TRUE,01JH63H2JD2983R4N4PQHD9D3S,58,65,3,/tangrams/349_314.png,/tangrams/349_314.png,11,58,"[""/tangrams/349_314.png"",""/tangrams/387_466.png"",""/tangrams/52_159.png"",""/tangrams/332_183.png""]"
01JH64FF15HS26T5GW5F1YAFYA,TRUE,01JH63H2JD2983R4N4PQHD9D3S,46,65,2,/tangrams/119_1.png,/tangrams/119_1.png,15,46,"[""/tangrams/450_407.png"",""/tangrams/119_1.png"",""/tangrams/332_183.png"",""/tangrams/387_466.png""]"
01JH64N1CZRNA3TD205B4XWWXA,NA,01JH63H2JBTAXCR944FVZS2MSG,13,65,0,NA,/tangrams/439_336.png,14,13,"[""/tangrams/439_336.png"",""/tangrams/418_297.png"",""/tangrams/439_297.png"",""/tangrams/418_336.png""]"
01JH64N1DAMZXRNWCPG64GDHXB,NA,01JH63H2JBTAXCR944FVZS2MSG,51,65,3,NA,/tangrams/21_134.png,4,51,"[""/tangrams/21_134.png"",""/tangrams/418_134.png"",""/tangrams/418_297.png"",""/tangrams/21_297.png""]"
01JH64N1DRSQXPNMVD1A0E9YBA,NA,01JH63H2JBTAXCR944FVZS2MSG,43,65,2,NA,/tangrams/333_297.png,12,43,"[""/tangrams/21_134.png"",""/tangrams/21_297.png"",""/tangrams/333_134.png"",""/tangrams/333_297.png""]"
01JH65VD78ZR2KA13SEWK79Q5Y,NA,01JH63PE95NWS74AEFR2R546Q2,62,65,3,NA,/tangrams/150_87.png,15,62,"[""/tangrams/129_437.png"",""/tangrams/150_87.png"",""/tangrams/369_265.png"",""/tangrams/94_162.png""]"
01JH65VD7FDFGWMKFGRX9XWFV6,FALSE,01JH63PE95NWS74AEFR2R546Q2,3,65,0,NA,/tangrams/457_432.png,4,3,"[""/tangrams/150_87.png"",""/tangrams/457_432.png"",""/tangrams/245_95.png"",""/tangrams/316_207.png""]"
01JH67NCHK5EF8K5N6BRC832X6,TRUE,01JH63PE95NWS74AEFRCJYXR75,41,65,2,/tangrams/295_442.png,/tangrams/295_442.png,10,41,"[""/tangrams/295_446.png"",""/tangrams/295_442.png"",""/tangrams/125_446.png"",""/tangrams/125_442.png""]"
01JH67NCFFGV6HNDBE6JCM7SZ0,TRUE,01JH63PE95NWS74AEFRCJYXR75,16,65,1,/tangrams/125_453.png,/tangrams/125_453.png,1,16,"[""/tangrams/125_442.png"",""/tangrams/394_442.png"",""/tangrams/394_453.png"",""/tangrams/125_453.png""]"
01JH648XQ3BBG57BH567GJ68DG,TRUE,01JH63H2JBTAXCR944FHYGQ9CS,4,65,0,/tangrams/109_446.png,/tangrams/109_446.png,5,4,"[""/tangrams/370_248.png"",""/tangrams/104_37.png"",""/tangrams/109_446.png"",""/tangrams/152_121.png""]"
01JH648XQQ3ZTDRXT6WHJTCVQ6,TRUE,01JH63H2JBTAXCR944FHYGQ9CS,28,65,1,/tangrams/370_121.png,/tangrams/370_121.png,13,28,"[""/tangrams/152_37.png"",""/tangrams/109_248.png"",""/tangrams/370_121.png"",""/tangrams/104_446.png""]"
01JH64N1CCDFMJS2A794EB59WT,NA,01JH63H2JBTAXCR944FVZS2MSG,36,65,2,NA,/tangrams/21_297.png,5,36,"[""/tangrams/418_336.png"",""/tangrams/21_336.png"",""/tangrams/21_297.png"",""/tangrams/418_297.png""]"
01JH64N1CV40YZCHNVX91NWJT7,NA,01JH63H2JBTAXCR944FVZS2MSG,17,65,1,NA,/tangrams/439_297.png,2,17,"[""/tangrams/21_244.png"",""/tangrams/439_297.png"",""/tangrams/439_244.png"",""/tangrams/21_297.png""]"
01JH64N1DJFF5M6BVRFQQB7VFH,NA,01JH63H2JBTAXCR944FVZS2MSG,54,65,3,NA,/tangrams/21_336.png,7,54,"[""/tangrams/439_244.png"",""/tangrams/21_336.png"",""/tangrams/21_244.png"",""/tangrams/439_336.png""]"
01JH65VD4SWQQ82RRFS77H422B,NA,01JH63PE95NWS74AEFR2R546Q2,14,65,0,NA,/tangrams/94_162.png,15,14,"[""/tangrams/66_249.png"",""/tangrams/94_162.png"",""/tangrams/150_87.png"",""/tangrams/129_437.png""]"
01JH67NCEACP7DR3PMHR58FFTC,FALSE,01JH63PE95NWS74AEFRCJYXR75,3,65,0,/tangrams/295_442.png,/tangrams/134_442.png,4,3,"[""/tangrams/295_453.png"",""/tangrams/134_453.png"",""/tangrams/134_442.png"",""/tangrams/295_442.png""]"
01JH67NCFPB6Y9H9Y7M1N800VV,TRUE,01JH63PE95NWS74AEFRCJYXR75,17,65,1,/tangrams/134_439.png,/tangrams/134_439.png,2,17,"[""/tangrams/295_446.png"",""/tangrams/134_446.png"",""/tangrams/295_439.png"",""/tangrams/134_439.png""]"
01JH67NCH3S5Z33NDTGQ3HFV3Q,TRUE,01JH63PE95NWS74AEFRCJYXR75,45,65,2,/tangrams/125_442.png,/tangrams/125_442.png,14,45,"[""/tangrams/125_453.png"",""/tangrams/394_442.png"",""/tangrams/125_442.png"",""/tangrams/394_453.png""]"
01JH65VD2Z0ZKS409M5HVN8QDA,FALSE,01JH63PE95NWS74AEFR2R546Q2,1,65,0,/tangrams/49_200.png,/tangrams/247_434.png,2,1,"[""/tangrams/316_207.png"",""/tangrams/129_437.png"",""/tangrams/49_200.png"",""/tangrams/247_434.png""]"
01JH65VD69FSEPW8J6HWKQF338,NA,01JH63PE95NWS74AEFR2R546Q2,53,65,3,NA,/tangrams/129_437.png,6,53,"[""/tangrams/275_246.png"",""/tangrams/189_266.png"",""/tangrams/129_437.png"",""/tangrams/94_162.png""]"
01JH67NCHYVDXH6WEKTQPVQHP5,TRUE,01JH63PE95NWS74AEFRCJYXR75,61,65,3,/tangrams/295_439.png,/tangrams/295_439.png,14,61,"[""/tangrams/295_439.png"",""/tangrams/394_442.png"",""/tangrams/295_442.png"",""/tangrams/394_439.png""]"
01JH648XR547ZA12M4P2W28A0M,TRUE,01JH63H2JBTAXCR944FHYGQ9CS,61,65,3,/tangrams/104_248.png,/tangrams/104_248.png,14,61,"[""/tangrams/104_248.png"",""/tangrams/152_37.png"",""/tangrams/370_121.png"",""/tangrams/109_446.png""]"
01JH648XR8Q4KXQQ61HH4ZFPCQ,TRUE,01JH63H2JBTAXCR944FHYGQ9CS,46,65,2,/tangrams/109_37.png,/tangrams/109_37.png,15,46,"[""/tangrams/370_121.png"",""/tangrams/109_37.png"",""/tangrams/104_446.png"",""/tangrams/152_248.png""]"
01JH64FEZ62QDFPMCDEY28A507,TRUE,01JH63H2JD2983R4N4PQHD9D3S,7,65,0,/tangrams/349_314.png,/tangrams/349_314.png,8,7,"[""/tangrams/293_34.png"",""/tangrams/25_203.png"",""/tangrams/177_330.png"",""/tangrams/349_314.png""]"
01JH64N1D5MM0JSWG6AYEK4G6F,NA,01JH63H2JBTAXCR944FVZS2MSG,59,65,3,NA,/tangrams/439_336.png,12,59,"[""/tangrams/439_336.png"",""/tangrams/21_297.png"",""/tangrams/21_336.png"",""/tangrams/439_297.png""]"
01JH65VD65V1H7CHMB8R4NZS03,NA,01JH63PE95NWS74AEFR2R546Q2,37,65,2,NA,/tangrams/66_249.png,6,37,"[""/tangrams/275_246.png"",""/tangrams/316_207.png"",""/tangrams/150_87.png"",""/tangrams/66_249.png""]"
01JH67NCEEEFY6Y81QFNHGDRYB,TRUE,01JH63PE95NWS74AEFRCJYXR75,21,65,1,/tangrams/394_453.png,/tangrams/394_453.png,6,21,"[""/tangrams/394_446.png"",""/tangrams/295_453.png"",""/tangrams/295_446.png"",""/tangrams/394_453.png""]"
01JH67NCHE91BD600HKZE8W2AH,TRUE,01JH63PE95NWS74AEFRCJYXR75,53,65,3,/tangrams/394_442.png,/tangrams/394_442.png,6,53,"[""/tangrams/394_442.png"",""/tangrams/394_446.png"",""/tangrams/125_442.png"",""/tangrams/125_446.png""]"
01JH648XQNECPSCJJ78MW2YZ50,TRUE,01JH63H2JBTAXCR944FHYGQ9CS,26,65,1,/tangrams/152_37.png,/tangrams/152_37.png,11,26,"[""/tangrams/370_446.png"",""/tangrams/104_121.png"",""/tangrams/109_248.png"",""/tangrams/152_37.png""]"
01JH64FEZ1VXG5AWZXVS0WAXN2,TRUE,01JH63H2JD2983R4N4PQHD9D3S,4,65,0,/tangrams/119_1.png,/tangrams/119_1.png,5,4,"[""/tangrams/298_143.png"",""/tangrams/293_34.png"",""/tangrams/119_1.png"",""/tangrams/387_466.png""]"
01JH64FEZNCHA47PYCMFD1CDA4,TRUE,01JH63H2JD2983R4N4PQHD9D3S,61,65,3,/tangrams/119_1.png,/tangrams/119_1.png,14,61,"[""/tangrams/119_1.png"",""/tangrams/454_121.png"",""/tangrams/46_217.png"",""/tangrams/332_183.png""]"
01JH64FF11M1H9GMZV0XN6DAQ9,TRUE,01JH63H2JD2983R4N4PQHD9D3S,51,65,3,/tangrams/25_203.png,/tangrams/25_203.png,4,51,"[""/tangrams/454_121.png"",""/tangrams/119_1.png"",""/tangrams/25_203.png"",""/tangrams/298_143.png""]"
01JH64N1D8YY59D2ZP3AWJFKPS,NA,01JH63H2JBTAXCR944FVZS2MSG,52,65,3,NA,/tangrams/333_297.png,5,52,"[""/tangrams/21_297.png"",""/tangrams/21_244.png"",""/tangrams/333_244.png"",""/tangrams/333_297.png""]"
01JH65VD50QX96YWFKVC2484BH,NA,01JH63PE95NWS74AEFR2R546Q2,25,65,1,NA,/tangrams/252_168.png,10,25,"[""/tangrams/252_168.png"",""/tangrams/245_95.png"",""/tangrams/275_246.png"",""/tangrams/129_437.png""]"
01JH64FEZ62QDFPMCDE79K01TA,TRUE,01JH63H2JD2983R4N4PQHD9D3S,6,65,0,/tangrams/46_217.png,/tangrams/46_217.png,7,6,"[""/tangrams/332_183.png"",""/tangrams/25_203.png"",""/tangrams/46_217.png"",""/tangrams/349_314.png""]"
01JH64N1BEY31XZE1STYMEB1NT,FALSE,01JH63H2JBTAXCR944FVZS2MSG,1,65,0,NA,/tangrams/418_134.png,2,1,"[""/tangrams/333_134.png"",""/tangrams/418_297.png"",""/tangrams/418_134.png"",""/tangrams/333_297.png""]"
01JH64N1CY1YH9Y67YY6Q6Q9N3,NA,01JH63H2JBTAXCR944FVZS2MSG,14,65,0,NA,/tangrams/439_297.png,15,14,"[""/tangrams/439_244.png"",""/tangrams/333_297.png"",""/tangrams/439_297.png"",""/tangrams/333_244.png""]"
01JH67NCEZ8B5C905YBQFQ9Q2T,TRUE,01JH63PE95NWS74AEFRCJYXR75,9,65,0,/tangrams/134_439.png,/tangrams/134_439.png,10,9,"[""/tangrams/125_442.png"",""/tangrams/125_439.png"",""/tangrams/134_439.png"",""/tangrams/134_442.png""]"
01JH67NCGBHTNY8K9TRY6JD77C,TRUE,01JH63PE95NWS74AEFRCJYXR75,32,65,2,/tangrams/295_446.png,/tangrams/295_446.png,1,32,"[""/tangrams/295_446.png"",""/tangrams/295_439.png"",""/tangrams/134_446.png"",""/tangrams/134_439.png""]"
01JH648XR68H5ST001S1FFNPXR,TRUE,01JH63H2JBTAXCR944FHYGQ9CS,40,65,2,/tangrams/109_248.png,/tangrams/109_248.png,9,40,"[""/tangrams/370_37.png"",""/tangrams/104_121.png"",""/tangrams/109_248.png"",""/tangrams/152_446.png""]"
01JH64FF0TGKWFJCS21FKCB366,TRUE,01JH63H2JD2983R4N4PQHD9D3S,59,65,3,/tangrams/52_159.png,/tangrams/52_159.png,12,59,"[""/tangrams/52_159.png"",""/tangrams/25_203.png"",""/tangrams/298_143.png"",""/tangrams/177_330.png""]"
01JH64FF12ZRBTVPDWXTRA9CMT,TRUE,01JH63H2JD2983R4N4PQHD9D3S,36,65,2,/tangrams/387_466.png,/tangrams/387_466.png,5,36,"[""/tangrams/387_466.png"",""/tangrams/332_183.png"",""/tangrams/265_219.png"",""/tangrams/148_212.png""]"
01JH67NCGQS2T8Z46EFKN6NEM1,TRUE,01JH63PE95NWS74AEFRCJYXR75,39,65,2,/tangrams/295_439.png,/tangrams/295_439.png,8,39,"[""/tangrams/295_442.png"",""/tangrams/134_442.png"",""/tangrams/134_439.png"",""/tangrams/295_439.png""]"
01JH648XR4W3F6QJNXZDD93H5D,TRUE,01JH63H2JBTAXCR944FHYGQ9CS,56,65,3,/tangrams/370_121.png,/tangrams/370_121.png,9,56,"[""/tangrams/152_37.png"",""/tangrams/104_248.png"",""/tangrams/370_121.png"",""/tangrams/109_446.png""]"
01JH65VD639HZ97FWXV4MT3QJG,NA,01JH63PE95NWS74AEFR2R546Q2,18,65,1,NA,/tangrams/247_434.png,3,18,"[""/tangrams/129_437.png"",""/tangrams/247_434.png"",""/tangrams/189_266.png"",""/tangrams/94_162.png""]"
01JH67NCHVMV4C58CVSDDVY0DM,TRUE,01JH63PE95NWS74AEFRCJYXR75,62,65,3,/tangrams/394_453.png,/tangrams/394_453.png,15,62,"[""/tangrams/394_446.png"",""/tangrams/134_453.png"",""/tangrams/134_446.png"",""/tangrams/394_453.png""]"
01JH648XQH34EW9Y84SG0SQQA0,TRUE,01JH63H2JBTAXCR944FHYGQ9CS,24,65,1,/tangrams/109_37.png,/tangrams/109_37.png,9,24,"[""/tangrams/152_248.png"",""/tangrams/109_37.png"",""/tangrams/104_121.png"",""/tangrams/370_446.png""]"
01JH64FF15HS26T5GW6C3AEPB1,TRUE,01JH63H2JD2983R4N4PQHD9D3S,45,65,2,/tangrams/46_217.png,/tangrams/46_217.png,14,45,"[""/tangrams/177_330.png"",""/tangrams/293_34.png"",""/tangrams/46_217.png"",""/tangrams/343_388.png""]"
01JH65VD5SN95VZ92BVSTV8J3S,NA,01JH63PE95NWS74AEFR2R546Q2,42,65,2,NA,/tangrams/457_432.png,11,42,"[""/tangrams/150_87.png"",""/tangrams/66_249.png"",""/tangrams/457_432.png"",""/tangrams/416_419.png""]"
01JH67NCGJ9Q7BCA1X650QP3WV,TRUE,01JH63PE95NWS74AEFRCJYXR75,34,65,2,/tangrams/295_453.png,/tangrams/295_453.png,3,34,"[""/tangrams/134_453.png"",""/tangrams/134_446.png"",""/tangrams/295_446.png"",""/tangrams/295_453.png""]"
01JH648XQNECPSCJJ77ZMN0CQS,TRUE,01JH63H2JBTAXCR944FHYGQ9CS,18,65,1,/tangrams/152_121.png,/tangrams/152_121.png,3,18,"[""/tangrams/152_121.png"",""/tangrams/104_37.png"",""/tangrams/109_446.png"",""/tangrams/370_248.png""]"
01JH64N1BFNQVFNX8EW5WSHM7C,FALSE,01JH63H2JBTAXCR944FVZS2MSG,0,65,0,NA,/tangrams/21_297.png,1,0,"[""/tangrams/333_297.png"",""/tangrams/21_297.png"",""/tangrams/21_134.png"",""/tangrams/333_134.png""]"
01JH64N1D0YEE4PXEAQPVRVCDP,NA,01JH63H2JBTAXCR944FVZS2MSG,62,65,3,NA,/tangrams/333_244.png,15,62,"[""/tangrams/439_244.png"",""/tangrams/333_134.png"",""/tangrams/439_134.png"",""/tangrams/333_244.png""]"
01JH64N1DQBB530PMQNA7Y6K56,NA,01JH63H2JBTAXCR944FVZS2MSG,44,65,2,NA,/tangrams/439_336.png,13,44,"[""/tangrams/439_134.png"",""/tangrams/418_336.png"",""/tangrams/439_336.png"",""/tangrams/418_134.png""]"
01JH65VD5B9Z75PJGJBRA86VCE,NA,01JH63PE95NWS74AEFR2R546Q2,7,65,0,NA,/tangrams/252_168.png,8,7,"[""/tangrams/94_162.png"",""/tangrams/252_168.png"",""/tangrams/457_432.png"",""/tangrams/335_143.png""]"
01JH648XQ8SH0F0W7KFE88AXBA,TRUE,01JH63H2JBTAXCR944FHYGQ9CS,7,65,0,/tangrams/109_121.png,/tangrams/109_121.png,8,7,"[""/tangrams/109_121.png"",""/tangrams/370_446.png"",""/tangrams/104_37.png"",""/tangrams/152_248.png""]"
01JH648XQCY34DTMQKJHAHJ0GA,TRUE,01JH63H2JBTAXCR944FHYGQ9CS,22,65,1,/tangrams/152_446.png,/tangrams/152_446.png,7,22,"[""/tangrams/152_446.png"",""/tangrams/104_37.png"",""/tangrams/370_248.png"",""/tangrams/109_121.png""]"
01JH64FEZF0SSDDPH6JSJ9Y7X5,TRUE,01JH63H2JD2983R4N4PQHD9D3S,34,65,2,/tangrams/265_219.png,/tangrams/265_219.png,3,34,"[""/tangrams/387_466.png"",""/tangrams/119_1.png"",""/tangrams/96_344.png"",""/tangrams/265_219.png""]"
01JH65VD56J1RNV82B8A6MCPP2,NA,01JH63PE95NWS74AEFR2R546Q2,9,65,0,NA,/tangrams/335_143.png,10,9,"[""/tangrams/66_249.png"",""/tangrams/316_207.png"",""/tangrams/335_143.png"",""/tangrams/377_373.png""]"
01JH648XQ5J782A4DWCYVHTYFW,TRUE,01JH63H2JBTAXCR944FHYGQ9CS,12,65,0,/tangrams/104_121.png,/tangrams/104_121.png,13,12,"[""/tangrams/104_121.png"",""/tangrams/152_248.png"",""/tangrams/370_37.png"",""/tangrams/109_446.png""]"
01JH64FEZCCA3KYZC77JWTCDJH,TRUE,01JH63H2JD2983R4N4PQHD9D3S,8,65,0,/tangrams/265_219.png,/tangrams/265_219.png,9,8,"[""/tangrams/46_217.png"",""/tangrams/148_212.png"",""/tangrams/265_219.png"",""/tangrams/177_330.png""]"
01JH64FF0P49D09TV6V5GMCDPR,TRUE,01JH63H2JD2983R4N4PQHD9D3S,57,65,3,/tangrams/293_34.png,/tangrams/293_34.png,10,57,"[""/tangrams/119_1.png"",""/tangrams/298_143.png"",""/tangrams/293_34.png"",""/tangrams/387_466.png""]"
01JH64FF14NZ900V4K41FS43NT,TRUE,01JH63H2JD2983R4N4PQHD9D3S,47,65,2,/tangrams/332_183.png,/tangrams/332_183.png,16,47,"[""/tangrams/454_121.png"",""/tangrams/332_183.png"",""/tangrams/298_143.png"",""/tangrams/46_217.png""]"
01JH65VD4H91PMQS2B5HGQ27GC,NA,01JH63PE95NWS74AEFR2R546Q2,31,65,1,NA,/tangrams/335_143.png,16,31,"[""/tangrams/49_200.png"",""/tangrams/377_373.png"",""/tangrams/150_87.png"",""/tangrams/335_143.png""]"
01JH648XR7XFEGXY0A10PDY5FN,TRUE,01JH63H2JBTAXCR944FHYGQ9CS,48,65,3,/tangrams/370_37.png,/tangrams/370_37.png,1,48,"[""/tangrams/109_248.png"",""/tangrams/152_121.png"",""/tangrams/104_446.png"",""/tangrams/370_37.png""]"
01JH648XR91KXXE0KTCZFQVPE6,TRUE,01JH63H2JBTAXCR944FHYGQ9CS,45,65,2,/tangrams/152_446.png,/tangrams/152_446.png,14,45,"[""/tangrams/109_248.png"",""/tangrams/370_121.png"",""/tangrams/152_446.png"",""/tangrams/104_37.png""]"
01JH65VD68JBPCMFXJHVRD8X8C,NA,01JH63PE95NWS74AEFR2R546Q2,54,65,3,NA,/tangrams/416_419.png,7,54,"[""/tangrams/369_265.png"",""/tangrams/94_162.png"",""/tangrams/66_249.png"",""/tangrams/416_419.png""]"
01JH67NCG8HNBYS9C7HAEZBWVV,TRUE,01JH63PE95NWS74AEFRCJYXR75,33,65,2,/tangrams/394_442.png,/tangrams/394_442.png,2,33,"[""/tangrams/125_442.png"",""/tangrams/394_453.png"",""/tangrams/125_453.png"",""/tangrams/394_442.png""]"
01JH648XQPVG5YDVEN4H02F88M,TRUE,01JH63H2JBTAXCR944FHYGQ9CS,31,65,1,/tangrams/370_37.png,/tangrams/370_37.png,16,31,"[""/tangrams/370_37.png"",""/tangrams/109_446.png"",""/tangrams/104_121.png"",""/tangrams/152_248.png""]"
01JH648XRAX08417DV2EQMGERC,TRUE,01JH63H2JBTAXCR944FHYGQ9CS,43,65,2,/tangrams/152_248.png,/tangrams/152_248.png,12,43,"[""/tangrams/109_37.png"",""/tangrams/104_446.png"",""/tangrams/152_248.png"",""/tangrams/370_121.png""]"
01JH65VD4D8ZV3PYR1149786F9,NA,01JH63PE95NWS74AEFR2R546Q2,27,65,1,NA,/tangrams/66_249.png,12,27,"[""/tangrams/150_87.png"",""/tangrams/66_249.png"",""/tangrams/369_265.png"",""/tangrams/189_266.png""]"
01JH67NCE8PY9V82ZJBR54GEHH,TRUE,01JH63PE95NWS74AEFRCJYXR75,2,65,0,/tangrams/125_439.png,/tangrams/125_439.png,3,2,"[""/tangrams/125_439.png"",""/tangrams/125_442.png"",""/tangrams/394_442.png"",""/tangrams/394_439.png""]"
01JH648XQ8SH0F0W7KG4BX9XED,TRUE,01JH63H2JBTAXCR944FHYGQ9CS,9,65,0,/tangrams/104_446.png,/tangrams/104_446.png,10,9,"[""/tangrams/152_248.png"",""/tangrams/104_446.png"",""/tangrams/109_121.png"",""/tangrams/370_37.png""]"
01JH64FF0R8D98F7XSBWY819Z5,TRUE,01JH63H2JD2983R4N4PQHD9D3S,15,65,0,/tangrams/298_143.png,/tangrams/298_143.png,16,15,"[""/tangrams/349_314.png"",""/tangrams/298_143.png"",""/tangrams/25_203.png"",""/tangrams/119_1.png""]"
01JH65VD6ADNCNCAJ1RNWNJMS9,NA,01JH63PE95NWS74AEFR2R546Q2,52,65,3,NA,/tangrams/66_249.png,5,52,"[""/tangrams/66_249.png"",""/tangrams/335_143.png"",""/tangrams/416_419.png"",""/tangrams/252_168.png""]"
01JH648XRAX08417DV3JBPQ4HW,TRUE,01JH63H2JBTAXCR944FHYGQ9CS,42,65,2,/tangrams/109_446.png,/tangrams/109_446.png,11,42,"[""/tangrams/104_37.png"",""/tangrams/109_446.png"",""/tangrams/152_248.png"",""/tangrams/370_121.png""]"
01JH64FEYPXT9CCS0DGRS6J4D9,TRUE,01JH63H2JD2983R4N4PQHD9D3S,1,65,0,/tangrams/25_203.png,/tangrams/25_203.png,2,1,"[""/tangrams/450_407.png"",""/tangrams/25_203.png"",""/tangrams/119_1.png"",""/tangrams/96_344.png""]"
01JH64FF0ZK9VN8MVRH41F301G,TRUE,01JH63H2JD2983R4N4PQHD9D3S,52,65,3,/tangrams/46_217.png,/tangrams/46_217.png,5,52,"[""/tangrams/450_407.png"",""/tangrams/46_217.png"",""/tangrams/343_388.png"",""/tangrams/52_159.png""]"
01JH65VD6KXDR47DY4CCBKT19K,NA,01JH63PE95NWS74AEFR2R546Q2,49,65,3,NA,/tangrams/335_143.png,2,49,"[""/tangrams/150_87.png"",""/tangrams/316_207.png"",""/tangrams/189_266.png"",""/tangrams/335_143.png""]"
01JH65VD6QB9NPTGCZP9X3EK96,NA,01JH63PE95NWS74AEFR2R546Q2,58,65,3,NA,/tangrams/252_168.png,11,58,"[""/tangrams/369_265.png"",""/tangrams/252_168.png"",""/tangrams/247_434.png"",""/tangrams/94_162.png""]"
01JH67NCG2CNY8S40FEAKFMV8T,TRUE,01JH63PE95NWS74AEFRCJYXR75,29,65,1,/tangrams/295_453.png,/tangrams/295_453.png,14,29,"[""/tangrams/125_453.png"",""/tangrams/125_442.png"",""/tangrams/295_453.png"",""/tangrams/295_442.png""]"
01JH67NCHP3Z60VQ6XZB6AYC7D,FALSE,01JH63PE95NWS74AEFRCJYXR75,51,65,3,NA,/tangrams/295_442.png,4,51,"[""/tangrams/295_439.png"",""/tangrams/295_442.png"",""/tangrams/125_439.png"",""/tangrams/125_442.png""]"
01JH648XR68H5ST001R067YGDJ,TRUE,01JH63H2JBTAXCR944FHYGQ9CS,17,65,1,/tangrams/104_121.png,/tangrams/104_121.png,2,17,"[""/tangrams/104_121.png"",""/tangrams/370_37.png"",""/tangrams/109_446.png"",""/tangrams/152_248.png""]"
01JH64N1BSKTDPZKNW6EE12597,FALSE,01JH63H2JBTAXCR944FVZS2MSG,3,65,0,NA,/tangrams/333_336.png,4,3,"[""/tangrams/21_134.png"",""/tangrams/333_134.png"",""/tangrams/21_336.png"",""/tangrams/333_336.png""]"
01JH64N1CMCS1BWJ30G7WTFJXN,NA,01JH63H2JBTAXCR944FVZS2MSG,26,65,1,NA,/tangrams/333_244.png,11,26,"[""/tangrams/333_336.png"",""/tangrams/439_336.png"",""/tangrams/333_244.png"",""/tangrams/439_244.png""]"
01JH648XR2C2E3NAA6QAYCC8VC,TRUE,01JH63H2JBTAXCR944FHYGQ9CS,59,65,3,/tangrams/370_446.png,/tangrams/370_446.png,12,59,"[""/tangrams/109_248.png"",""/tangrams/152_121.png"",""/tangrams/104_37.png"",""/tangrams/370_446.png""]"
01JH64N1DNEVNZ0RMRSFP80N5K,NA,01JH63H2JBTAXCR944FVZS2MSG,47,65,2,NA,/tangrams/21_134.png,16,47,"[""/tangrams/418_297.png"",""/tangrams/21_134.png"",""/tangrams/418_134.png"",""/tangrams/21_297.png""]"
01JH64N1DXXA474GDCXSGNBABQ,NA,01JH63H2JBTAXCR944FVZS2MSG,40,65,2,NA,/tangrams/333_336.png,9,40,"[""/tangrams/333_336.png"",""/tangrams/439_134.png"",""/tangrams/439_336.png"",""/tangrams/333_134.png""]"
01JH65VD54WFY5JCDN650Z3CT6,NA,01JH63PE95NWS74AEFR2R546Q2,24,65,1,NA,/tangrams/377_373.png,9,24,"[""/tangrams/316_207.png"",""/tangrams/377_373.png"",""/tangrams/275_246.png"",""/tangrams/245_95.png""]"
01JH65VD5Q3VD5Q1PFPQMESYK1,NA,01JH63PE95NWS74AEFR2R546Q2,21,65,1,NA,/tangrams/316_207.png,6,21,"[""/tangrams/94_162.png"",""/tangrams/316_207.png"",""/tangrams/275_246.png"",""/tangrams/49_200.png""]"
01JH67NCDWJJGBM6XAGPM51GAY,FALSE,01JH63PE95NWS74AEFRCJYXR75,0,65,0,NA,/tangrams/295_453.png,1,0,"[""/tangrams/295_453.png"",""/tangrams/125_453.png"",""/tangrams/295_446.png"",""/tangrams/125_446.png""]"
01JH67NCH889PWJW7GF05BKNZW,TRUE,01JH63PE95NWS74AEFRCJYXR75,44,65,2,/tangrams/394_439.png,/tangrams/394_439.png,13,44,"[""/tangrams/295_442.png"",""/tangrams/394_439.png"",""/tangrams/394_442.png"",""/tangrams/295_439.png""]"
01JH648XRDCSQJNMHS9N64PRRN,TRUE,01JH63H2JBTAXCR944FHYGQ9CS,36,65,2,/tangrams/104_121.png,/tangrams/104_121.png,5,36,"[""/tangrams/370_37.png"",""/tangrams/152_446.png"",""/tangrams/104_121.png"",""/tangrams/109_248.png""]"
01JH64FEZB0WYMP324ARYM3RRZ,TRUE,01JH63H2JD2983R4N4PQHD9D3S,11,65,0,/tangrams/450_407.png,/tangrams/450_407.png,12,11,"[""/tangrams/450_407.png"",""/tangrams/293_34.png"",""/tangrams/349_314.png"",""/tangrams/119_1.png""]"
01JH64N1DVCD8545MXN3AB9XW3,NA,01JH63H2JBTAXCR944FVZS2MSG,45,65,2,NA,/tangrams/21_336.png,14,45,"[""/tangrams/418_336.png"",""/tangrams/418_297.png"",""/tangrams/21_297.png"",""/tangrams/21_336.png""]"
01JH65VD3SPD7EZ2BJN778S4E2,NA,01JH63PE95NWS74AEFR2R546Q2,30,65,1,NA,/tangrams/369_265.png,15,30,"[""/tangrams/247_434.png"",""/tangrams/457_432.png"",""/tangrams/316_207.png"",""/tangrams/369_265.png""]"
01JH65VD4Q6YTF367ZVW6G545Q,FALSE,01JH63PE95NWS74AEFR2R546Q2,4,65,0,NA,/tangrams/275_246.png,5,4,"[""/tangrams/189_266.png"",""/tangrams/457_432.png"",""/tangrams/275_246.png"",""/tangrams/416_419.png""]"
01JH648XQK8RM25456P311CGBA,TRUE,01JH63H2JBTAXCR944FHYGQ9CS,19,65,1,/tangrams/152_248.png,/tangrams/152_248.png,4,19,"[""/tangrams/152_248.png"",""/tangrams/370_446.png"",""/tangrams/104_37.png"",""/tangrams/109_121.png""]"
01JH67NCEXFK7W7883EP3J6761,TRUE,01JH63PE95NWS74AEFRCJYXR75,10,65,0,/tangrams/134_453.png,/tangrams/134_453.png,11,10,"[""/tangrams/134_453.png"",""/tangrams/394_439.png"",""/tangrams/394_453.png"",""/tangrams/134_439.png""]"
01JH648XQTBTP3TP6N3GVHAXN1,TRUE,01JH63H2JBTAXCR944FHYGQ9CS,30,65,1,/tangrams/104_446.png,/tangrams/104_446.png,15,30,"[""/tangrams/104_446.png"",""/tangrams/109_248.png"",""/tangrams/370_37.png"",""/tangrams/152_121.png""]"
01JH648XRDCSQJNMHSAFYJ4JJ9,TRUE,01JH63H2JBTAXCR944FHYGQ9CS,35,65,2,/tangrams/370_446.png,/tangrams/370_446.png,4,35,"[""/tangrams/152_121.png"",""/tangrams/109_37.png"",""/tangrams/370_446.png"",""/tangrams/104_248.png""]"
01JH64FF0TGKWFJCS20PXE3WDB,TRUE,01JH63H2JD2983R4N4PQHD9D3S,12,65,0,/tangrams/52_159.png,/tangrams/52_159.png,13,12,"[""/tangrams/46_217.png"",""/tangrams/343_388.png"",""/tangrams/148_212.png"",""/tangrams/52_159.png""]"
01JH65VD521DN8A036TF4DBRAW,NA,01JH63PE95NWS74AEFR2R546Q2,11,65,0,NA,/tangrams/416_419.png,12,11,"[""/tangrams/416_419.png"",""/tangrams/247_434.png"",""/tangrams/457_432.png"",""/tangrams/252_168.png""]"
01JH65VD7K6CE45EY65Y9RNASS,NA,01JH63PE95NWS74AEFR2R546Q2,17,65,1,NA,/tangrams/275_246.png,2,17,"[""/tangrams/94_162.png"",""/tangrams/129_437.png"",""/tangrams/275_246.png"",""/tangrams/189_266.png""]"
01JH67NCJ1DGM8CQE0BA4XXNW0,TRUE,01JH63PE95NWS74AEFRCJYXR75,60,65,3,/tangrams/125_453.png,/tangrams/125_453.png,13,60,"[""/tangrams/125_446.png"",""/tangrams/125_453.png"",""/tangrams/295_453.png"",""/tangrams/295_446.png""]"
01JH648XR547ZA12M4QSCPM2WZ,TRUE,01JH63H2JBTAXCR944FHYGQ9CS,52,65,3,/tangrams/109_446.png,/tangrams/109_446.png,5,52,"[""/tangrams/104_121.png"",""/tangrams/370_37.png"",""/tangrams/152_248.png"",""/tangrams/109_446.png""]"
01JH648XRBATSM7Z3YGFFKHYW2,FALSE,01JH63H2JBTAXCR944FHYGQ9CS,34,65,2,/tangrams/109_446.png,/tangrams/370_121.png,3,34,"[""/tangrams/104_248.png"",""/tangrams/152_37.png"",""/tangrams/109_446.png"",""/tangrams/370_121.png""]"
01JH64FEZMK4AWB1W03BHYCVHS,TRUE,01JH63H2JD2983R4N4PQHD9D3S,63,65,3,/tangrams/343_388.png,/tangrams/343_388.png,16,63,"[""/tangrams/96_344.png"",""/tangrams/450_407.png"",""/tangrams/265_219.png"",""/tangrams/343_388.png""]"
01JH64FF166C8NDJ91ENJ6VHEJ,TRUE,01JH63H2JD2983R4N4PQHD9D3S,44,65,2,/tangrams/454_121.png,/tangrams/454_121.png,13,44,"[""/tangrams/52_159.png"",""/tangrams/46_217.png"",""/tangrams/119_1.png"",""/tangrams/454_121.png""]"
01JH64N1CPBBXMT2AWT9G9NQ6G,NA,01JH63H2JBTAXCR944FVZS2MSG,23,65,1,NA,/tangrams/21_336.png,8,23,"[""/tangrams/439_336.png"",""/tangrams/21_336.png"",""/tangrams/439_297.png"",""/tangrams/21_297.png""]"
01JH65VD66H369N1ZH8GW676MS,NA,01JH63PE95NWS74AEFR2R546Q2,36,65,2,NA,/tangrams/369_265.png,5,36,"[""/tangrams/457_432.png"",""/tangrams/369_265.png"",""/tangrams/66_249.png"",""/tangrams/129_437.png""]"
01JH67NCFT1YWPADNVDWRZX820,TRUE,01JH63PE95NWS74AEFRCJYXR75,13,65,0,/tangrams/125_453.png,/tangrams/125_453.png,14,13,"[""/tangrams/295_453.png"",""/tangrams/125_453.png"",""/tangrams/295_442.png"",""/tangrams/125_442.png""]"
01JH648XRAX08417DV49RYVEK4,TRUE,01JH63H2JBTAXCR944FHYGQ9CS,41,65,2,/tangrams/109_121.png,/tangrams/109_121.png,10,41,"[""/tangrams/104_37.png"",""/tangrams/370_446.png"",""/tangrams/152_248.png"",""/tangrams/109_121.png""]"
01JH64FF0YCMRM5MHX0N7P352Z,TRUE,01JH63H2JD2983R4N4PQHD9D3S,53,65,3,/tangrams/454_121.png,/tangrams/454_121.png,6,53,"[""/tangrams/387_466.png"",""/tangrams/293_34.png"",""/tangrams/454_121.png"",""/tangrams/265_219.png""]"
01JH64FF17HH0C0SX0X45YN33V,TRUE,01JH63H2JD2983R4N4PQHD9D3S,25,65,1,/tangrams/52_159.png,/tangrams/52_159.png,10,25,"[""/tangrams/96_344.png"",""/tangrams/148_212.png"",""/tangrams/52_159.png"",""/tangrams/387_466.png""]"
01JH64N1CXRD5MG6BKHSAH7FEG,NA,01JH63H2JBTAXCR944FVZS2MSG,15,65,0,NA,/tangrams/333_297.png,16,15,"[""/tangrams/333_297.png"",""/tangrams/418_244.png"",""/tangrams/418_297.png"",""/tangrams/333_244.png""]"
01JH65VD5R0F3FHM61ZMNNME04,NA,01JH63PE95NWS74AEFR2R546Q2,43,65,2,NA,/tangrams/49_200.png,12,43,"[""/tangrams/49_200.png"",""/tangrams/369_265.png"",""/tangrams/66_249.png"",""/tangrams/94_162.png""]"
01JH64FEZAMD5PJKS30H503DYQ,TRUE,01JH63H2JD2983R4N4PQHD9D3S,9,65,0,/tangrams/177_330.png,/tangrams/177_330.png,10,9,"[""/tangrams/46_217.png"",""/tangrams/293_34.png"",""/tangrams/52_159.png"",""/tangrams/177_330.png""]"
01JH64FF1ATBQCK98SVV40PHJS,TRUE,01JH63H2JD2983R4N4PQHD9D3S,21,65,1,/tangrams/148_212.png,/tangrams/148_212.png,6,21,"[""/tangrams/450_407.png"",""/tangrams/148_212.png"",""/tangrams/46_217.png"",""/tangrams/298_143.png""]"
01JH64N1C0JEVAJG7D742S0K4E,NA,01JH63H2JBTAXCR944FVZS2MSG,9,65,0,NA,/tangrams/439_244.png,10,9,"[""/tangrams/418_244.png"",""/tangrams/439_244.png"",""/tangrams/418_336.png"",""/tangrams/439_336.png""]"
01JH65VD53VGQKGF9EVSQCSQR2,NA,01JH63PE95NWS74AEFR2R546Q2,10,65,0,NA,/tangrams/129_437.png,11,10,"[""/tangrams/66_249.png"",""/tangrams/247_434.png"",""/tangrams/129_437.png"",""/tangrams/377_373.png""]"
01JH65VD6HFMA22G33R0R092N2,NA,01JH63PE95NWS74AEFR2R546Q2,59,65,3,NA,/tangrams/94_162.png,12,59,"[""/tangrams/416_419.png"",""/tangrams/129_437.png"",""/tangrams/94_162.png"",""/tangrams/377_373.png""]"
01JH67NCGWYCDZKNCHPXB5FK5H,TRUE,01JH63PE95NWS74AEFRCJYXR75,57,65,3,/tangrams/134_453.png,/tangrams/134_453.png,10,57,"[""/tangrams/134_446.png"",""/tangrams/125_446.png"",""/tangrams/125_453.png"",""/tangrams/134_453.png""]"
01JH648XNWJSJJCQMKKEZN4072,TRUE,01JH63H2JBTAXCR944FHYGQ9CS,2,65,0,/tangrams/370_121.png,/tangrams/370_121.png,3,2,"[""/tangrams/152_446.png"",""/tangrams/109_248.png"",""/tangrams/370_121.png"",""/tangrams/104_37.png""]"
01JH648XQYYMFF723ZNDKTBPQ9,TRUE,01JH63H2JBTAXCR944FHYGQ9CS,54,65,3,/tangrams/109_121.png,/tangrams/109_121.png,7,54,"[""/tangrams/370_37.png"",""/tangrams/152_248.png"",""/tangrams/104_446.png"",""/tangrams/109_121.png""]"
01JH64N1DK80F9KERTREFJ2R0E,NA,01JH63H2JBTAXCR944FVZS2MSG,49,65,3,NA,/tangrams/333_134.png,2,49,"[""/tangrams/21_244.png"",""/tangrams/333_134.png"",""/tangrams/21_134.png"",""/tangrams/333_244.png""]"
01JH64N1DMJC6DNJR6CEPRP1AD,NA,01JH63H2JBTAXCR944FVZS2MSG,48,65,3,NA,/tangrams/439_134.png,1,48,"[""/tangrams/333_134.png"",""/tangrams/439_244.png"",""/tangrams/333_244.png"",""/tangrams/439_134.png""]"
01JH65VD76ZW7J0VEH90QZR9WX,NA,01JH63PE95NWS74AEFR2R546Q2,63,65,3,NA,/tangrams/189_266.png,16,63,"[""/tangrams/377_373.png"",""/tangrams/457_432.png"",""/tangrams/247_434.png"",""/tangrams/189_266.png""]"
01JH65VD5DP7NHFVZEAMD1SRRF,NA,01JH63PE95NWS74AEFR2R546Q2,22,65,1,NA,/tangrams/457_432.png,7,22,"[""/tangrams/335_143.png"",""/tangrams/457_432.png"",""/tangrams/189_266.png"",""/tangrams/66_249.png""]"
01JH67NCGGWMQB58V6876RK8CK,TRUE,01JH63PE95NWS74AEFRCJYXR75,35,65,2,/tangrams/134_453.png,/tangrams/134_453.png,4,35,"[""/tangrams/134_439.png"",""/tangrams/134_453.png"",""/tangrams/394_453.png"",""/tangrams/394_439.png""]"
01JH648XQBSP3T8ZMCX40K74YM,TRUE,01JH63H2JBTAXCR944FHYGQ9CS,15,65,0,/tangrams/152_37.png,/tangrams/152_37.png,16,15,"[""/tangrams/152_37.png"",""/tangrams/109_121.png"",""/tangrams/370_446.png"",""/tangrams/104_248.png""]"
01JH64FEZJ02XBZNPMQREJ1HXR,FALSE,01JH63H2JD2983R4N4PQHD9D3S,41,65,2,/tangrams/332_183.png,/tangrams/177_330.png,10,41,"[""/tangrams/177_330.png"",""/tangrams/25_203.png"",""/tangrams/387_466.png"",""/tangrams/332_183.png""]"
01JH64FF0W77E2F12PRF9S88NJ,TRUE,01JH63H2JD2983R4N4PQHD9D3S,56,65,3,/tangrams/387_466.png,/tangrams/387_466.png,9,56,"[""/tangrams/454_121.png"",""/tangrams/332_183.png"",""/tangrams/387_466.png"",""/tangrams/148_212.png""]"
01JH64N1C1QPFNHN2F5R76C093,NA,01JH63H2JBTAXCR944FVZS2MSG,12,65,0,NA,/tangrams/418_297.png,13,12,"[""/tangrams/418_244.png"",""/tangrams/418_297.png"",""/tangrams/21_297.png"",""/tangrams/21_244.png""]"
01JH64N1D9YD5NBA7Q5Z2W53XE,NA,01JH63H2JBTAXCR944FVZS2MSG,56,65,3,NA,/tangrams/418_244.png,9,56,"[""/tangrams/333_244.png"",""/tangrams/418_134.png"",""/tangrams/333_134.png"",""/tangrams/418_244.png""]"
01JH67NCEBKCXPVBSVA3TCC6QN,TRUE,01JH63PE95NWS74AEFRCJYXR75,7,65,0,/tangrams/125_446.png,/tangrams/125_446.png,8,7,"[""/tangrams/295_453.png"",""/tangrams/125_446.png"",""/tangrams/295_446.png"",""/tangrams/125_453.png""]"
01JH64FEZNCHA47PYCKN9S6H7Q,TRUE,01JH63H2JD2983R4N4PQHD9D3S,38,65,2,/tangrams/298_143.png,/tangrams/298_143.png,7,38,"[""/tangrams/454_121.png"",""/tangrams/119_1.png"",""/tangrams/298_143.png"",""/tangrams/177_330.png""]"
01JH64FF18TBD71CQAE8S85KEQ,TRUE,01JH63H2JD2983R4N4PQHD9D3S,23,65,1,/tangrams/454_121.png,/tangrams/454_121.png,8,23,"[""/tangrams/454_121.png"",""/tangrams/332_183.png"",""/tangrams/52_159.png"",""/tangrams/343_388.png""]"
01JH65VD3Q1ZC2VEJ4ECE5FS1V,NA,01JH63PE95NWS74AEFR2R546Q2,32,65,2,NA,/tangrams/416_419.png,1,32,"[""/tangrams/457_432.png"",""/tangrams/129_437.png"",""/tangrams/416_419.png"",""/tangrams/94_162.png""]"
01JH65VD5C88BX5PNS2NJPM7JR,NA,01JH63PE95NWS74AEFR2R546Q2,6,65,0,NA,/tangrams/150_87.png,7,6,"[""/tangrams/335_143.png"",""/tangrams/129_437.png"",""/tangrams/245_95.png"",""/tangrams/150_87.png""]"
01JH64FF0S76RAMMMRWK89T6P3,TRUE,01JH63H2JD2983R4N4PQHD9D3S,13,65,0,/tangrams/387_466.png,/tangrams/387_466.png,14,13,"[""/tangrams/387_466.png"",""/tangrams/298_143.png"",""/tangrams/148_212.png"",""/tangrams/96_344.png""]"
01JH67NCFD68KA9WXFQSS09CJN,TRUE,01JH63PE95NWS74AEFRCJYXR75,20,65,1,/tangrams/134_453.png,/tangrams/134_453.png,5,20,"[""/tangrams/125_446.png"",""/tangrams/125_453.png"",""/tangrams/134_446.png"",""/tangrams/134_453.png""]"
01JH67NCGZ4XA8DCDNGGE0H5WD,TRUE,01JH63PE95NWS74AEFRCJYXR75,46,65,2,/tangrams/134_442.png,/tangrams/134_442.png,15,46,"[""/tangrams/394_442.png"",""/tangrams/134_442.png"",""/tangrams/394_453.png"",""/tangrams/134_453.png""]"
01JH64FF0HQXNBYXGRPFPCMFAE,TRUE,01JH63H2JD2983R4N4PQHD9D3S,60,65,3,/tangrams/177_330.png,/tangrams/177_330.png,13,60,"[""/tangrams/46_217.png"",""/tangrams/177_330.png"",""/tangrams/298_143.png"",""/tangrams/52_159.png""]"
01JH65VD7485WPJ2X5KY95Y1FA,NA,01JH63PE95NWS74AEFR2R546Q2,56,65,3,NA,/tangrams/316_207.png,9,56,"[""/tangrams/247_434.png"",""/tangrams/49_200.png"",""/tangrams/316_207.png"",""/tangrams/335_143.png""]"
01JH67NCJ54MQ52TPFB5S0YF8M,TRUE,01JH63PE95NWS74AEFRCJYXR75,59,65,3,/tangrams/134_442.png,/tangrams/134_442.png,12,59,"[""/tangrams/134_446.png"",""/tangrams/134_442.png"",""/tangrams/125_446.png"",""/tangrams/125_442.png""]"
01JH64N1C2WXMQBKM824Z8N6JB,NA,01JH63H2JBTAXCR944FVZS2MSG,11,65,0,NA,/tangrams/418_244.png,12,11,"[""/tangrams/418_297.png"",""/tangrams/333_244.png"",""/tangrams/418_244.png"",""/tangrams/333_297.png""]"
01JH65VD6D5TZS5SHKJEWRDZ2D,NA,01JH63PE95NWS74AEFR2R546Q2,51,65,3,NA,/tangrams/245_95.png,4,51,"[""/tangrams/150_87.png"",""/tangrams/377_373.png"",""/tangrams/245_95.png"",""/tangrams/129_437.png""]"
01JH67NCEDKJP3YJQRX28M06GX,TRUE,01JH63PE95NWS74AEFRCJYXR75,25,65,1,/tangrams/295_442.png,/tangrams/295_442.png,10,25,"[""/tangrams/394_446.png"",""/tangrams/394_442.png"",""/tangrams/295_442.png"",""/tangrams/295_446.png""]"
01JH67NCFWSZKDFYZMDEWW665N,TRUE,01JH63PE95NWS74AEFRCJYXR75,26,65,1,/tangrams/125_446.png,/tangrams/125_446.png,11,26,"[""/tangrams/295_446.png"",""/tangrams/125_446.png"",""/tangrams/295_439.png"",""/tangrams/125_439.png""]"
01JH67NCHJ73WCDSXKXSVMHRKY,TRUE,01JH63PE95NWS74AEFRCJYXR75,52,65,3,/tangrams/295_453.png,/tangrams/295_453.png,5,52,"[""/tangrams/295_442.png"",""/tangrams/134_442.png"",""/tangrams/295_453.png"",""/tangrams/134_453.png""]"
01JH648XR7XFEGXY0A09B021XM,TRUE,01JH63H2JBTAXCR944FHYGQ9CS,49,65,3,/tangrams/109_37.png,/tangrams/109_37.png,2,49,"[""/tangrams/109_37.png"",""/tangrams/152_248.png"",""/tangrams/104_121.png"",""/tangrams/370_446.png""]"
01JH64N1D659M4WR46D1FV4BYX,NA,01JH63H2JBTAXCR944FVZS2MSG,58,65,3,NA,/tangrams/333_336.png,11,58,"[""/tangrams/21_336.png"",""/tangrams/21_297.png"",""/tangrams/333_336.png"",""/tangrams/333_297.png""]"
01JH65VD3BDPWR04AN2XFBY7AV,NA,01JH63PE95NWS74AEFR2R546Q2,34,65,2,NA,/tangrams/316_207.png,3,34,"[""/tangrams/316_207.png"",""/tangrams/275_246.png"",""/tangrams/369_265.png"",""/tangrams/129_437.png""]"
01JH67NCDTKDHGBBGCFM0N423V,FALSE,01JH63PE95NWS74AEFRCJYXR75,1,65,0,/tangrams/394_446.png,/tangrams/125_442.png,2,1,"[""/tangrams/125_446.png"",""/tangrams/125_442.png"",""/tangrams/394_446.png"",""/tangrams/394_442.png""]"
01JH67NCG0H0QR7906WDRVBCDB,FALSE,01JH63PE95NWS74AEFRCJYXR75,28,65,1,/tangrams/394_442.png,/tangrams/394_439.png,13,28,"[""/tangrams/394_439.png"",""/tangrams/134_442.png"",""/tangrams/134_439.png"",""/tangrams/394_442.png""]"
01JH67NCH5RJXAS01TNK8JDXB2,TRUE,01JH63PE95NWS74AEFRCJYXR75,55,65,3,/tangrams/125_442.png,/tangrams/125_442.png,8,55,"[""/tangrams/125_453.png"",""/tangrams/134_453.png"",""/tangrams/125_442.png"",""/tangrams/134_442.png""]"
01JH67NCHWWKGSD71BV4HXF0W6,TRUE,01JH63PE95NWS74AEFRCJYXR75,49,65,3,/tangrams/125_446.png,/tangrams/125_446.png,2,49,"[""/tangrams/125_439.png"",""/tangrams/134_446.png"",""/tangrams/125_446.png"",""/tangrams/134_439.png""]"
01JH648XQ6N9X4SVT5NAJMNMHA,TRUE,01JH63H2JBTAXCR944FHYGQ9CS,13,65,0,/tangrams/370_37.png,/tangrams/370_37.png,14,13,"[""/tangrams/370_37.png"",""/tangrams/152_248.png"",""/tangrams/109_121.png"",""/tangrams/104_446.png""]"
01JH64N1CQ556A8F2GWD410H1S,NA,01JH63H2JBTAXCR944FVZS2MSG,22,65,1,NA,/tangrams/418_297.png,7,22,"[""/tangrams/21_297.png"",""/tangrams/21_336.png"",""/tangrams/418_297.png"",""/tangrams/418_336.png""]"
01JH64N1CSYJW6Q8BX1QK9QFPA,NA,01JH63H2JBTAXCR944FVZS2MSG,20,65,1,NA,/tangrams/439_336.png,5,20,"[""/tangrams/439_134.png"",""/tangrams/439_336.png"",""/tangrams/418_336.png"",""/tangrams/418_134.png""]"
01JH64N1BWHPD6TEWE7X2S64KY,NA,01JH63H2JBTAXCR944FVZS2MSG,5,65,0,NA,/tangrams/333_244.png,6,5,"[""/tangrams/333_244.png"",""/tangrams/418_297.png"",""/tangrams/333_297.png"",""/tangrams/418_244.png""]"
01JH65VD57DZNMWRANXCR5BQ0J,NA,01JH63PE95NWS74AEFR2R546Q2,8,65,0,NA,/tangrams/316_207.png,9,8,"[""/tangrams/245_95.png"",""/tangrams/416_419.png"",""/tangrams/129_437.png"",""/tangrams/316_207.png""]"
01JH64FF0W77E2F12PS9D8GA4S,TRUE,01JH63H2JD2983R4N4PQHD9D3S,55,65,3,/tangrams/450_407.png,/tangrams/450_407.png,8,55,"[""/tangrams/293_34.png"",""/tangrams/450_407.png"",""/tangrams/52_159.png"",""/tangrams/387_466.png""]"
01JH64N1CW1DD7HMEQTQXX07JE,NA,01JH63H2JBTAXCR944FVZS2MSG,16,65,1,NA,/tangrams/21_244.png,1,16,"[""/tangrams/418_134.png"",""/tangrams/21_134.png"",""/tangrams/418_244.png"",""/tangrams/21_244.png""]"
01JH65VD3DM3W4V820YFPDB33P,NA,01JH63PE95NWS74AEFR2R546Q2,26,65,1,NA,/tangrams/416_419.png,11,26,"[""/tangrams/66_249.png"",""/tangrams/457_432.png"",""/tangrams/189_266.png"",""/tangrams/416_419.png""]"
01JH648XQJJHDW0RBNKG124Q9A,TRUE,01JH63H2JBTAXCR944FHYGQ9CS,21,65,1,/tangrams/109_446.png,/tangrams/109_446.png,6,21,"[""/tangrams/152_37.png"",""/tangrams/104_248.png"",""/tangrams/109_446.png"",""/tangrams/370_121.png""]"
01JH64FF13RAC9R5TASE5Q7SNR,TRUE,01JH63H2JD2983R4N4PQHD9D3S,49,65,3,/tangrams/298_143.png,/tangrams/298_143.png,2,49,"[""/tangrams/265_219.png"",""/tangrams/119_1.png"",""/tangrams/450_407.png"",""/tangrams/298_143.png""]"
01JH65VD3AJ4BZ4CR2E2TQ6W6W,NA,01JH63PE95NWS74AEFR2R546Q2,33,65,2,NA,/tangrams/247_434.png,2,33,"[""/tangrams/457_432.png"",""/tangrams/66_249.png"",""/tangrams/247_434.png"",""/tangrams/129_437.png""]"
01JH65VD5YFN67RTBHAJZ0QQ03,NA,01JH63PE95NWS74AEFR2R546Q2,40,65,2,NA,/tangrams/252_168.png,9,40,"[""/tangrams/335_143.png"",""/tangrams/377_373.png"",""/tangrams/252_168.png"",""/tangrams/369_265.png""]"
01JH65VD7A94QMD7MW39M5JTJE,NA,01JH63PE95NWS74AEFR2R546Q2,61,65,3,NA,/tangrams/377_373.png,14,61,"[""/tangrams/377_373.png"",""/tangrams/275_246.png"",""/tangrams/150_87.png"",""/tangrams/416_419.png""]"
01JH67NCJ6J4BWE5XSRHAP0HFT,TRUE,01JH63PE95NWS74AEFRCJYXR75,58,65,3,/tangrams/134_439.png,/tangrams/134_439.png,11,58,"[""/tangrams/134_439.png"",""/tangrams/295_439.png"",""/tangrams/134_442.png"",""/tangrams/295_442.png""]"
01JH67NCFRVG1H4RAXASAFYEC9,TRUE,01JH63PE95NWS74AEFRCJYXR75,14,65,0,/tangrams/394_446.png,/tangrams/394_446.png,15,14,"[""/tangrams/134_442.png"",""/tangrams/394_446.png"",""/tangrams/134_446.png"",""/tangrams/394_442.png""]"
01JH64N1BDCRDZDZPBR7Q48BT2,FALSE,01JH63H2JBTAXCR944FVZS2MSG,2,65,0,NA,/tangrams/21_134.png,3,2,"[""/tangrams/333_134.png"",""/tangrams/21_134.png"",""/tangrams/333_336.png"",""/tangrams/21_336.png""]"
01JH64N1C7X9ZP4TVF7B3ZNTPZ,NA,01JH63H2JBTAXCR944FVZS2MSG,39,65,2,NA,/tangrams/418_134.png,8,39,"[""/tangrams/333_297.png"",""/tangrams/418_134.png"",""/tangrams/333_134.png"",""/tangrams/418_297.png""]"
01JH64N1CAM4V6CQ7JS71YQAYE,NA,01JH63H2JBTAXCR944FVZS2MSG,31,65,1,NA,/tangrams/21_134.png,16,31,"[""/tangrams/21_336.png"",""/tangrams/21_134.png"",""/tangrams/439_134.png"",""/tangrams/439_336.png""]"
01JH64N1CBV3884YEBAHBY9XB3,NA,01JH63H2JBTAXCR944FVZS2MSG,37,65,2,NA,/tangrams/418_297.png,6,37,"[""/tangrams/418_297.png"",""/tangrams/21_297.png"",""/tangrams/21_336.png"",""/tangrams/418_336.png""]"
01JH64N1CRWB8NNHK08NYFVHV6,NA,01JH63H2JBTAXCR944FVZS2MSG,21,65,1,NA,/tangrams/333_336.png,6,21,"[""/tangrams/418_134.png"",""/tangrams/333_134.png"",""/tangrams/333_336.png"",""/tangrams/418_336.png""]"
01JH64N1CT61TXES1AMFQCD866,NA,01JH63H2JBTAXCR944FVZS2MSG,18,65,1,NA,/tangrams/418_244.png,3,18,"[""/tangrams/418_244.png"",""/tangrams/418_336.png"",""/tangrams/21_336.png"",""/tangrams/21_244.png""]"
01JH65VD7CFV230Q6WSQ62RHV2,NA,01JH63PE95NWS74AEFR2R546Q2,60,65,3,NA,/tangrams/369_265.png,13,60,"[""/tangrams/369_265.png"",""/tangrams/150_87.png"",""/tangrams/275_246.png"",""/tangrams/129_437.png""]"
01JH648XREEQGV7574187432RM,TRUE,01JH63H2JBTAXCR944FHYGQ9CS,32,65,2,/tangrams/370_248.png,/tangrams/370_248.png,1,32,"[""/tangrams/104_37.png"",""/tangrams/370_248.png"",""/tangrams/152_121.png"",""/tangrams/109_446.png""]"
01JH64FEYN774HFAB6J1B9GETN,FALSE,01JH63H2JD2983R4N4PQHD9D3S,0,65,0,NA,/tangrams/148_212.png,1,0,"[""/tangrams/148_212.png"",""/tangrams/450_407.png"",""/tangrams/119_1.png"",""/tangrams/96_344.png""]"
01JH64N1BTR846EZ2N0GK4QTVG,NA,01JH63H2JBTAXCR944FVZS2MSG,4,65,0,NA,/tangrams/439_134.png,5,4,"[""/tangrams/439_134.png"",""/tangrams/418_244.png"",""/tangrams/418_134.png"",""/tangrams/439_244.png""]"
01JH64N1CNP0K1046JE8178YPA,NA,01JH63H2JBTAXCR944FVZS2MSG,24,65,1,NA,/tangrams/418_134.png,9,24,"[""/tangrams/418_134.png"",""/tangrams/21_244.png"",""/tangrams/418_244.png"",""/tangrams/21_134.png""]"
01JH65VD6TCPJV60KZVXM5D772,NA,01JH63PE95NWS74AEFR2R546Q2,47,65,2,NA,/tangrams/377_373.png,16,47,"[""/tangrams/49_200.png"",""/tangrams/189_266.png"",""/tangrams/377_373.png"",""/tangrams/245_95.png""]"
01JH67NCGNJDCQ1FYCV1T80RZ7,TRUE,01JH63PE95NWS74AEFRCJYXR75,40,65,2,/tangrams/125_446.png,/tangrams/125_446.png,9,40,"[""/tangrams/394_442.png"",""/tangrams/394_446.png"",""/tangrams/125_446.png"",""/tangrams/125_442.png""]"
01JH648XQ6N9X4SVT5P0A37D95,TRUE,01JH63H2JBTAXCR944FHYGQ9CS,11,65,0,/tangrams/370_446.png,/tangrams/370_446.png,12,11,"[""/tangrams/370_446.png"",""/tangrams/104_248.png"",""/tangrams/109_121.png"",""/tangrams/152_37.png""]"
01JH648XRC1Y6QSD0DN5WS0MYT,TRUE,01JH63H2JBTAXCR944FHYGQ9CS,37,65,2,/tangrams/152_37.png,/tangrams/152_37.png,6,37,"[""/tangrams/109_248.png"",""/tangrams/370_121.png"",""/tangrams/104_446.png"",""/tangrams/152_37.png""]"
01JH64FF0J30M0C145HS6ANDEE,TRUE,01JH63H2JD2983R4N4PQHD9D3S,16,65,1,/tangrams/293_34.png,/tangrams/293_34.png,1,16,"[""/tangrams/52_159.png"",""/tangrams/349_314.png"",""/tangrams/293_34.png"",""/tangrams/46_217.png""]"
01JH64FF0S76RAMMMRW0XQF3KC,TRUE,01JH63H2JD2983R4N4PQHD9D3S,14,65,0,/tangrams/332_183.png,/tangrams/332_183.png,15,14,"[""/tangrams/25_203.png"",""/tangrams/46_217.png"",""/tangrams/349_314.png"",""/tangrams/332_183.png""]"
01JH67NCF7HBJXWRTEY0JR00BQ,TRUE,01JH63PE95NWS74AEFRCJYXR75,22,65,1,/tangrams/394_442.png,/tangrams/394_442.png,7,22,"[""/tangrams/134_446.png"",""/tangrams/394_446.png"",""/tangrams/394_442.png"",""/tangrams/134_442.png""]"
01JH648XQR2APG2KQ3NHC5QBDR,TRUE,01JH63H2JBTAXCR944FHYGQ9CS,27,65,1,/tangrams/104_37.png,/tangrams/104_37.png,12,27,"[""/tangrams/152_121.png"",""/tangrams/109_446.png"",""/tangrams/104_37.png"",""/tangrams/370_248.png""]"
01JH64N1CCDFMJS2A7844JNB5X,NA,01JH63H2JBTAXCR944FVZS2MSG,30,65,1,NA,/tangrams/439_134.png,15,30,"[""/tangrams/439_134.png"",""/tangrams/21_244.png"",""/tangrams/439_244.png"",""/tangrams/21_134.png""]"
01JH64N1CG8DWW8P3N5ZP75N24,NA,01JH63H2JBTAXCR944FVZS2MSG,27,65,1,NA,/tangrams/333_297.png,12,27,"[""/tangrams/333_336.png"",""/tangrams/439_336.png"",""/tangrams/333_297.png"",""/tangrams/439_297.png""]"
01JH65VD7HA46DEPTDA7YM4ZRM,NA,01JH63PE95NWS74AEFR2R546Q2,16,65,1,NA,/tangrams/94_162.png,1,16,"[""/tangrams/189_266.png"",""/tangrams/94_162.png"",""/tangrams/377_373.png"",""/tangrams/369_265.png""]"
01JH64FEZHP289JRMYZE4H5Y6R,TRUE,01JH63H2JD2983R4N4PQHD9D3S,42,65,2,/tangrams/349_314.png,/tangrams/349_314.png,11,42,"[""/tangrams/454_121.png"",""/tangrams/349_314.png"",""/tangrams/46_217.png"",""/tangrams/177_330.png""]"
01JH64FF0N63M7JR3XVE1AK1Q3,TRUE,01JH63H2JD2983R4N4PQHD9D3S,62,65,3,/tangrams/265_219.png,/tangrams/265_219.png,15,62,"[""/tangrams/265_219.png"",""/tangrams/119_1.png"",""/tangrams/298_143.png"",""/tangrams/96_344.png""]"
01JH64FF0QAYRHQ1RE7S7Z8DY3,TRUE,01JH63H2JD2983R4N4PQHD9D3S,18,65,1,/tangrams/25_203.png,/tangrams/25_203.png,3,18,"[""/tangrams/177_330.png"",""/tangrams/298_143.png"",""/tangrams/119_1.png"",""/tangrams/25_203.png""]"
01JH67NCFBWTBC9XDPX8S23WXR,TRUE,01JH63PE95NWS74AEFRCJYXR75,4,65,0,/tangrams/295_442.png,/tangrams/295_442.png,5,4,"[""/tangrams/295_442.png"",""/tangrams/125_442.png"",""/tangrams/125_453.png"",""/tangrams/295_453.png""]"
01JH648XQJJHDW0RBNMJ8ABCNT,TRUE,01JH63H2JBTAXCR944FHYGQ9CS,20,65,1,/tangrams/109_248.png,/tangrams/109_248.png,5,20,"[""/tangrams/109_248.png"",""/tangrams/104_37.png"",""/tangrams/370_446.png"",""/tangrams/152_121.png""]"
01JH64FF0ZK9VN8MVRG9C7E5P5,TRUE,01JH63H2JD2983R4N4PQHD9D3S,29,65,1,/tangrams/119_1.png,/tangrams/119_1.png,14,29,"[""/tangrams/265_219.png"",""/tangrams/148_212.png"",""/tangrams/293_34.png"",""/tangrams/119_1.png""]"
01JH65VD609AEHZ3T8FVS9W730,NA,01JH63PE95NWS74AEFR2R546Q2,39,65,2,NA,/tangrams/94_162.png,8,39,"[""/tangrams/94_162.png"",""/tangrams/247_434.png"",""/tangrams/369_265.png"",""/tangrams/335_143.png""]"
01JH64FEYKK2YNWKXQ99CETKE0,TRUE,01JH63H2JD2983R4N4PQHD9D3S,2,65,0,/tangrams/454_121.png,/tangrams/454_121.png,3,2,"[""/tangrams/46_217.png"",""/tangrams/332_183.png"",""/tangrams/454_121.png"",""/tangrams/25_203.png""]"
01JH64FF13RAC9R5TATDZZCFSG,TRUE,01JH63H2JD2983R4N4PQHD9D3S,48,65,3,/tangrams/332_183.png,/tangrams/332_183.png,1,48,"[""/tangrams/25_203.png"",""/tangrams/332_183.png"",""/tangrams/454_121.png"",""/tangrams/148_212.png""]"
01JH64N1DHZYYY77WHP4GJEZZT,NA,01JH63H2JBTAXCR944FVZS2MSG,50,65,3,NA,/tangrams/418_336.png,3,50,"[""/tangrams/333_336.png"",""/tangrams/418_336.png"",""/tangrams/333_134.png"",""/tangrams/418_134.png""]"
01JH65VD71ETSH42EVD1GRX9DR,NA,01JH63PE95NWS74AEFR2R546Q2,45,65,2,NA,/tangrams/129_437.png,14,45,"[""/tangrams/377_373.png"",""/tangrams/252_168.png"",""/tangrams/457_432.png"",""/tangrams/129_437.png""]"
01JH67NCFHNWK2JSNWYAHC4YS8,FALSE,01JH63PE95NWS74AEFRCJYXR75,19,65,1,/tangrams/295_442.png,/tangrams/295_446.png,4,19,"[""/tangrams/295_446.png"",""/tangrams/295_442.png"",""/tangrams/134_446.png"",""/tangrams/134_442.png""]"
01JH648XQZTPR950G02E12G897,TRUE,01JH63H2JBTAXCR944FHYGQ9CS,57,65,3,/tangrams/152_248.png,/tangrams/152_248.png,10,57,"[""/tangrams/370_121.png"",""/tangrams/104_446.png"",""/tangrams/152_248.png"",""/tangrams/109_37.png""]"
01JH64FEZGJVYGJRJ4TCT83P7B,TRUE,01JH63H2JD2983R4N4PQHD9D3S,43,65,2,/tangrams/343_388.png,/tangrams/343_388.png,12,43,"[""/tangrams/96_344.png"",""/tangrams/25_203.png"",""/tangrams/387_466.png"",""/tangrams/343_388.png""]"
01JH64N1D7MK01CC0H3DP85Z89,NA,01JH63H2JBTAXCR944FVZS2MSG,32,65,2,NA,/tangrams/333_244.png,1,32,"[""/tangrams/418_244.png"",""/tangrams/333_244.png"",""/tangrams/418_297.png"",""/tangrams/333_297.png""]"
01JH64N1DWN1EE2WNPZ54W9KD4,NA,01JH63H2JBTAXCR944FVZS2MSG,41,65,2,NA,/tangrams/21_244.png,10,41,"[""/tangrams/439_297.png"",""/tangrams/21_244.png"",""/tangrams/439_244.png"",""/tangrams/21_297.png""]"
01JH65VD2WHT49FXS1GRNC74AJ,FALSE,01JH63PE95NWS74AEFR2R546Q2,0,65,0,NA,/tangrams/377_373.png,1,0,"[""/tangrams/94_162.png"",""/tangrams/377_373.png"",""/tangrams/416_419.png"",""/tangrams/252_168.png""]"
01JH67NCF4N5BYM13DB0BE6KCX,TRUE,01JH63PE95NWS74AEFRCJYXR75,24,65,1,/tangrams/125_442.png,/tangrams/125_442.png,9,24,"[""/tangrams/125_442.png"",""/tangrams/125_439.png"",""/tangrams/134_439.png"",""/tangrams/134_442.png""]"
01JH67NCJ30VEWW4VV8Y1FGNAV,TRUE,01JH63PE95NWS74AEFRCJYXR75,37,65,2,/tangrams/394_446.png,/tangrams/394_446.png,6,37,"[""/tangrams/134_439.png"",""/tangrams/394_446.png"",""/tangrams/394_439.png"",""/tangrams/134_446.png""]"
01JH648XRBATSM7Z3YH7Q72BJC,TRUE,01JH63H2JBTAXCR944FHYGQ9CS,39,65,2,/tangrams/152_121.png,/tangrams/152_121.png,8,39,"[""/tangrams/104_446.png"",""/tangrams/109_37.png"",""/tangrams/370_248.png"",""/tangrams/152_121.png""]"
01JH64N1CFCWMR6FB2XG836JZA,NA,01JH63H2JBTAXCR944FVZS2MSG,28,65,1,NA,/tangrams/333_134.png,13,28,"[""/tangrams/333_297.png"",""/tangrams/21_297.png"",""/tangrams/333_134.png"",""/tangrams/21_134.png""]"
01JH64N1D2VT58KE33AZ7ZHNQM,NA,01JH63H2JBTAXCR944FVZS2MSG,61,65,3,NA,/tangrams/21_244.png,14,61,"[""/tangrams/21_134.png"",""/tangrams/21_244.png"",""/tangrams/418_244.png"",""/tangrams/418_134.png""]"
01JH67NCGE1NF0HDWYTSWMWV11,TRUE,01JH63PE95NWS74AEFRCJYXR75,36,65,2,/tangrams/134_439.png,/tangrams/134_439.png,5,36,"[""/tangrams/295_446.png"",""/tangrams/295_439.png"",""/tangrams/134_446.png"",""/tangrams/134_439.png""]"
01JH67NCH1VAX0S72RB2YFCNNS,TRUE,01JH63PE95NWS74AEFRCJYXR75,56,65,3,/tangrams/295_446.png,/tangrams/295_446.png,9,56,"[""/tangrams/394_446.png"",""/tangrams/295_446.png"",""/tangrams/394_442.png"",""/tangrams/295_442.png""]"
01JH64FF0YCMRM5MHWZS32RNG9,TRUE,01JH63H2JD2983R4N4PQHD9D3S,54,65,3,/tangrams/96_344.png,/tangrams/96_344.png,7,54,"[""/tangrams/387_466.png"",""/tangrams/96_344.png"",""/tangrams/25_203.png"",""/tangrams/349_314.png""]"
01JH64N1D3E71EW32A372CYAA3,NA,01JH63H2JBTAXCR944FVZS2MSG,60,65,3,NA,/tangrams/439_297.png,13,60,"[""/tangrams/333_244.png"",""/tangrams/439_297.png"",""/tangrams/333_297.png"",""/tangrams/439_244.png""]"
01JH65VD4TA3TV6V18YNYYGH83,NA,01JH63PE95NWS74AEFR2R546Q2,15,65,0,NA,/tangrams/66_249.png,16,15,"[""/tangrams/66_249.png"",""/tangrams/247_434.png"",""/tangrams/150_87.png"",""/tangrams/94_162.png""]"
01JH65VD6FYWK6638N7M9FE8ZR,NA,01JH63PE95NWS74AEFR2R546Q2,50,65,3,NA,/tangrams/247_434.png,3,50,"[""/tangrams/252_168.png"",""/tangrams/66_249.png"",""/tangrams/275_246.png"",""/tangrams/247_434.png""]"
01JH67NCF235J0QG46SHTCVCQ2,TRUE,01JH63PE95NWS74AEFRCJYXR75,8,65,0,/tangrams/394_442.png,/tangrams/394_442.png,9,8,"[""/tangrams/394_446.png"",""/tangrams/295_446.png"",""/tangrams/295_442.png"",""/tangrams/394_442.png""]"
01JH67NCG4BRF1Q3D6A5VVKZW5,TRUE,01JH63PE95NWS74AEFRCJYXR75,30,65,1,/tangrams/125_439.png,/tangrams/125_439.png,15,30,"[""/tangrams/134_453.png"",""/tangrams/125_453.png"",""/tangrams/125_439.png"",""/tangrams/134_439.png""]"
01JH67NCGRF69ZA62Z9NP9Q104,TRUE,01JH63PE95NWS74AEFRCJYXR75,38,65,2,/tangrams/134_446.png,/tangrams/134_446.png,7,38,"[""/tangrams/125_439.png"",""/tangrams/125_446.png"",""/tangrams/134_446.png"",""/tangrams/134_439.png""]"
01JH648XR8Q4KXQQ61GSE1WG3Q,TRUE,01JH63H2JBTAXCR944FHYGQ9CS,47,65,2,/tangrams/104_248.png,/tangrams/104_248.png,16,47,"[""/tangrams/109_121.png"",""/tangrams/104_248.png"",""/tangrams/152_446.png"",""/tangrams/370_37.png""]"
01JH64FF1BSHWF9KMSF4J28VPY,TRUE,01JH63H2JD2983R4N4PQHD9D3S,20,65,1,/tangrams/349_314.png,/tangrams/349_314.png,5,20,"[""/tangrams/298_143.png"",""/tangrams/119_1.png"",""/tangrams/349_314.png"",""/tangrams/25_203.png""]"
01JH67NCF9A430SMBD0JBZBTE3,FALSE,01JH63PE95NWS74AEFRCJYXR75,12,65,0,/tangrams/134_453.png,/tangrams/134_446.png,13,12,"[""/tangrams/394_446.png"",""/tangrams/394_453.png"",""/tangrams/134_446.png"",""/tangrams/134_453.png""]"
01JH648XR3TK7JE0948JB98GBY,TRUE,01JH63H2JBTAXCR944FHYGQ9CS,58,65,3,/tangrams/152_121.png,/tangrams/152_121.png,11,58,"[""/tangrams/109_37.png"",""/tangrams/370_248.png"",""/tangrams/152_121.png"",""/tangrams/104_446.png""]"
01JH64N1DGP69CQ5MXPH4Z8NGK,NA,01JH63H2JBTAXCR944FVZS2MSG,55,65,3,NA,/tangrams/418_297.png,8,55,"[""/tangrams/439_297.png"",""/tangrams/418_134.png"",""/tangrams/439_134.png"",""/tangrams/418_297.png""]"
01JH64N1DPGWMMQH7KDTFP99HW,NA,01JH63H2JBTAXCR944FVZS2MSG,53,65,3,NA,/tangrams/418_134.png,6,53,"[""/tangrams/418_134.png"",""/tangrams/439_244.png"",""/tangrams/418_244.png"",""/tangrams/439_134.png""]"
01JH64N1DSV4NB2BMEEVMT0HB6,NA,01JH63H2JBTAXCR944FVZS2MSG,46,65,2,NA,/tangrams/439_244.png,15,46,"[""/tangrams/439_336.png"",""/tangrams/418_244.png"",""/tangrams/418_336.png"",""/tangrams/439_244.png""]"
01JH648XQZTPR950G01HARN6G5,TRUE,01JH63H2JBTAXCR944FHYGQ9CS,53,65,3,/tangrams/109_248.png,/tangrams/109_248.png,6,53,"[""/tangrams/370_37.png"",""/tangrams/109_248.png"",""/tangrams/152_446.png"",""/tangrams/104_121.png""]"
01JH64FF101GPFD8HWMBNSACBR,FALSE,01JH63H2JD2983R4N4PQHD9D3S,19,65,1,/tangrams/343_388.png,/tangrams/46_217.png,4,19,"[""/tangrams/46_217.png"",""/tangrams/450_407.png"",""/tangrams/343_388.png"",""/tangrams/25_203.png""]"
01JH64N1DTVJRT2S0QWS9ZW2S7,NA,01JH63H2JBTAXCR944FVZS2MSG,42,65,2,NA,/tangrams/439_134.png,11,42,"[""/tangrams/333_297.png"",""/tangrams/333_134.png"",""/tangrams/439_134.png"",""/tangrams/439_297.png""]"
01JH67NCEVHPRBHHEK9TVRG0JA,TRUE,01JH63PE95NWS74AEFRCJYXR75,11,65,0,/tangrams/394_453.png,/tangrams/394_453.png,12,11,"[""/tangrams/125_453.png"",""/tangrams/394_453.png"",""/tangrams/125_446.png"",""/tangrams/394_446.png""]"
01JH67NCF644PDTQ3XRWCH3AG3,TRUE,01JH63PE95NWS74AEFRCJYXR75,23,65,1,/tangrams/134_446.png,/tangrams/134_446.png,8,23,"[""/tangrams/295_439.png"",""/tangrams/295_446.png"",""/tangrams/134_439.png"",""/tangrams/134_446.png""]"
01JH64FEZ2STV94Z6K29PJ1VFT,FALSE,01JH63H2JD2983R4N4PQHD9D3S,5,65,0,/tangrams/148_212.png,/tangrams/96_344.png,6,5,"[""/tangrams/349_314.png"",""/tangrams/96_344.png"",""/tangrams/177_330.png"",""/tangrams/148_212.png""]"
01JH64N1D8YY59D2ZP26NKSHMB,NA,01JH63H2JBTAXCR944FVZS2MSG,57,65,3,NA,/tangrams/439_244.png,10,57,"[""/tangrams/439_244.png"",""/tangrams/21_244.png"",""/tangrams/439_336.png"",""/tangrams/21_336.png""]"
01JH65VD3WDJVN7AM56BFHB35X,NA,01JH63PE95NWS74AEFR2R546Q2,29,65,1,NA,/tangrams/150_87.png,14,29,"[""/tangrams/150_87.png"",""/tangrams/316_207.png"",""/tangrams/335_143.png"",""/tangrams/66_249.png""]"
01JH65VD6NG3GNFPG9C8867XGT,NA,01JH63PE95NWS74AEFR2R546Q2,48,65,3,NA,/tangrams/49_200.png,1,48,"[""/tangrams/369_265.png"",""/tangrams/275_246.png"",""/tangrams/49_200.png"",""/tangrams/245_95.png""]"
01JH648XQ5J782A4DWC6Z2KZNP,TRUE,01JH63H2JBTAXCR944FHYGQ9CS,14,65,0,/tangrams/109_37.png,/tangrams/109_37.png,15,14,"[""/tangrams/370_446.png"",""/tangrams/109_37.png"",""/tangrams/104_248.png"",""/tangrams/152_121.png""]"
01JH648XQCY34DTMQKHNX905TG,TRUE,01JH63H2JBTAXCR944FHYGQ9CS,29,65,1,/tangrams/104_248.png,/tangrams/104_248.png,14,29,"[""/tangrams/152_37.png"",""/tangrams/370_446.png"",""/tangrams/104_248.png"",""/tangrams/109_121.png""]"
01JH64N1CHWV884CZJ17XMMB07,NA,01JH63H2JBTAXCR944FVZS2MSG,33,65,2,NA,/tangrams/333_134.png,2,33,"[""/tangrams/418_244.png"",""/tangrams/333_134.png"",""/tangrams/418_134.png"",""/tangrams/333_244.png""]"
01JH65VD5Z4DBQ4RA9BT6V236D,NA,01JH63PE95NWS74AEFR2R546Q2,19,65,1,NA,/tangrams/129_437.png,4,19,"[""/tangrams/129_437.png"",""/tangrams/49_200.png"",""/tangrams/252_168.png"",""/tangrams/457_432.png""]"
01JH65VD6CQ8PFVNQ41HDYWCF7,NA,01JH63PE95NWS74AEFR2R546Q2,55,65,3,NA,/tangrams/275_246.png,8,55,"[""/tangrams/245_95.png"",""/tangrams/66_249.png"",""/tangrams/275_246.png"",""/tangrams/94_162.png""]"
01JH67NCGTMP90Y5P2JW0B7RD4,TRUE,01JH63PE95NWS74AEFRCJYXR75,47,65,2,/tangrams/125_453.png,/tangrams/125_453.png,16,47,"[""/tangrams/125_453.png"",""/tangrams/125_442.png"",""/tangrams/134_453.png"",""/tangrams/134_442.png""]"
01JH648XQSBET7ZZ2GKN6VE785,TRUE,01JH63H2JBTAXCR944FHYGQ9CS,23,65,1,/tangrams/109_121.png,/tangrams/109_121.png,8,23,"[""/tangrams/152_37.png"",""/tangrams/370_446.png"",""/tangrams/104_248.png"",""/tangrams/109_121.png""]"
01JH648XRC1Y6QSD0DME6VC2CQ,TRUE,01JH63H2JBTAXCR944FHYGQ9CS,38,65,2,/tangrams/370_37.png,/tangrams/370_37.png,7,38,"[""/tangrams/370_37.png"",""/tangrams/104_121.png"",""/tangrams/152_248.png"",""/tangrams/109_446.png""]"
01JH64FF1BSHWF9KMSEBHR4D2T,TRUE,01JH63H2JD2983R4N4PQHD9D3S,27,65,1,/tangrams/332_183.png,/tangrams/332_183.png,12,27,"[""/tangrams/450_407.png"",""/tangrams/332_183.png"",""/tangrams/343_388.png"",""/tangrams/148_212.png""]"
01JH65VD6YFCBB9BERPR1216VE,NA,01JH63PE95NWS74AEFR2R546Q2,57,65,3,NA,/tangrams/457_432.png,10,57,"[""/tangrams/416_419.png"",""/tangrams/150_87.png"",""/tangrams/457_432.png"",""/tangrams/247_434.png""]"
01JH67NCHCBKPEPRV3HAMNBE4H,TRUE,01JH63PE95NWS74AEFRCJYXR75,43,65,2,/tangrams/125_439.png,/tangrams/125_439.png,12,43,"[""/tangrams/125_439.png"",""/tangrams/295_446.png"",""/tangrams/125_446.png"",""/tangrams/295_439.png""]"
01JH67NCHZ5SR53SJPF6JHD6PM,TRUE,01JH63PE95NWS74AEFRCJYXR75,48,65,3,/tangrams/394_439.png,/tangrams/394_439.png,1,48,"[""/tangrams/134_439.png"",""/tangrams/134_453.png"",""/tangrams/394_439.png"",""/tangrams/394_453.png""]"
01JH64N1CNP0K1046JD8AFME2T,NA,01JH63H2JBTAXCR944FVZS2MSG,25,65,1,NA,/tangrams/418_336.png,10,25,"[""/tangrams/418_336.png"",""/tangrams/333_134.png"",""/tangrams/333_336.png"",""/tangrams/418_134.png""]"
01JH648XQZTPR950G00T0GM4CX,TRUE,01JH63H2JBTAXCR944FHYGQ9CS,63,65,3,/tangrams/104_121.png,/tangrams/104_121.png,16,63,"[""/tangrams/152_446.png"",""/tangrams/109_248.png"",""/tangrams/104_121.png"",""/tangrams/370_37.png""]"
01JH648XR68H5ST001T3BKXF41,TRUE,01JH63H2JBTAXCR944FHYGQ9CS,51,65,3,/tangrams/152_446.png,/tangrams/152_446.png,4,51,"[""/tangrams/152_446.png"",""/tangrams/109_121.png"",""/tangrams/370_248.png"",""/tangrams/104_37.png""]"
01JH64FEZK3R6XAGBGDHFGCRH1,TRUE,01JH63H2JD2983R4N4PQHD9D3S,40,65,2,/tangrams/25_203.png,/tangrams/25_203.png,9,40,"[""/tangrams/298_143.png"",""/tangrams/454_121.png"",""/tangrams/450_407.png"",""/tangrams/25_203.png""]"
01JH64FF0M0GB11JZKD17KBBE7,TRUE,01JH63H2JD2983R4N4PQHD9D3S,39,65,2,/tangrams/96_344.png,/tangrams/96_344.png,8,39,"[""/tangrams/332_183.png"",""/tangrams/46_217.png"",""/tangrams/96_344.png"",""/tangrams/454_121.png""]"
01JH64FF101GPFD8HWN6AH7WYX,TRUE,01JH63H2JD2983R4N4PQHD9D3S,35,65,2,/tangrams/293_34.png,/tangrams/293_34.png,4,35,"[""/tangrams/119_1.png"",""/tangrams/148_212.png"",""/tangrams/293_34.png"",""/tangrams/332_183.png""]"
01JH64FF12ZRBTVPDWYJETZESM,TRUE,01JH63H2JD2983R4N4PQHD9D3S,50,65,3,/tangrams/148_212.png,/tangrams/148_212.png,3,50,"[""/tangrams/148_212.png"",""/tangrams/119_1.png"",""/tangrams/450_407.png"",""/tangrams/177_330.png""]"
01JH64FF17HH0C0SX0XXXNRTSA,FALSE,01JH63H2JD2983R4N4PQHD9D3S,24,65,1,/tangrams/349_314.png,/tangrams/343_388.png,9,24,"[""/tangrams/298_143.png"",""/tangrams/52_159.png"",""/tangrams/343_388.png"",""/tangrams/349_314.png""]"
