choice_id,player_id,time_stamp,trial_id
B,1,NA,1
F,1,NA,2
C,1,NA,3
I,1,NA,4
G,1,NA,5
D,1,NA,6
E,1,NA,7
L,1,NA,8
A,1,NA,9
J,1,NA,10
K,1,NA,11
H,1,NA,12
G,1,NA,13
E,1,NA,14
C,1,NA,15
K,1,NA,16
A,1,NA,17
F,1,NA,18
J,1,NA,19
L,1,NA,20
I,1,NA,21
D,1,NA,22
B,1,NA,23
H,1,NA,24
J,1,NA,25
C,1,NA,26
B,1,NA,27
D,1,NA,28
E,1,NA,29
G,1,NA,30
H,1,NA,31
I,1,NA,32
F,1,NA,33
L,1,NA,34
K,1,NA,35
A,1,NA,36
I,1,NA,37
H,1,NA,38
L,1,NA,39
K,1,NA,40
D,1,NA,41
G,1,NA,42
A,1,NA,43
C,1,NA,44
B,1,NA,45
J,1,NA,46
E,1,NA,47
F,1,NA,48
K,1,NA,49
C,1,NA,50
F,1,NA,51
A,1,NA,52
I,1,NA,53
D,1,NA,54
H,1,NA,55
L,1,NA,56
J,1,NA,57
E,1,NA,58
B,1,NA,59
G,1,NA,60
G,1,NA,61
L,1,NA,62
B,1,NA,63
D,1,NA,64
K,1,NA,65
E,1,NA,66
F,1,NA,67
H,1,NA,68
J,1,NA,69
I,1,NA,70
C,1,NA,71
A,1,NA,72
A,2,NA,73
J,2,NA,74
K,2,NA,75
B,2,NA,76
I,2,NA,77
I,2,NA,78
C,2,NA,79
K,2,NA,80
C,2,NA,81
E,2,NA,82
D,2,NA,83
F,2,NA,84
B,2,NA,85
E,2,NA,86
G,2,NA,87
C,2,NA,88
K,2,NA,89
I,2,NA,90
A,2,NA,91
K,2,NA,92
F,2,NA,93
D,2,NA,94
H,2,NA,95
J,2,NA,96
L,2,NA,97
A,2,NA,98
C,2,NA,99
E,2,NA,100
D,2,NA,101
I,2,NA,102
K,2,NA,103
H,2,NA,104
J,2,NA,105
F,2,NA,106
I,2,NA,107
G,2,NA,108
A,2,NA,109
K,2,NA,110
E,2,NA,111
F,2,NA,112
H,2,NA,113
C,2,NA,114
D,2,NA,115
B,2,NA,116
I,2,NA,117
K,2,NA,118
J,2,NA,119
K,2,NA,120
C,2,NA,121
G,2,NA,122
F,2,NA,123
H,2,NA,124
B,2,NA,125
E,2,NA,126
A,2,NA,127
J,2,NA,128
I,2,NA,129
J,2,NA,130
D,2,NA,131
K,2,NA,132
J,2,NA,133
K,2,NA,134
I,2,NA,135
A,2,NA,136
C,2,NA,137
B,2,NA,138
F,2,NA,139
G,2,NA,140
E,2,NA,141
L,2,NA,142
J,2,NA,143
H,2,NA,144
D,3,NA,145
E,3,NA,146
F,3,NA,147
I,3,NA,148
L,3,NA,149
C,3,NA,150
A,3,NA,151
H,3,NA,152
J,3,NA,153
B,3,NA,154
C,3,NA,155
B,3,NA,156
H,3,NA,157
E,3,NA,158
B,3,NA,159
B,3,NA,160
L,3,NA,161
K,3,NA,162
A,3,NA,163
C,3,NA,164
J,3,NA,165
I,3,NA,166
B,3,NA,167
H,3,NA,168
E,3,NA,169
G,3,NA,170
E,3,NA,171
F,3,NA,172
C,3,NA,173
B,3,NA,174
I,3,NA,175
G,3,NA,176
C,3,NA,177
L,3,NA,178
H,3,NA,179
A,3,NA,180
H,3,NA,181
E,3,NA,182
D,3,NA,183
A,3,NA,184
C,3,NA,185
G,3,NA,186
H,3,NA,187
J,3,NA,188
F,3,NA,189
K,3,NA,190
E,3,NA,191
K,3,NA,192
L,3,NA,193
A,3,NA,194
J,3,NA,195
B,3,NA,196
H,3,NA,197
C,3,NA,198
B,3,NA,199
F,3,NA,200
E,3,NA,201
C,3,NA,202
D,3,NA,203
K,3,NA,204
D,3,NA,205
C,3,NA,206
A,3,NA,207
G,3,NA,208
L,3,NA,209
I,3,NA,210
F,3,NA,211
H,3,NA,212
K,3,NA,213
L,3,NA,214
J,3,NA,215
I,3,NA,216
I,4,NA,217
K,4,NA,218
I,4,NA,219
D,4,NA,220
E,4,NA,221
J,4,NA,222
A,4,NA,223
F,4,NA,224
H,4,NA,225
C,4,NA,226
K,4,NA,227
K,4,NA,228
E,4,NA,229
G,4,NA,230
K,4,NA,231
B,4,NA,232
D,4,NA,233
A,4,NA,234
H,4,NA,235
B,4,NA,236
C,4,NA,237
J,4,NA,238
E,4,NA,239
L,4,NA,240
K,4,NA,241
A,4,NA,242
E,4,NA,243
L,4,NA,244
H,4,NA,245
I,4,NA,246
J,4,NA,247
G,4,NA,248
B,4,NA,249
C,4,NA,250
D,4,NA,251
E,4,NA,252
H,4,NA,253
K,4,NA,254
G,4,NA,255
B,4,NA,256
J,4,NA,257
E,4,NA,258
I,4,NA,259
F,4,NA,260
C,4,NA,261
D,4,NA,262
L,4,NA,263
A,4,NA,264
E,4,NA,265
J,4,NA,266
C,4,NA,267
I,4,NA,268
K,4,NA,269
A,4,NA,270
H,4,NA,271
F,4,NA,272
B,4,NA,273
D,4,NA,274
G,4,NA,275
L,4,NA,276
I,4,NA,277
K,4,NA,278
G,4,NA,279
L,4,NA,280
A,4,NA,281
D,4,NA,282
F,4,NA,283
E,4,NA,284
H,4,NA,285
J,4,NA,286
B,4,NA,287
C,4,NA,288
J,5,NA,289
C,5,NA,290
C,5,NA,291
A,5,NA,292
I,5,NA,293
D,5,NA,294
E,5,NA,295
L,5,NA,296
L,5,NA,297
L,5,NA,298
G,5,NA,299
J,5,NA,300
C,5,NA,301
J,5,NA,302
A,5,NA,303
C,5,NA,304
K,5,NA,305
K,5,NA,306
F,5,NA,307
B,5,NA,308
L,5,NA,309
I,5,NA,310
E,5,NA,311
L,5,NA,312
D,5,NA,313
B,5,NA,314
H,5,NA,315
J,5,NA,316
L,5,NA,317
E,5,NA,318
A,5,NA,319
I,5,NA,320
G,5,NA,321
F,5,NA,322
K,5,NA,323
C,5,NA,324
H,5,NA,325
A,5,NA,326
C,5,NA,327
K,5,NA,328
I,5,NA,329
J,5,NA,330
E,5,NA,331
G,5,NA,332
B,5,NA,333
D,5,NA,334
L,5,NA,335
F,5,NA,336
G,5,NA,337
F,5,NA,338
I,5,NA,339
L,5,NA,340
J,5,NA,341
A,5,NA,342
B,5,NA,343
E,5,NA,344
K,5,NA,345
C,5,NA,346
D,5,NA,347
H,5,NA,348
L,5,NA,349
C,5,NA,350
I,5,NA,351
A,5,NA,352
J,5,NA,353
B,5,NA,354
H,5,NA,355
E,5,NA,356
G,5,NA,357
K,5,NA,358
D,5,NA,359
F,5,NA,360
K,6,NA,361
G,6,NA,362
B,6,NA,363
K,6,NA,364
A,6,NA,365
E,6,NA,366
K,6,NA,367
L,6,NA,368
C,6,NA,369
J,6,NA,370
H,6,NA,371
D,6,NA,372
I,6,NA,373
I,6,NA,374
E,6,NA,375
K,6,NA,376
F,6,NA,377
D,6,NA,378
H,6,NA,379
L,6,NA,380
A,6,NA,381
J,6,NA,382
B,6,NA,383
C,6,NA,384
A,6,NA,385
C,6,NA,386
F,6,NA,387
K,6,NA,388
E,6,NA,389
D,6,NA,390
A,6,NA,391
J,6,NA,392
K,6,NA,393
I,6,NA,394
K,6,NA,395
H,6,NA,396
E,6,NA,397
I,6,NA,398
J,6,NA,399
G,6,NA,400
K,6,NA,401
K,6,NA,402
C,6,NA,403
K,6,NA,404
D,6,NA,405
A,6,NA,406
H,6,NA,407
L,6,NA,408
J,6,NA,409
K,6,NA,410
A,6,NA,411
E,6,NA,412
D,6,NA,413
F,6,NA,414
I,6,NA,415
C,6,NA,416
G,6,NA,417
K,6,NA,418
G,6,NA,419
H,6,NA,420
C,6,NA,421
F,6,NA,422
A,6,NA,423
D,6,NA,424
I,6,NA,425
D,6,NA,426
L,6,NA,427
G,6,NA,428
J,6,NA,429
I,6,NA,430
H,6,NA,431
E,6,NA,432
J,7,NA,433
F,7,NA,434
G,7,NA,435
I,7,NA,436
C,7,NA,437
E,7,NA,438
L,7,NA,439
L,7,NA,440
H,7,NA,441
K,7,NA,442
H,7,NA,443
C,7,NA,444
F,7,NA,445
E,7,NA,446
L,7,NA,447
J,7,NA,448
B,7,NA,449
C,7,NA,450
G,7,NA,451
D,7,NA,452
I,7,NA,453
K,7,NA,454
H,7,NA,455
A,7,NA,456
J,7,NA,457
K,7,NA,458
G,7,NA,459
B,7,NA,460
E,7,NA,461
F,7,NA,462
I,7,NA,463
D,7,NA,464
A,7,NA,465
H,7,NA,466
L,7,NA,467
C,7,NA,468
G,7,NA,469
K,7,NA,470
I,7,NA,471
L,7,NA,472
F,7,NA,473
A,7,NA,474
B,7,NA,475
E,7,NA,476
E,7,NA,477
C,7,NA,478
H,7,NA,479
J,7,NA,480
F,7,NA,481
L,7,NA,482
G,7,NA,483
K,7,NA,484
B,7,NA,485
D,7,NA,486
J,7,NA,487
H,7,NA,488
E,7,NA,489
I,7,NA,490
A,7,NA,491
C,7,NA,492
K,7,NA,493
J,7,NA,494
D,7,NA,495
I,7,NA,496
I,7,NA,497
G,7,NA,498
I,7,NA,499
C,7,NA,500
L,7,NA,501
A,7,NA,502
E,7,NA,503
H,7,NA,504
F,8,NA,505
H,8,NA,506
L,8,NA,507
G,8,NA,508
L,8,NA,509
G,8,NA,510
L,8,NA,511
D,8,NA,512
C,8,NA,513
I,8,NA,514
I,8,NA,515
C,8,NA,516
E,8,NA,517
C,8,NA,518
C,8,NA,519
B,8,NA,520
G,8,NA,521
G,8,NA,522
H,8,NA,523
D,8,NA,524
K,8,NA,525
J,8,NA,526
F,8,NA,527
H,8,NA,528
E,8,NA,529
L,8,NA,530
L,8,NA,531
H,8,NA,532
E,8,NA,533
A,8,NA,534
H,8,NA,535
K,8,NA,536
J,8,NA,537
E,8,NA,538
I,8,NA,539
I,8,NA,540
F,8,NA,541
I,8,NA,542
D,8,NA,543
H,8,NA,544
E,8,NA,545
F,8,NA,546
C,8,NA,547
I,8,NA,548
L,8,NA,549
H,8,NA,550
C,8,NA,551
A,8,NA,552
E,8,NA,553
G,8,NA,554
K,8,NA,555
H,8,NA,556
I,8,NA,557
L,8,NA,558
J,8,NA,559
B,8,NA,560
L,8,NA,561
F,8,NA,562
K,8,NA,563
G,8,NA,564
I,8,NA,565
F,8,NA,566
D,8,NA,567
J,8,NA,568
I,8,NA,569
C,8,NA,570
C,8,NA,571
F,8,NA,572
F,8,NA,573
G,8,NA,574
B,8,NA,575
A,8,NA,576
L,9,NA,577
H,9,NA,578
J,9,NA,579
F,9,NA,580
I,9,NA,581
D,9,NA,582
E,9,NA,583
C,9,NA,584
B,9,NA,585
A,9,NA,586
L,9,NA,587
J,9,NA,588
D,9,NA,589
E,9,NA,590
H,9,NA,591
G,9,NA,592
K,9,NA,593
L,9,NA,594
A,9,NA,595
F,9,NA,596
C,9,NA,597
I,9,NA,598
J,9,NA,599
J,9,NA,600
C,9,NA,601
L,9,NA,602
B,9,NA,603
E,9,NA,604
I,9,NA,605
H,9,NA,606
A,9,NA,607
J,9,NA,608
I,9,NA,609
D,9,NA,610
F,9,NA,611
K,9,NA,612
J,9,NA,613
D,9,NA,614
L,9,NA,615
C,9,NA,616
B,9,NA,617
D,9,NA,618
I,9,NA,619
H,9,NA,620
E,9,NA,621
J,9,NA,622
F,9,NA,623
A,9,NA,624
G,9,NA,625
D,9,NA,626
J,9,NA,627
D,9,NA,628
B,9,NA,629
I,9,NA,630
C,9,NA,631
H,9,NA,632
F,9,NA,633
E,9,NA,634
A,9,NA,635
K,9,NA,636
L,9,NA,637
H,9,NA,638
C,9,NA,639
F,9,NA,640
B,9,NA,641
A,9,NA,642
E,9,NA,643
D,9,NA,644
I,9,NA,645
K,9,NA,646
B,9,NA,647
J,9,NA,648
D,10,NA,649
H,10,NA,650
F,10,NA,651
C,10,NA,652
E,10,NA,653
A,10,NA,654
D,10,NA,655
L,10,NA,656
B,10,NA,657
G,10,NA,658
I,10,NA,659
L,10,NA,660
G,10,NA,661
C,10,NA,662
E,10,NA,663
A,10,NA,664
D,10,NA,665
F,10,NA,666
J,10,NA,667
K,10,NA,668
I,10,NA,669
H,10,NA,670
L,10,NA,671
B,10,NA,672
L,10,NA,673
D,10,NA,674
J,10,NA,675
F,10,NA,676
K,10,NA,677
B,10,NA,678
G,10,NA,679
A,10,NA,680
E,10,NA,681
I,10,NA,682
C,10,NA,683
H,10,NA,684
G,10,NA,685
I,10,NA,686
C,10,NA,687
B,10,NA,688
A,10,NA,689
L,10,NA,690
K,10,NA,691
E,10,NA,692
D,10,NA,693
H,10,NA,694
F,10,NA,695
J,10,NA,696
I,10,NA,697
L,10,NA,698
G,10,NA,699
D,10,NA,700
A,10,NA,701
J,10,NA,702
B,10,NA,703
K,10,NA,704
F,10,NA,705
E,10,NA,706
H,10,NA,707
C,10,NA,708
B,10,NA,709
D,10,NA,710
H,10,NA,711
K,10,NA,712
I,10,NA,713
F,10,NA,714
E,10,NA,715
L,10,NA,716
G,10,NA,717
A,10,NA,718
J,10,NA,719
C,10,NA,720
C,11,NA,721
J,11,NA,722
E,11,NA,723
L,11,NA,724
K,11,NA,725
L,11,NA,726
E,11,NA,727
I,11,NA,728
F,11,NA,729
K,11,NA,730
D,11,NA,731
A,11,NA,732
D,11,NA,733
B,11,NA,734
H,11,NA,735
J,11,NA,736
F,11,NA,737
L,11,NA,738
E,11,NA,739
K,11,NA,740
A,11,NA,741
C,11,NA,742
G,11,NA,743
I,11,NA,744
J,11,NA,745
I,11,NA,746
B,11,NA,747
K,11,NA,748
A,11,NA,749
G,11,NA,750
E,11,NA,751
L,11,NA,752
D,11,NA,753
C,11,NA,754
F,11,NA,755
H,11,NA,756
I,11,NA,757
L,11,NA,758
D,11,NA,759
E,11,NA,760
C,11,NA,761
A,11,NA,762
B,11,NA,763
J,11,NA,764
K,11,NA,765
G,11,NA,766
F,11,NA,767
H,11,NA,768
L,11,NA,769
J,11,NA,770
I,11,NA,771
H,11,NA,772
A,11,NA,773
D,11,NA,774
C,11,NA,775
G,11,NA,776
E,11,NA,777
F,11,NA,778
K,11,NA,779
B,11,NA,780
J,11,NA,781
E,11,NA,782
D,11,NA,783
H,11,NA,784
K,11,NA,785
G,11,NA,786
C,11,NA,787
B,11,NA,788
F,11,NA,789
A,11,NA,790
L,11,NA,791
I,11,NA,792
E,12,NA,793
D,12,NA,794
G,12,NA,795
J,12,NA,796
I,12,NA,797
F,12,NA,798
C,12,NA,799
A,12,NA,800
B,12,NA,801
H,12,NA,802
K,12,NA,803
L,12,NA,804
E,12,NA,805
I,12,NA,806
F,12,NA,807
K,12,NA,808
G,12,NA,809
J,12,NA,810
A,12,NA,811
B,12,NA,812
C,12,NA,813
D,12,NA,814
H,12,NA,815
L,12,NA,816
E,12,NA,817
L,12,NA,818
F,12,NA,819
A,12,NA,820
J,12,NA,821
D,12,NA,822
C,12,NA,823
B,12,NA,824
G,12,NA,825
K,12,NA,826
H,12,NA,827
I,12,NA,828
I,12,NA,829
H,12,NA,830
K,12,NA,831
F,12,NA,832
L,12,NA,833
J,12,NA,834
G,12,NA,835
C,12,NA,836
D,12,NA,837
E,12,NA,838
B,12,NA,839
A,12,NA,840
G,12,NA,841
H,12,NA,842
J,12,NA,843
K,12,NA,844
A,12,NA,845
D,12,NA,846
E,12,NA,847
L,12,NA,848
I,12,NA,849
F,12,NA,850
C,12,NA,851
B,12,NA,852
D,12,NA,853
E,12,NA,854
F,12,NA,855
H,12,NA,856
L,12,NA,857
A,12,NA,858
I,12,NA,859
G,12,NA,860
J,12,NA,861
B,12,NA,862
K,12,NA,863
C,12,NA,864
D,13,NA,865
G,13,NA,866
H,13,NA,867
B,13,NA,868
L,13,NA,869
K,13,NA,870
I,13,NA,871
E,13,NA,872
I,13,NA,873
F,13,NA,874
K,13,NA,875
C,13,NA,876
H,13,NA,877
B,13,NA,878
K,13,NA,879
L,13,NA,880
B,13,NA,881
E,13,NA,882
H,13,NA,883
C,13,NA,884
A,13,NA,885
F,13,NA,886
D,13,NA,887
I,13,NA,888
D,13,NA,889
F,13,NA,890
J,13,NA,891
A,13,NA,892
B,13,NA,893
G,13,NA,894
E,13,NA,895
L,13,NA,896
A,13,NA,897
C,13,NA,898
I,13,NA,899
H,13,NA,900
A,13,NA,901
D,13,NA,902
B,13,NA,903
G,13,NA,904
E,13,NA,905
C,13,NA,906
K,13,NA,907
L,13,NA,908
F,13,NA,909
I,13,NA,910
H,13,NA,911
G,13,NA,912
F,13,NA,913
A,13,NA,914
E,13,NA,915
L,13,NA,916
C,13,NA,917
K,13,NA,918
I,13,NA,919
H,13,NA,920
J,13,NA,921
G,13,NA,922
D,13,NA,923
B,13,NA,924
B,13,NA,925
C,13,NA,926
H,13,NA,927
L,13,NA,928
K,13,NA,929
A,13,NA,930
F,13,NA,931
J,13,NA,932
G,13,NA,933
D,13,NA,934
I,13,NA,935
E,13,NA,936
A,14,NA,937
I,14,NA,938
J,14,NA,939
F,14,NA,940
D,14,NA,941
B,14,NA,942
I,14,NA,943
C,14,NA,944
G,14,NA,945
K,14,NA,946
E,14,NA,947
D,14,NA,948
A,14,NA,949
L,14,NA,950
K,14,NA,951
B,14,NA,952
E,14,NA,953
G,14,NA,954
C,14,NA,955
I,14,NA,956
F,14,NA,957
B,14,NA,958
J,14,NA,959
D,14,NA,960
A,14,NA,961
F,14,NA,962
E,14,NA,963
K,14,NA,964
B,14,NA,965
G,14,NA,966
J,14,NA,967
H,14,NA,968
C,14,NA,969
D,14,NA,970
I,14,NA,971
K,14,NA,972
K,14,NA,973
E,14,NA,974
B,14,NA,975
D,14,NA,976
J,14,NA,977
H,14,NA,978
F,14,NA,979
A,14,NA,980
G,14,NA,981
L,14,NA,982
C,14,NA,983
I,14,NA,984
C,14,NA,985
D,14,NA,986
B,14,NA,987
J,14,NA,988
A,14,NA,989
F,14,NA,990
L,14,NA,991
G,14,NA,992
I,14,NA,993
H,14,NA,994
K,14,NA,995
E,14,NA,996
G,14,NA,997
F,14,NA,998
C,14,NA,999
B,14,NA,1000
H,14,NA,1001
K,14,NA,1002
I,14,NA,1003
J,14,NA,1004
D,14,NA,1005
L,14,NA,1006
E,14,NA,1007
A,14,NA,1008
C,15,NA,1009
A,15,NA,1010
H,15,NA,1011
D,15,NA,1012
L,15,NA,1013
E,15,NA,1014
G,15,NA,1015
K,15,NA,1016
B,15,NA,1017
I,15,NA,1018
J,15,NA,1019
F,15,NA,1020
G,15,NA,1021
F,15,NA,1022
C,15,NA,1023
D,15,NA,1024
J,15,NA,1025
J,15,NA,1026
K,15,NA,1027
H,15,NA,1028
I,15,NA,1029
A,15,NA,1030
B,15,NA,1031
L,15,NA,1032
A,15,NA,1033
K,15,NA,1034
I,15,NA,1035
J,15,NA,1036
L,15,NA,1037
B,15,NA,1038
D,15,NA,1039
G,15,NA,1040
H,15,NA,1041
C,15,NA,1042
F,15,NA,1043
J,15,NA,1044
A,15,NA,1045
B,15,NA,1046
E,15,NA,1047
J,15,NA,1048
G,15,NA,1049
H,15,NA,1050
I,15,NA,1051
F,15,NA,1052
D,15,NA,1053
K,15,NA,1054
C,15,NA,1055
L,15,NA,1056
I,15,NA,1057
E,15,NA,1058
B,15,NA,1059
J,15,NA,1060
D,15,NA,1061
A,15,NA,1062
F,15,NA,1063
L,15,NA,1064
H,15,NA,1065
C,15,NA,1066
G,15,NA,1067
K,15,NA,1068
H,15,NA,1069
I,15,NA,1070
B,15,NA,1071
E,15,NA,1072
A,15,NA,1073
F,15,NA,1074
G,15,NA,1075
L,15,NA,1076
K,15,NA,1077
D,15,NA,1078
C,15,NA,1079
J,15,NA,1080
D,16,NA,1081
L,16,NA,1082
C,16,NA,1083
F,16,NA,1084
G,16,NA,1085
J,16,NA,1086
B,16,NA,1087
B,16,NA,1088
I,16,NA,1089
A,16,NA,1090
K,16,NA,1091
H,16,NA,1092
B,16,NA,1093
F,16,NA,1094
D,16,NA,1095
F,16,NA,1096
C,16,NA,1097
A,16,NA,1098
E,16,NA,1099
L,16,NA,1100
I,16,NA,1101
G,16,NA,1102
J,16,NA,1103
K,16,NA,1104
L,16,NA,1105
G,16,NA,1106
H,16,NA,1107
J,16,NA,1108
D,16,NA,1109
A,16,NA,1110
F,16,NA,1111
C,16,NA,1112
B,16,NA,1113
I,16,NA,1114
K,16,NA,1115
E,16,NA,1116
G,16,NA,1117
A,16,NA,1118
K,16,NA,1119
J,16,NA,1120
E,16,NA,1121
H,16,NA,1122
D,16,NA,1123
C,16,NA,1124
L,16,NA,1125
B,16,NA,1126
F,16,NA,1127
I,16,NA,1128
C,16,NA,1129
E,16,NA,1130
H,16,NA,1131
B,16,NA,1132
D,16,NA,1133
A,16,NA,1134
J,16,NA,1135
F,16,NA,1136
L,16,NA,1137
G,16,NA,1138
I,16,NA,1139
K,16,NA,1140
F,16,NA,1141
A,16,NA,1142
E,16,NA,1143
J,16,NA,1144
K,16,NA,1145
L,16,NA,1146
G,16,NA,1147
H,16,NA,1148
C,16,NA,1149
D,16,NA,1150
B,16,NA,1151
I,16,NA,1152
G,17,NA,1153
L,17,NA,1154
H,17,NA,1155
L,17,NA,1156
C,17,NA,1157
I,17,NA,1158
L,17,NA,1159
A,17,NA,1160
D,17,NA,1161
A,17,NA,1162
F,17,NA,1163
E,17,NA,1164
F,17,NA,1165
I,17,NA,1166
H,17,NA,1167
A,17,NA,1168
D,17,NA,1169
C,17,NA,1170
G,17,NA,1171
K,17,NA,1172
L,17,NA,1173
C,17,NA,1174
E,17,NA,1175
K,17,NA,1176
F,17,NA,1177
D,17,NA,1178
B,17,NA,1179
C,17,NA,1180
L,17,NA,1181
H,17,NA,1182
K,17,NA,1183
I,17,NA,1184
J,17,NA,1185
G,17,NA,1186
A,17,NA,1187
E,17,NA,1188
C,17,NA,1189
J,17,NA,1190
K,17,NA,1191
D,17,NA,1192
G,17,NA,1193
F,17,NA,1194
H,17,NA,1195
E,17,NA,1196
K,17,NA,1197
I,17,NA,1198
A,17,NA,1199
L,17,NA,1200
D,17,NA,1201
K,17,NA,1202
C,17,NA,1203
I,17,NA,1204
K,17,NA,1205
D,17,NA,1206
D,17,NA,1207
I,17,NA,1208
G,17,NA,1209
H,17,NA,1210
F,17,NA,1211
E,17,NA,1212
L,17,NA,1213
G,17,NA,1214
J,17,NA,1215
E,17,NA,1216
I,17,NA,1217
K,17,NA,1218
H,17,NA,1219
B,17,NA,1220
A,17,NA,1221
D,17,NA,1222
F,17,NA,1223
C,17,NA,1224
C,18,NA,1225
L,18,NA,1226
J,18,NA,1227
D,18,NA,1228
F,18,NA,1229
G,18,NA,1230
K,18,NA,1231
A,18,NA,1232
I,18,NA,1233
E,18,NA,1234
B,18,NA,1235
H,18,NA,1236
C,18,NA,1237
A,18,NA,1238
G,18,NA,1239
F,18,NA,1240
B,18,NA,1241
I,18,NA,1242
K,18,NA,1243
L,18,NA,1244
J,18,NA,1245
H,18,NA,1246
D,18,NA,1247
E,18,NA,1248
G,18,NA,1249
B,18,NA,1250
F,18,NA,1251
H,18,NA,1252
J,18,NA,1253
I,18,NA,1254
K,18,NA,1255
E,18,NA,1256
L,18,NA,1257
D,18,NA,1258
A,18,NA,1259
C,18,NA,1260
G,18,NA,1261
J,18,NA,1262
A,18,NA,1263
I,18,NA,1264
L,18,NA,1265
E,18,NA,1266
H,18,NA,1267
D,18,NA,1268
K,18,NA,1269
B,18,NA,1270
C,18,NA,1271
F,18,NA,1272
D,18,NA,1273
A,18,NA,1274
I,18,NA,1275
G,18,NA,1276
E,18,NA,1277
B,18,NA,1278
K,18,NA,1279
F,18,NA,1280
C,18,NA,1281
L,18,NA,1282
H,18,NA,1283
J,18,NA,1284
J,18,NA,1285
F,18,NA,1286
D,18,NA,1287
C,18,NA,1288
H,18,NA,1289
K,18,NA,1290
B,18,NA,1291
E,18,NA,1292
G,18,NA,1293
A,18,NA,1294
L,18,NA,1295
I,18,NA,1296
I,19,NA,1297
G,19,NA,1298
F,19,NA,1299
B,19,NA,1300
A,19,NA,1301
B,19,NA,1302
J,19,NA,1303
F,19,NA,1304
L,19,NA,1305
C,19,NA,1306
D,19,NA,1307
E,19,NA,1308
J,19,NA,1309
G,19,NA,1310
D,19,NA,1311
I,19,NA,1312
F,19,NA,1313
L,19,NA,1314
K,19,NA,1315
C,19,NA,1316
K,19,NA,1317
E,19,NA,1318
G,19,NA,1319
A,19,NA,1320
C,19,NA,1321
H,19,NA,1322
D,19,NA,1323
E,19,NA,1324
I,19,NA,1325
L,19,NA,1326
F,19,NA,1327
B,19,NA,1328
J,19,NA,1329
A,19,NA,1330
K,19,NA,1331
B,19,NA,1332
L,19,NA,1333
H,19,NA,1334
G,19,NA,1335
K,19,NA,1336
K,19,NA,1337
D,19,NA,1338
C,19,NA,1339
J,19,NA,1340
I,19,NA,1341
E,19,NA,1342
A,19,NA,1343
F,19,NA,1344
K,19,NA,1345
L,19,NA,1346
H,19,NA,1347
G,19,NA,1348
A,19,NA,1349
B,19,NA,1350
F,19,NA,1351
E,19,NA,1352
D,19,NA,1353
C,19,NA,1354
J,19,NA,1355
I,19,NA,1356
G,19,NA,1357
K,19,NA,1358
A,19,NA,1359
L,19,NA,1360
I,19,NA,1361
F,19,NA,1362
K,19,NA,1363
C,19,NA,1364
H,19,NA,1365
J,19,NA,1366
E,19,NA,1367
D,19,NA,1368
K,20,NA,1369
F,20,NA,1370
B,20,NA,1371
I,20,NA,1372
G,20,NA,1373
J,20,NA,1374
E,20,NA,1375
H,20,NA,1376
K,20,NA,1377
C,20,NA,1378
D,20,NA,1379
A,20,NA,1380
B,20,NA,1381
I,20,NA,1382
C,20,NA,1383
K,20,NA,1384
G,20,NA,1385
F,20,NA,1386
H,20,NA,1387
L,20,NA,1388
A,20,NA,1389
J,20,NA,1390
D,20,NA,1391
E,20,NA,1392
G,20,NA,1393
D,20,NA,1394
J,20,NA,1395
I,20,NA,1396
K,20,NA,1397
L,20,NA,1398
A,20,NA,1399
H,20,NA,1400
F,20,NA,1401
C,20,NA,1402
B,20,NA,1403
E,20,NA,1404
C,20,NA,1405
A,20,NA,1406
I,20,NA,1407
L,20,NA,1408
J,20,NA,1409
D,20,NA,1410
K,20,NA,1411
E,20,NA,1412
B,20,NA,1413
G,20,NA,1414
H,20,NA,1415
F,20,NA,1416
K,20,NA,1417
L,20,NA,1418
A,20,NA,1419
D,20,NA,1420
E,20,NA,1421
H,20,NA,1422
I,20,NA,1423
B,20,NA,1424
C,20,NA,1425
G,20,NA,1426
J,20,NA,1427
F,20,NA,1428
L,20,NA,1429
K,20,NA,1430
A,20,NA,1431
C,20,NA,1432
H,20,NA,1433
E,20,NA,1434
I,20,NA,1435
J,20,NA,1436
F,20,NA,1437
B,20,NA,1438
D,20,NA,1439
G,20,NA,1440
F,21,NA,1441
J,21,NA,1442
I,21,NA,1443
H,21,NA,1444
D,21,NA,1445
F,21,NA,1446
C,21,NA,1447
E,21,NA,1448
J,21,NA,1449
A,21,NA,1450
B,21,NA,1451
I,21,NA,1452
G,21,NA,1453
I,21,NA,1454
L,21,NA,1455
D,21,NA,1456
C,21,NA,1457
E,21,NA,1458
J,21,NA,1459
H,21,NA,1460
A,21,NA,1461
F,21,NA,1462
L,21,NA,1463
K,21,NA,1464
A,21,NA,1465
D,21,NA,1466
C,21,NA,1467
I,21,NA,1468
K,21,NA,1469
J,21,NA,1470
L,21,NA,1471
H,21,NA,1472
E,21,NA,1473
B,21,NA,1474
B,21,NA,1475
F,21,NA,1476
F,21,NA,1477
L,21,NA,1478
I,21,NA,1479
C,21,NA,1480
J,21,NA,1481
K,21,NA,1482
E,21,NA,1483
H,21,NA,1484
A,21,NA,1485
D,21,NA,1486
G,21,NA,1487
B,21,NA,1488
B,21,NA,1489
J,21,NA,1490
E,21,NA,1491
G,21,NA,1492
A,21,NA,1493
L,21,NA,1494
F,21,NA,1495
C,21,NA,1496
D,21,NA,1497
K,21,NA,1498
I,21,NA,1499
H,21,NA,1500
E,21,NA,1501
C,21,NA,1502
K,21,NA,1503
A,21,NA,1504
J,21,NA,1505
D,21,NA,1506
G,21,NA,1507
F,21,NA,1508
H,21,NA,1509
L,21,NA,1510
B,21,NA,1511
I,21,NA,1512
F,22,NA,1513
E,22,NA,1514
I,22,NA,1515
D,22,NA,1516
L,22,NA,1517
G,22,NA,1518
C,22,NA,1519
F,22,NA,1520
A,22,NA,1521
G,22,NA,1522
B,22,NA,1523
F,22,NA,1524
F,22,NA,1525
B,22,NA,1526
C,22,NA,1527
C,22,NA,1528
D,22,NA,1529
A,22,NA,1530
H,22,NA,1531
K,22,NA,1532
E,22,NA,1533
K,22,NA,1534
E,22,NA,1535
G,22,NA,1536
C,22,NA,1537
J,22,NA,1538
E,22,NA,1539
H,22,NA,1540
G,22,NA,1541
B,22,NA,1542
G,22,NA,1543
F,22,NA,1544
A,22,NA,1545
G,22,NA,1546
C,22,NA,1547
I,22,NA,1548
G,22,NA,1549
C,22,NA,1550
A,22,NA,1551
J,22,NA,1552
H,22,NA,1553
I,22,NA,1554
B,22,NA,1555
E,22,NA,1556
H,22,NA,1557
F,22,NA,1558
F,22,NA,1559
K,22,NA,1560
F,22,NA,1561
F,22,NA,1562
J,22,NA,1563
L,22,NA,1564
E,22,NA,1565
C,22,NA,1566
K,22,NA,1567
I,22,NA,1568
H,22,NA,1569
B,22,NA,1570
A,22,NA,1571
E,22,NA,1572
K,22,NA,1573
A,22,NA,1574
H,22,NA,1575
E,22,NA,1576
K,22,NA,1577
B,22,NA,1578
C,22,NA,1579
H,22,NA,1580
F,22,NA,1581
F,22,NA,1582
I,22,NA,1583
I,22,NA,1584
B,23,NA,1585
B,23,NA,1586
H,23,NA,1587
A,23,NA,1588
J,23,NA,1589
E,23,NA,1590
H,23,NA,1591
I,23,NA,1592
C,23,NA,1593
D,23,NA,1594
L,23,NA,1595
B,23,NA,1596
J,23,NA,1597
F,23,NA,1598
A,23,NA,1599
D,23,NA,1600
E,23,NA,1601
G,23,NA,1602
B,23,NA,1603
H,23,NA,1604
C,23,NA,1605
H,23,NA,1606
L,23,NA,1607
I,23,NA,1608
B,23,NA,1609
J,23,NA,1610
K,23,NA,1611
L,23,NA,1612
D,23,NA,1613
A,23,NA,1614
F,23,NA,1615
G,23,NA,1616
C,23,NA,1617
E,23,NA,1618
H,23,NA,1619
I,23,NA,1620
K,23,NA,1621
L,23,NA,1622
I,23,NA,1623
E,23,NA,1624
J,23,NA,1625
D,23,NA,1626
F,23,NA,1627
C,23,NA,1628
A,23,NA,1629
G,23,NA,1630
B,23,NA,1631
H,23,NA,1632
I,23,NA,1633
A,23,NA,1634
L,23,NA,1635
G,23,NA,1636
H,23,NA,1637
J,23,NA,1638
F,23,NA,1639
C,23,NA,1640
B,23,NA,1641
D,23,NA,1642
G,23,NA,1643
E,23,NA,1644
H,23,NA,1645
L,23,NA,1646
F,23,NA,1647
K,23,NA,1648
G,23,NA,1649
J,23,NA,1650
I,23,NA,1651
E,23,NA,1652
D,23,NA,1653
C,23,NA,1654
B,23,NA,1655
A,23,NA,1656
K,24,NA,1657
B,24,NA,1658
J,24,NA,1659
F,24,NA,1660
B,24,NA,1661
L,24,NA,1662
H,24,NA,1663
I,24,NA,1664
G,24,NA,1665
E,24,NA,1666
D,24,NA,1667
A,24,NA,1668
E,24,NA,1669
F,24,NA,1670
J,24,NA,1671
H,24,NA,1672
C,24,NA,1673
D,24,NA,1674
I,24,NA,1675
B,24,NA,1676
A,24,NA,1677
A,24,NA,1678
G,24,NA,1679
G,24,NA,1680
I,24,NA,1681
J,24,NA,1682
D,24,NA,1683
C,24,NA,1684
G,24,NA,1685
E,24,NA,1686
F,24,NA,1687
K,24,NA,1688
A,24,NA,1689
H,24,NA,1690
A,24,NA,1691
B,24,NA,1692
A,24,NA,1693
I,24,NA,1694
J,24,NA,1695
F,24,NA,1696
D,24,NA,1697
L,24,NA,1698
E,24,NA,1699
K,24,NA,1700
B,24,NA,1701
G,24,NA,1702
C,24,NA,1703
H,24,NA,1704
D,24,NA,1705
B,24,NA,1706
A,24,NA,1707
I,24,NA,1708
J,24,NA,1709
E,24,NA,1710
G,24,NA,1711
H,24,NA,1712
K,24,NA,1713
C,24,NA,1714
L,24,NA,1715
F,24,NA,1716
E,24,NA,1717
G,24,NA,1718
K,24,NA,1719
D,24,NA,1720
F,24,NA,1721
C,24,NA,1722
L,24,NA,1723
A,24,NA,1724
I,24,NA,1725
B,24,NA,1726
H,24,NA,1727
J,24,NA,1728
G,25,NA,1729
A,25,NA,1730
D,25,NA,1731
F,25,NA,1732
K,25,NA,1733
D,25,NA,1734
I,25,NA,1735
F,25,NA,1736
H,25,NA,1737
C,25,NA,1738
K,25,NA,1739
K,25,NA,1740
A,25,NA,1741
H,25,NA,1742
C,25,NA,1743
J,25,NA,1744
D,25,NA,1745
D,25,NA,1746
I,25,NA,1747
F,25,NA,1748
K,25,NA,1749
G,25,NA,1750
E,25,NA,1751
K,25,NA,1752
K,25,NA,1753
J,25,NA,1754
I,25,NA,1755
C,25,NA,1756
D,25,NA,1757
A,25,NA,1758
B,25,NA,1759
H,25,NA,1760
K,25,NA,1761
F,25,NA,1762
G,25,NA,1763
L,25,NA,1764
G,25,NA,1765
I,25,NA,1766
H,25,NA,1767
L,25,NA,1768
D,25,NA,1769
F,25,NA,1770
K,25,NA,1771
A,25,NA,1772
C,25,NA,1773
K,25,NA,1774
E,25,NA,1775
J,25,NA,1776
A,25,NA,1777
D,25,NA,1778
F,25,NA,1779
I,25,NA,1780
E,25,NA,1781
K,25,NA,1782
K,25,NA,1783
K,25,NA,1784
C,25,NA,1785
J,25,NA,1786
H,25,NA,1787
G,25,NA,1788
D,25,NA,1789
K,25,NA,1790
J,25,NA,1791
I,25,NA,1792
H,25,NA,1793
C,25,NA,1794
F,25,NA,1795
A,25,NA,1796
L,25,NA,1797
G,25,NA,1798
K,25,NA,1799
I,25,NA,1800
C,26,NA,1801
D,26,NA,1802
H,26,NA,1803
F,26,NA,1804
A,26,NA,1805
C,26,NA,1806
B,26,NA,1807
B,26,NA,1808
K,26,NA,1809
E,26,NA,1810
K,26,NA,1811
A,26,NA,1812
A,26,NA,1813
I,26,NA,1814
L,26,NA,1815
B,26,NA,1816
F,26,NA,1817
C,26,NA,1818
G,26,NA,1819
F,26,NA,1820
K,26,NA,1821
J,26,NA,1822
K,26,NA,1823
D,26,NA,1824
L,26,NA,1825
K,26,NA,1826
J,26,NA,1827
A,26,NA,1828
C,26,NA,1829
F,26,NA,1830
E,26,NA,1831
A,26,NA,1832
B,26,NA,1833
L,26,NA,1834
E,26,NA,1835
D,26,NA,1836
D,26,NA,1837
G,26,NA,1838
C,26,NA,1839
I,26,NA,1840
I,26,NA,1841
J,26,NA,1842
K,26,NA,1843
B,26,NA,1844
K,26,NA,1845
H,26,NA,1846
E,26,NA,1847
F,26,NA,1848
A,26,NA,1849
C,26,NA,1850
F,26,NA,1851
B,26,NA,1852
J,26,NA,1853
D,26,NA,1854
G,26,NA,1855
K,26,NA,1856
L,26,NA,1857
H,26,NA,1858
I,26,NA,1859
E,26,NA,1860
I,26,NA,1861
A,26,NA,1862
D,26,NA,1863
B,26,NA,1864
C,26,NA,1865
L,26,NA,1866
F,26,NA,1867
E,26,NA,1868
H,26,NA,1869
G,26,NA,1870
J,26,NA,1871
K,26,NA,1872
C,27,NA,1873
L,27,NA,1874
A,27,NA,1875
B,27,NA,1876
F,27,NA,1877
J,27,NA,1878
J,27,NA,1879
A,27,NA,1880
J,27,NA,1881
K,27,NA,1882
I,27,NA,1883
E,27,NA,1884
F,27,NA,1885
L,27,NA,1886
A,27,NA,1887
A,27,NA,1888
E,27,NA,1889
J,27,NA,1890
D,27,NA,1891
C,27,NA,1892
H,27,NA,1893
K,27,NA,1894
I,27,NA,1895
L,27,NA,1896
C,27,NA,1897
D,27,NA,1898
J,27,NA,1899
B,27,NA,1900
A,27,NA,1901
K,27,NA,1902
I,27,NA,1903
H,27,NA,1904
A,27,NA,1905
E,27,NA,1906
L,27,NA,1907
F,27,NA,1908
B,27,NA,1909
L,27,NA,1910
J,27,NA,1911
C,27,NA,1912
I,27,NA,1913
D,27,NA,1914
E,27,NA,1915
A,27,NA,1916
F,27,NA,1917
H,27,NA,1918
I,27,NA,1919
K,27,NA,1920
G,27,NA,1921
D,27,NA,1922
L,27,NA,1923
F,27,NA,1924
I,27,NA,1925
K,27,NA,1926
H,27,NA,1927
E,27,NA,1928
B,27,NA,1929
A,27,NA,1930
J,27,NA,1931
C,27,NA,1932
G,27,NA,1933
I,27,NA,1934
B,27,NA,1935
J,27,NA,1936
C,27,NA,1937
A,27,NA,1938
E,27,NA,1939
F,27,NA,1940
J,27,NA,1941
D,27,NA,1942
L,27,NA,1943
K,27,NA,1944
A,28,NA,1945
I,28,NA,1946
B,28,NA,1947
L,28,NA,1948
C,28,NA,1949
F,28,NA,1950
E,28,NA,1951
K,28,NA,1952
B,28,NA,1953
E,28,NA,1954
K,28,NA,1955
F,28,NA,1956
I,28,NA,1957
D,28,NA,1958
A,28,NA,1959
F,28,NA,1960
G,28,NA,1961
K,28,NA,1962
L,28,NA,1963
I,28,NA,1964
E,28,NA,1965
D,28,NA,1966
G,28,NA,1967
L,28,NA,1968
H,28,NA,1969
D,28,NA,1970
G,28,NA,1971
E,28,NA,1972
L,28,NA,1973
A,28,NA,1974
H,28,NA,1975
K,28,NA,1976
F,28,NA,1977
C,28,NA,1978
D,28,NA,1979
I,28,NA,1980
F,28,NA,1981
A,28,NA,1982
H,28,NA,1983
C,28,NA,1984
B,28,NA,1985
G,28,NA,1986
L,28,NA,1987
I,28,NA,1988
J,28,NA,1989
L,28,NA,1990
F,28,NA,1991
D,28,NA,1992
C,28,NA,1993
D,28,NA,1994
J,28,NA,1995
L,28,NA,1996
H,28,NA,1997
G,28,NA,1998
E,28,NA,1999
I,28,NA,2000
A,28,NA,2001
K,28,NA,2002
E,28,NA,2003
F,28,NA,2004
H,28,NA,2005
C,28,NA,2006
E,28,NA,2007
G,28,NA,2008
L,28,NA,2009
E,28,NA,2010
J,28,NA,2011
F,28,NA,2012
I,28,NA,2013
K,28,NA,2014
A,28,NA,2015
D,28,NA,2016
F,29,NA,2017
C,29,NA,2018
K,29,NA,2019
H,29,NA,2020
G,29,NA,2021
I,29,NA,2022
E,29,NA,2023
L,29,NA,2024
C,29,NA,2025
B,29,NA,2026
J,29,NA,2027
D,29,NA,2028
L,29,NA,2029
I,29,NA,2030
E,29,NA,2031
K,29,NA,2032
J,29,NA,2033
D,29,NA,2034
C,29,NA,2035
B,29,NA,2036
G,29,NA,2037
H,29,NA,2038
F,29,NA,2039
A,29,NA,2040
H,29,NA,2041
G,29,NA,2042
B,29,NA,2043
K,29,NA,2044
E,29,NA,2045
J,29,NA,2046
C,29,NA,2047
F,29,NA,2048
D,29,NA,2049
A,29,NA,2050
L,29,NA,2051
I,29,NA,2052
C,29,NA,2053
B,29,NA,2054
L,29,NA,2055
K,29,NA,2056
F,29,NA,2057
E,29,NA,2058
D,29,NA,2059
I,29,NA,2060
G,29,NA,2061
H,29,NA,2062
J,29,NA,2063
A,29,NA,2064
H,29,NA,2065
A,29,NA,2066
I,29,NA,2067
C,29,NA,2068
F,29,NA,2069
K,29,NA,2070
L,29,NA,2071
G,29,NA,2072
D,29,NA,2073
J,29,NA,2074
E,29,NA,2075
B,29,NA,2076
B,29,NA,2077
G,29,NA,2078
K,29,NA,2079
E,29,NA,2080
L,29,NA,2081
J,29,NA,2082
H,29,NA,2083
A,29,NA,2084
I,29,NA,2085
C,29,NA,2086
D,29,NA,2087
F,29,NA,2088
E,30,NA,2089
A,30,NA,2090
D,30,NA,2091
E,30,NA,2092
B,30,NA,2093
J,30,NA,2094
G,30,NA,2095
A,30,NA,2096
G,30,NA,2097
B,30,NA,2098
J,30,NA,2099
A,30,NA,2100
J,30,NA,2101
G,30,NA,2102
J,30,NA,2103
A,30,NA,2104
D,30,NA,2105
J,30,NA,2106
A,30,NA,2107
K,30,NA,2108
K,30,NA,2109
E,30,NA,2110
D,30,NA,2111
J,30,NA,2112
G,30,NA,2113
J,30,NA,2114
D,30,NA,2115
A,30,NA,2116
L,30,NA,2117
G,30,NA,2118
I,30,NA,2119
E,30,NA,2120
G,30,NA,2121
I,30,NA,2122
B,30,NA,2123
C,30,NA,2124
C,30,NA,2125
L,30,NA,2126
F,30,NA,2127
I,30,NA,2128
D,30,NA,2129
A,30,NA,2130
H,30,NA,2131
D,30,NA,2132
G,30,NA,2133
F,30,NA,2134
C,30,NA,2135
K,30,NA,2136
J,30,NA,2137
A,30,NA,2138
B,30,NA,2139
A,30,NA,2140
K,30,NA,2141
C,30,NA,2142
B,30,NA,2143
C,30,NA,2144
H,30,NA,2145
F,30,NA,2146
J,30,NA,2147
C,30,NA,2148
E,30,NA,2149
E,30,NA,2150
D,30,NA,2151
D,30,NA,2152
F,30,NA,2153
I,30,NA,2154
J,30,NA,2155
K,30,NA,2156
G,30,NA,2157
D,30,NA,2158
G,30,NA,2159
I,30,NA,2160
G,31,NA,2161
D,31,NA,2162
K,31,NA,2163
A,31,NA,2164
H,31,NA,2165
J,31,NA,2166
K,31,NA,2167
L,31,NA,2168
F,31,NA,2169
I,31,NA,2170
E,31,NA,2171
B,31,NA,2172
B,31,NA,2173
K,31,NA,2174
J,31,NA,2175
K,31,NA,2176
E,31,NA,2177
H,31,NA,2178
L,31,NA,2179
I,31,NA,2180
G,31,NA,2181
F,31,NA,2182
A,31,NA,2183
D,31,NA,2184
C,31,NA,2185
K,31,NA,2186
B,31,NA,2187
J,31,NA,2188
L,31,NA,2189
E,31,NA,2190
A,31,NA,2191
H,31,NA,2192
I,31,NA,2193
G,31,NA,2194
D,31,NA,2195
F,31,NA,2196
J,31,NA,2197
F,31,NA,2198
E,31,NA,2199
C,31,NA,2200
G,31,NA,2201
I,31,NA,2202
K,31,NA,2203
L,31,NA,2204
B,31,NA,2205
H,31,NA,2206
D,31,NA,2207
A,31,NA,2208
E,31,NA,2209
D,31,NA,2210
F,31,NA,2211
C,31,NA,2212
H,31,NA,2213
K,31,NA,2214
A,31,NA,2215
G,31,NA,2216
B,31,NA,2217
I,31,NA,2218
K,31,NA,2219
J,31,NA,2220
K,31,NA,2221
L,31,NA,2222
C,31,NA,2223
B,31,NA,2224
D,31,NA,2225
H,31,NA,2226
A,31,NA,2227
J,31,NA,2228
G,31,NA,2229
I,31,NA,2230
E,31,NA,2231
F,31,NA,2232
J,32,NA,2233
A,32,NA,2234
I,32,NA,2235
C,32,NA,2236
K,32,NA,2237
F,32,NA,2238
L,32,NA,2239
B,32,NA,2240
D,32,NA,2241
H,32,NA,2242
G,32,NA,2243
E,32,NA,2244
I,32,NA,2245
A,32,NA,2246
C,32,NA,2247
F,32,NA,2248
J,32,NA,2249
G,32,NA,2250
E,32,NA,2251
D,32,NA,2252
K,32,NA,2253
B,32,NA,2254
H,32,NA,2255
L,32,NA,2256
K,32,NA,2257
D,32,NA,2258
A,32,NA,2259
F,32,NA,2260
H,32,NA,2261
E,32,NA,2262
C,32,NA,2263
F,32,NA,2264
J,32,NA,2265
L,32,NA,2266
I,32,NA,2267
B,32,NA,2268
J,32,NA,2269
C,32,NA,2270
I,32,NA,2271
G,32,NA,2272
B,32,NA,2273
E,32,NA,2274
D,32,NA,2275
F,32,NA,2276
L,32,NA,2277
K,32,NA,2278
H,32,NA,2279
A,32,NA,2280
C,32,NA,2281
E,32,NA,2282
L,32,NA,2283
B,32,NA,2284
I,32,NA,2285
K,32,NA,2286
H,32,NA,2287
A,32,NA,2288
F,32,NA,2289
J,32,NA,2290
D,32,NA,2291
G,32,NA,2292
C,32,NA,2293
I,32,NA,2294
B,32,NA,2295
A,32,NA,2296
F,32,NA,2297
G,32,NA,2298
E,32,NA,2299
J,32,NA,2300
D,32,NA,2301
L,32,NA,2302
H,32,NA,2303
K,32,NA,2304
D,33,NA,2305
H,33,NA,2306
D,33,NA,2307
K,33,NA,2308
C,33,NA,2309
E,33,NA,2310
L,33,NA,2311
H,33,NA,2312
I,33,NA,2313
I,33,NA,2314
F,33,NA,2315
A,33,NA,2316
F,33,NA,2317
H,33,NA,2318
G,33,NA,2319
A,33,NA,2320
K,33,NA,2321
B,33,NA,2322
E,33,NA,2323
C,33,NA,2324
D,33,NA,2325
J,33,NA,2326
J,33,NA,2327
I,33,NA,2328
L,33,NA,2329
E,33,NA,2330
D,33,NA,2331
B,33,NA,2332
K,33,NA,2333
F,33,NA,2334
I,33,NA,2335
C,33,NA,2336
H,33,NA,2337
G,33,NA,2338
K,33,NA,2339
A,33,NA,2340
G,33,NA,2341
A,33,NA,2342
F,33,NA,2343
K,33,NA,2344
K,33,NA,2345
D,33,NA,2346
J,33,NA,2347
I,33,NA,2348
B,33,NA,2349
C,33,NA,2350
E,33,NA,2351
H,33,NA,2352
I,33,NA,2353
C,33,NA,2354
G,33,NA,2355
D,33,NA,2356
H,33,NA,2357
F,33,NA,2358
E,33,NA,2359
L,33,NA,2360
B,33,NA,2361
L,33,NA,2362
K,33,NA,2363
A,33,NA,2364
C,33,NA,2365
D,33,NA,2366
A,33,NA,2367
E,33,NA,2368
L,33,NA,2369
H,33,NA,2370
B,33,NA,2371
G,33,NA,2372
L,33,NA,2373
I,33,NA,2374
J,33,NA,2375
F,33,NA,2376
L,34,NA,2377
H,34,NA,2378
E,34,NA,2379
A,34,NA,2380
I,34,NA,2381
K,34,NA,2382
D,34,NA,2383
C,34,NA,2384
B,34,NA,2385
L,34,NA,2386
J,34,NA,2387
L,34,NA,2388
L,34,NA,2389
A,34,NA,2390
E,34,NA,2391
D,34,NA,2392
J,34,NA,2393
B,34,NA,2394
G,34,NA,2395
C,34,NA,2396
K,34,NA,2397
I,34,NA,2398
H,34,NA,2399
F,34,NA,2400
C,34,NA,2401
E,34,NA,2402
J,34,NA,2403
H,34,NA,2404
F,34,NA,2405
D,34,NA,2406
K,34,NA,2407
I,34,NA,2408
A,34,NA,2409
B,34,NA,2410
L,34,NA,2411
J,34,NA,2412
J,34,NA,2413
F,34,NA,2414
A,34,NA,2415
G,34,NA,2416
C,34,NA,2417
I,34,NA,2418
H,34,NA,2419
K,34,NA,2420
E,34,NA,2421
D,34,NA,2422
L,34,NA,2423
B,34,NA,2424
H,34,NA,2425
I,34,NA,2426
E,34,NA,2427
K,34,NA,2428
C,34,NA,2429
B,34,NA,2430
F,34,NA,2431
J,34,NA,2432
D,34,NA,2433
G,34,NA,2434
A,34,NA,2435
L,34,NA,2436
H,34,NA,2437
K,34,NA,2438
F,34,NA,2439
I,34,NA,2440
E,34,NA,2441
L,34,NA,2442
G,34,NA,2443
D,34,NA,2444
C,34,NA,2445
A,34,NA,2446
J,34,NA,2447
B,34,NA,2448
G,35,NA,2449
F,35,NA,2450
K,35,NA,2451
J,35,NA,2452
D,35,NA,2453
A,35,NA,2454
B,35,NA,2455
E,35,NA,2456
C,35,NA,2457
K,35,NA,2458
I,35,NA,2459
F,35,NA,2460
I,35,NA,2461
B,35,NA,2462
D,35,NA,2463
E,35,NA,2464
K,35,NA,2465
A,35,NA,2466
L,35,NA,2467
C,35,NA,2468
C,35,NA,2469
E,35,NA,2470
K,35,NA,2471
H,35,NA,2472
E,35,NA,2473
I,35,NA,2474
K,35,NA,2475
H,35,NA,2476
C,35,NA,2477
D,35,NA,2478
B,35,NA,2479
J,35,NA,2480
A,35,NA,2481
F,35,NA,2482
H,35,NA,2483
L,35,NA,2484
F,35,NA,2485
C,35,NA,2486
B,35,NA,2487
K,35,NA,2488
I,35,NA,2489
K,35,NA,2490
D,35,NA,2491
J,35,NA,2492
A,35,NA,2493
H,35,NA,2494
E,35,NA,2495
G,35,NA,2496
F,35,NA,2497
L,35,NA,2498
J,35,NA,2499
C,35,NA,2500
E,35,NA,2501
H,35,NA,2502
D,35,NA,2503
I,35,NA,2504
B,35,NA,2505
K,35,NA,2506
G,35,NA,2507
A,35,NA,2508
K,35,NA,2509
A,35,NA,2510
F,35,NA,2511
J,35,NA,2512
G,35,NA,2513
L,35,NA,2514
I,35,NA,2515
D,35,NA,2516
E,35,NA,2517
B,35,NA,2518
J,35,NA,2519
C,35,NA,2520
C,36,NA,2521
A,36,NA,2522
B,36,NA,2523
G,36,NA,2524
H,36,NA,2525
J,36,NA,2526
K,36,NA,2527
E,36,NA,2528
G,36,NA,2529
B,36,NA,2530
D,36,NA,2531
E,36,NA,2532
E,36,NA,2533
I,36,NA,2534
K,36,NA,2535
F,36,NA,2536
G,36,NA,2537
H,36,NA,2538
K,36,NA,2539
C,36,NA,2540
J,36,NA,2541
B,36,NA,2542
E,36,NA,2543
D,36,NA,2544
D,36,NA,2545
B,36,NA,2546
H,36,NA,2547
A,36,NA,2548
B,36,NA,2549
J,36,NA,2550
G,36,NA,2551
L,36,NA,2552
B,36,NA,2553
G,36,NA,2554
C,36,NA,2555
F,36,NA,2556
C,36,NA,2557
D,36,NA,2558
B,36,NA,2559
A,36,NA,2560
B,36,NA,2561
L,36,NA,2562
L,36,NA,2563
B,36,NA,2564
E,36,NA,2565
A,36,NA,2566
J,36,NA,2567
H,36,NA,2568
C,36,NA,2569
B,36,NA,2570
A,36,NA,2571
L,36,NA,2572
H,36,NA,2573
A,36,NA,2574
L,36,NA,2575
F,36,NA,2576
A,36,NA,2577
J,36,NA,2578
E,36,NA,2579
K,36,NA,2580
D,36,NA,2581
B,36,NA,2582
G,36,NA,2583
I,36,NA,2584
A,36,NA,2585
K,36,NA,2586
J,36,NA,2587
F,36,NA,2588
D,36,NA,2589
H,36,NA,2590
B,36,NA,2591
C,36,NA,2592
C,37,NA,2593
E,37,NA,2594
D,37,NA,2595
H,37,NA,2596
F,37,NA,2597
I,37,NA,2598
K,37,NA,2599
C,37,NA,2600
A,37,NA,2601
K,37,NA,2602
L,37,NA,2603
J,37,NA,2604
D,37,NA,2605
K,37,NA,2606
L,37,NA,2607
B,37,NA,2608
G,37,NA,2609
H,37,NA,2610
I,37,NA,2611
C,37,NA,2612
E,37,NA,2613
F,37,NA,2614
A,37,NA,2615
J,37,NA,2616
C,37,NA,2617
B,37,NA,2618
I,37,NA,2619
K,37,NA,2620
A,37,NA,2621
F,37,NA,2622
J,37,NA,2623
D,37,NA,2624
H,37,NA,2625
E,37,NA,2626
L,37,NA,2627
G,37,NA,2628
E,37,NA,2629
G,37,NA,2630
D,37,NA,2631
K,37,NA,2632
B,37,NA,2633
F,37,NA,2634
A,37,NA,2635
I,37,NA,2636
C,37,NA,2637
H,37,NA,2638
J,37,NA,2639
L,37,NA,2640
L,37,NA,2641
D,37,NA,2642
K,37,NA,2643
I,37,NA,2644
J,37,NA,2645
C,37,NA,2646
G,37,NA,2647
F,37,NA,2648
A,37,NA,2649
B,37,NA,2650
E,37,NA,2651
H,37,NA,2652
J,37,NA,2653
I,37,NA,2654
B,37,NA,2655
C,37,NA,2656
D,37,NA,2657
A,37,NA,2658
L,37,NA,2659
K,37,NA,2660
F,37,NA,2661
E,37,NA,2662
G,37,NA,2663
H,37,NA,2664
L,38,NA,2665
I,38,NA,2666
C,38,NA,2667
E,38,NA,2668
H,38,NA,2669
B,38,NA,2670
G,38,NA,2671
K,38,NA,2672
G,38,NA,2673
F,38,NA,2674
A,38,NA,2675
B,38,NA,2676
A,38,NA,2677
H,38,NA,2678
D,38,NA,2679
G,38,NA,2680
C,38,NA,2681
B,38,NA,2682
I,38,NA,2683
F,38,NA,2684
L,38,NA,2685
E,38,NA,2686
B,38,NA,2687
J,38,NA,2688
F,38,NA,2689
B,38,NA,2690
C,38,NA,2691
J,38,NA,2692
E,38,NA,2693
D,38,NA,2694
K,38,NA,2695
L,38,NA,2696
H,38,NA,2697
I,38,NA,2698
A,38,NA,2699
G,38,NA,2700
I,38,NA,2701
A,38,NA,2702
L,38,NA,2703
H,38,NA,2704
G,38,NA,2705
F,38,NA,2706
J,38,NA,2707
C,38,NA,2708
B,38,NA,2709
E,38,NA,2710
H,38,NA,2711
K,38,NA,2712
D,38,NA,2713
J,38,NA,2714
C,38,NA,2715
G,38,NA,2716
L,38,NA,2717
A,38,NA,2718
E,38,NA,2719
H,38,NA,2720
K,38,NA,2721
I,38,NA,2722
F,38,NA,2723
B,38,NA,2724
B,38,NA,2725
I,38,NA,2726
H,38,NA,2727
J,38,NA,2728
G,38,NA,2729
E,38,NA,2730
C,38,NA,2731
L,38,NA,2732
D,38,NA,2733
K,38,NA,2734
A,38,NA,2735
F,38,NA,2736
C,39,NA,2737
B,39,NA,2738
L,39,NA,2739
F,39,NA,2740
J,39,NA,2741
E,39,NA,2742
I,39,NA,2743
J,39,NA,2744
F,39,NA,2745
K,39,NA,2746
K,39,NA,2747
A,39,NA,2748
K,39,NA,2749
F,40,NA,2750
C,40,NA,2751
D,40,NA,2752
C,40,NA,2753
J,40,NA,2754
A,40,NA,2755
A,40,NA,2756
G,40,NA,2757
J,40,NA,2758
K,40,NA,2759
E,40,NA,2760
L,40,NA,2761
E,40,NA,2762
E,40,NA,2763
D,40,NA,2764
H,40,NA,2765
E,40,NA,2766
J,40,NA,2767
K,40,NA,2768
K,40,NA,2769
F,40,NA,2770
H,40,NA,2771
A,40,NA,2772
C,40,NA,2773
C,40,NA,2774
H,40,NA,2775
C,40,NA,2776
J,40,NA,2777
F,40,NA,2778
D,40,NA,2779
B,40,NA,2780
D,40,NA,2781
F,40,NA,2782
L,40,NA,2783
E,40,NA,2784
E,40,NA,2785
F,40,NA,2786
A,40,NA,2787
L,40,NA,2788
E,40,NA,2789
K,40,NA,2790
L,40,NA,2791
A,40,NA,2792
G,40,NA,2793
D,40,NA,2794
C,40,NA,2795
E,40,NA,2796
A,40,NA,2797
I,40,NA,2798
G,40,NA,2799
C,40,NA,2800
L,40,NA,2801
L,40,NA,2802
J,40,NA,2803
F,40,NA,2804
J,40,NA,2805
D,40,NA,2806
L,40,NA,2807
B,40,NA,2808
E,40,NA,2809
L,40,NA,2810
K,40,NA,2811
G,40,NA,2812
K,40,NA,2813
A,40,NA,2814
C,40,NA,2815
A,40,NA,2816
B,40,NA,2817
E,40,NA,2818
F,40,NA,2819
C,40,NA,2820
K,40,NA,2821
E,41,NA,2822
F,41,NA,2823
A,41,NA,2824
G,41,NA,2825
C,41,NA,2826
F,41,NA,2827
C,41,NA,2828
L,41,NA,2829
G,41,NA,2830
L,41,NA,2831
I,41,NA,2832
J,41,NA,2833
B,41,NA,2834
F,41,NA,2835
I,41,NA,2836
L,41,NA,2837
E,41,NA,2838
G,41,NA,2839
A,41,NA,2840
C,41,NA,2841
F,41,NA,2842
L,41,NA,2843
J,41,NA,2844
D,41,NA,2845
F,41,NA,2846
A,41,NA,2847
K,41,NA,2848
B,41,NA,2849
I,41,NA,2850
H,41,NA,2851
G,41,NA,2852
J,41,NA,2853
E,41,NA,2854
L,41,NA,2855
C,41,NA,2856
D,41,NA,2857
B,41,NA,2858
C,41,NA,2859
A,41,NA,2860
F,41,NA,2861
K,41,NA,2862
D,41,NA,2863
H,41,NA,2864
L,41,NA,2865
E,41,NA,2866
I,41,NA,2867
B,41,NA,2868
B,41,NA,2869
F,41,NA,2870
I,41,NA,2871
J,41,NA,2872
A,41,NA,2873
G,41,NA,2874
C,41,NA,2875
H,41,NA,2876
B,41,NA,2877
D,41,NA,2878
L,41,NA,2879
E,41,NA,2880
K,41,NA,2881
H,41,NA,2882
G,41,NA,2883
K,41,NA,2884
J,41,NA,2885
I,41,NA,2886
D,41,NA,2887
L,41,NA,2888
B,41,NA,2889
E,41,NA,2890
F,41,NA,2891
C,41,NA,2892
A,41,NA,2893
E,42,NA,2894
E,42,NA,2895
J,42,NA,2896
K,42,NA,2897
H,42,NA,2898
A,42,NA,2899
C,42,NA,2900
D,42,NA,2901
B,42,NA,2902
F,42,NA,2903
B,42,NA,2904
E,42,NA,2905
J,42,NA,2906
E,42,NA,2907
A,42,NA,2908
D,42,NA,2909
K,42,NA,2910
B,42,NA,2911
I,42,NA,2912
K,42,NA,2913
F,42,NA,2914
H,42,NA,2915
C,42,NA,2916
K,42,NA,2917
G,42,NA,2918
E,42,NA,2919
D,42,NA,2920
K,42,NA,2921
F,42,NA,2922
J,42,NA,2923
C,42,NA,2924
H,42,NA,2925
B,42,NA,2926
B,42,NA,2927
K,42,NA,2928
A,42,NA,2929
I,42,NA,2930
G,42,NA,2931
J,42,NA,2932
G,42,NA,2933
H,42,NA,2934
L,42,NA,2935
F,42,NA,2936
C,42,NA,2937
E,42,NA,2938
B,42,NA,2939
D,42,NA,2940
A,42,NA,2941
L,42,NA,2942
D,42,NA,2943
I,42,NA,2944
F,42,NA,2945
B,42,NA,2946
H,42,NA,2947
A,42,NA,2948
J,42,NA,2949
E,42,NA,2950
C,42,NA,2951
F,42,NA,2952
I,42,NA,2953
B,42,NA,2954
A,42,NA,2955
D,42,NA,2956
B,42,NA,2957
H,42,NA,2958
F,42,NA,2959
I,42,NA,2960
J,42,NA,2961
A,42,NA,2962
D,42,NA,2963
C,42,NA,2964
F,42,NA,2965
H,43,NA,2966
C,43,NA,2967
D,43,NA,2968
K,43,NA,2969
E,43,NA,2970
F,43,NA,2971
L,43,NA,2972
J,43,NA,2973
A,43,NA,2974
G,43,NA,2975
I,43,NA,2976
B,43,NA,2977
G,43,NA,2978
B,43,NA,2979
D,43,NA,2980
J,43,NA,2981
E,43,NA,2982
C,43,NA,2983
K,43,NA,2984
G,43,NA,2985
H,43,NA,2986
A,43,NA,2987
F,43,NA,2988
L,43,NA,2989
K,43,NA,2990
B,43,NA,2991
D,43,NA,2992
G,43,NA,2993
I,43,NA,2994
H,43,NA,2995
F,43,NA,2996
E,43,NA,2997
C,43,NA,2998
L,43,NA,2999
A,43,NA,3000
J,43,NA,3001
F,43,NA,3002
L,43,NA,3003
G,43,NA,3004
H,43,NA,3005
D,43,NA,3006
J,43,NA,3007
I,43,NA,3008
B,43,NA,3009
C,43,NA,3010
E,43,NA,3011
K,43,NA,3012
A,43,NA,3013
D,43,NA,3014
A,43,NA,3015
J,43,NA,3016
G,43,NA,3017
E,43,NA,3018
F,43,NA,3019
B,43,NA,3020
I,43,NA,3021
H,43,NA,3022
K,43,NA,3023
C,43,NA,3024
L,43,NA,3025
I,43,NA,3026
B,43,NA,3027
L,43,NA,3028
C,43,NA,3029
H,43,NA,3030
F,43,NA,3031
J,43,NA,3032
D,43,NA,3033
E,43,NA,3034
K,43,NA,3035
G,43,NA,3036
A,43,NA,3037
D,44,NA,3038
L,44,NA,3039
C,44,NA,3040
E,44,NA,3041
K,44,NA,3042
I,44,NA,3043
B,44,NA,3044
F,44,NA,3045
B,44,NA,3046
A,44,NA,3047
J,44,NA,3048
E,44,NA,3049
G,44,NA,3050
E,44,NA,3051
B,44,NA,3052
L,44,NA,3053
E,44,NA,3054
K,44,NA,3055
J,44,NA,3056
L,45,NA,3057
E,45,NA,3058
C,45,NA,3059
F,45,NA,3060
I,45,NA,3061
E,45,NA,3062
G,45,NA,3063
C,45,NA,3064
L,45,NA,3065
B,45,NA,3066
I,45,NA,3067
A,45,NA,3068
A,45,NA,3069
I,45,NA,3070
F,45,NA,3071
K,45,NA,3072
B,45,NA,3073
E,45,NA,3074
C,45,NA,3075
H,45,NA,3076
G,45,NA,3077
D,45,NA,3078
L,45,NA,3079
J,45,NA,3080
L,45,NA,3081
E,45,NA,3082
K,45,NA,3083
J,45,NA,3084
I,45,NA,3085
B,45,NA,3086
C,45,NA,3087
D,45,NA,3088
H,45,NA,3089
A,45,NA,3090
F,45,NA,3091
G,45,NA,3092
I,45,NA,3093
G,45,NA,3094
E,45,NA,3095
F,45,NA,3096
A,45,NA,3097
H,45,NA,3098
K,45,NA,3099
J,45,NA,3100
B,45,NA,3101
L,45,NA,3102
D,45,NA,3103
C,45,NA,3104
I,45,NA,3105
A,45,NA,3106
H,45,NA,3107
J,45,NA,3108
B,45,NA,3109
D,45,NA,3110
F,45,NA,3111
L,45,NA,3112
G,45,NA,3113
C,45,NA,3114
K,45,NA,3115
E,45,NA,3116
C,45,NA,3117
A,45,NA,3118
F,45,NA,3119
K,45,NA,3120
B,45,NA,3121
L,45,NA,3122
J,45,NA,3123
D,45,NA,3124
I,45,NA,3125
E,45,NA,3126
H,45,NA,3127
G,45,NA,3128
J,46,NA,3129
G,47,NA,3130
D,47,NA,3131
E,47,NA,3132
J,47,NA,3133
I,47,NA,3134
K,47,NA,3135
F,47,NA,3136
C,47,NA,3137
H,47,NA,3138
A,47,NA,3139
L,47,NA,3140
A,47,NA,3141
K,47,NA,3142
I,47,NA,3143
A,47,NA,3144
J,47,NA,3145
C,47,NA,3146
K,47,NA,3147
F,47,NA,3148
L,47,NA,3149
H,47,NA,3150
E,47,NA,3151
G,47,NA,3152
D,47,NA,3153
E,47,NA,3154
C,47,NA,3155
K,47,NA,3156
F,47,NA,3157
J,47,NA,3158
H,47,NA,3159
A,47,NA,3160
I,47,NA,3161
A,47,NA,3162
D,47,NA,3163
K,47,NA,3164
L,47,NA,3165
A,47,NA,3166
D,47,NA,3167
G,47,NA,3168
K,47,NA,3169
B,47,NA,3170
H,47,NA,3171
L,47,NA,3172
I,47,NA,3173
F,47,NA,3174
E,47,NA,3175
J,47,NA,3176
C,47,NA,3177
A,47,NA,3178
L,47,NA,3179
G,47,NA,3180
G,47,NA,3181
D,47,NA,3182
C,47,NA,3183
F,47,NA,3184
H,47,NA,3185
I,47,NA,3186
E,47,NA,3187
J,47,NA,3188
K,47,NA,3189
D,47,NA,3190
B,47,NA,3191
H,47,NA,3192
I,47,NA,3193
E,47,NA,3194
L,47,NA,3195
G,47,NA,3196
K,47,NA,3197
A,47,NA,3198
J,47,NA,3199
F,47,NA,3200
C,47,NA,3201
E,48,NA,3202
I,48,NA,3203
D,48,NA,3204
F,48,NA,3205
A,48,NA,3206
L,48,NA,3207
J,48,NA,3208
H,48,NA,3209
C,48,NA,3210
G,48,NA,3211
B,48,NA,3212
G,48,NA,3213
C,48,NA,3214
H,48,NA,3215
I,48,NA,3216
C,48,NA,3217
D,48,NA,3218
J,48,NA,3219
B,48,NA,3220
F,48,NA,3221
K,48,NA,3222
E,48,NA,3223
I,48,NA,3224
G,48,NA,3225
I,48,NA,3226
H,48,NA,3227
K,48,NA,3228
L,48,NA,3229
C,48,NA,3230
E,48,NA,3231
D,48,NA,3232
H,48,NA,3233
C,48,NA,3234
B,48,NA,3235
G,48,NA,3236
G,48,NA,3237
F,48,NA,3238
L,48,NA,3239
G,48,NA,3240
C,48,NA,3241
I,48,NA,3242
I,48,NA,3243
I,48,NA,3244
H,48,NA,3245
F,48,NA,3246
E,48,NA,3247
J,48,NA,3248
B,48,NA,3249
L,48,NA,3250
A,48,NA,3251
C,48,NA,3252
D,48,NA,3253
E,48,NA,3254
G,48,NA,3255
G,48,NA,3256
B,48,NA,3257
E,48,NA,3258
F,48,NA,3259
A,48,NA,3260
L,48,NA,3261
B,48,NA,3262
H,48,NA,3263
I,48,NA,3264
B,48,NA,3265
A,48,NA,3266
G,48,NA,3267
B,48,NA,3268
J,48,NA,3269
E,48,NA,3270
L,48,NA,3271
C,48,NA,3272
F,48,NA,3273
I,49,NA,3274
A,49,NA,3275
E,49,NA,3276
K,49,NA,3277
B,49,NA,3278
H,49,NA,3279
C,49,NA,3280
L,49,NA,3281
G,49,NA,3282
D,49,NA,3283
J,49,NA,3284
F,49,NA,3285
C,49,NA,3286
D,49,NA,3287
L,49,NA,3288
E,49,NA,3289
K,49,NA,3290
H,49,NA,3291
J,49,NA,3292
F,49,NA,3293
B,49,NA,3294
G,49,NA,3295
A,49,NA,3296
I,49,NA,3297
B,49,NA,3298
E,49,NA,3299
L,49,NA,3300
J,49,NA,3301
C,49,NA,3302
I,49,NA,3303
G,49,NA,3304
L,49,NA,3305
A,49,NA,3306
D,49,NA,3307
F,49,NA,3308
K,49,NA,3309
J,49,NA,3310
F,49,NA,3311
G,49,NA,3312
B,49,NA,3313
C,49,NA,3314
A,49,NA,3315
L,49,NA,3316
E,49,NA,3317
H,49,NA,3318
K,49,NA,3319
D,49,NA,3320
I,49,NA,3321
C,49,NA,3322
K,49,NA,3323
E,49,NA,3324
F,49,NA,3325
A,49,NA,3326
L,49,NA,3327
I,49,NA,3328
H,49,NA,3329
J,49,NA,3330
D,49,NA,3331
B,49,NA,3332
G,49,NA,3333
L,49,NA,3334
F,49,NA,3335
A,49,NA,3336
G,49,NA,3337
C,49,NA,3338
I,49,NA,3339
D,49,NA,3340
B,49,NA,3341
K,49,NA,3342
H,49,NA,3343
J,49,NA,3344
E,49,NA,3345
C,50,NA,3346
H,50,NA,3347
E,50,NA,3348
I,50,NA,3349
A,50,NA,3350
I,50,NA,3351
D,50,NA,3352
D,50,NA,3353
B,50,NA,3354
B,50,NA,3355
B,50,NA,3356
F,50,NA,3357
H,50,NA,3358
G,50,NA,3359
L,50,NA,3360
K,50,NA,3361
I,50,NA,3362
E,50,NA,3363
I,50,NA,3364
A,50,NA,3365
F,50,NA,3366
F,50,NA,3367
F,50,NA,3368
D,50,NA,3369
D,50,NA,3370
B,50,NA,3371
J,50,NA,3372
F,50,NA,3373
L,50,NA,3374
K,50,NA,3375
H,50,NA,3376
E,50,NA,3377
A,50,NA,3378
A,50,NA,3379
I,50,NA,3380
C,50,NA,3381
H,50,NA,3382
I,50,NA,3383
C,50,NA,3384
J,50,NA,3385
A,50,NA,3386
D,50,NA,3387
E,50,NA,3388
K,50,NA,3389
J,50,NA,3390
G,50,NA,3391
F,50,NA,3392
B,50,NA,3393
A,50,NA,3394
J,50,NA,3395
I,50,NA,3396
G,50,NA,3397
E,50,NA,3398
C,50,NA,3399
D,50,NA,3400
K,50,NA,3401
L,50,NA,3402
H,50,NA,3403
F,50,NA,3404
B,50,NA,3405
H,50,NA,3406
I,50,NA,3407
A,50,NA,3408
E,50,NA,3409
G,50,NA,3410
J,50,NA,3411
F,50,NA,3412
K,50,NA,3413
B,50,NA,3414
C,50,NA,3415
L,50,NA,3416
D,50,NA,3417
K,51,NA,3418
K,51,NA,3419
C,51,NA,3420
J,51,NA,3421
H,51,NA,3422
E,51,NA,3423
I,51,NA,3424
G,52,NA,3425
C,52,NA,3426
K,52,NA,3427
I,52,NA,3428
F,52,NA,3429
H,52,NA,3430
K,52,NA,3431
E,52,NA,3432
D,52,NA,3433
G,52,NA,3434
J,52,NA,3435
L,52,NA,3436
D,52,NA,3437
L,52,NA,3438
C,52,NA,3439
A,52,NA,3440
E,52,NA,3441
C,52,NA,3442
K,52,NA,3443
G,52,NA,3444
B,52,NA,3445
J,52,NA,3446
F,52,NA,3447
B,52,NA,3448
E,52,NA,3449
L,52,NA,3450
H,52,NA,3451
G,52,NA,3452
K,52,NA,3453
F,52,NA,3454
K,52,NA,3455
D,52,NA,3456
J,52,NA,3457
A,52,NA,3458
C,52,NA,3459
B,52,NA,3460
G,52,NA,3461
B,52,NA,3462
D,52,NA,3463
K,52,NA,3464
H,52,NA,3465
E,52,NA,3466
F,52,NA,3467
A,52,NA,3468
C,52,NA,3469
J,52,NA,3470
I,52,NA,3471
L,52,NA,3472
J,52,NA,3473
B,52,NA,3474
H,52,NA,3475
A,52,NA,3476
L,52,NA,3477
E,52,NA,3478
C,52,NA,3479
F,52,NA,3480
D,52,NA,3481
I,52,NA,3482
G,52,NA,3483
K,52,NA,3484
K,52,NA,3485
E,52,NA,3486
I,52,NA,3487
G,52,NA,3488
B,52,NA,3489
D,52,NA,3490
L,52,NA,3491
J,52,NA,3492
A,52,NA,3493
H,52,NA,3494
C,52,NA,3495
F,52,NA,3496
G,53,NA,3497
I,53,NA,3498
A,53,NA,3499
L,53,NA,3500
L,53,NA,3501
E,53,NA,3502
J,53,NA,3503
J,53,NA,3504
H,53,NA,3505
E,53,NA,3506
E,53,NA,3507
C,53,NA,3508
L,53,NA,3509
B,53,NA,3510
L,53,NA,3511
F,53,NA,3512
K,53,NA,3513
I,53,NA,3514
A,53,NA,3515
H,53,NA,3516
A,53,NA,3517
K,53,NA,3518
E,53,NA,3519
C,53,NA,3520
I,53,NA,3521
D,53,NA,3522
B,53,NA,3523
D,53,NA,3524
I,53,NA,3525
E,53,NA,3526
L,53,NA,3527
C,53,NA,3528
H,53,NA,3529
A,53,NA,3530
I,53,NA,3531
F,53,NA,3532
E,53,NA,3533
G,53,NA,3534
K,53,NA,3535
F,53,NA,3536
D,53,NA,3537
J,53,NA,3538
I,53,NA,3539
L,53,NA,3540
C,53,NA,3541
A,53,NA,3542
I,53,NA,3543
H,53,NA,3544
H,53,NA,3545
G,53,NA,3546
C,53,NA,3547
L,53,NA,3548
F,53,NA,3549
D,53,NA,3550
J,53,NA,3551
E,53,NA,3552
K,53,NA,3553
A,53,NA,3554
B,53,NA,3555
G,53,NA,3556
I,53,NA,3557
C,53,NA,3558
D,53,NA,3559
A,53,NA,3560
L,53,NA,3561
E,53,NA,3562
F,53,NA,3563
J,53,NA,3564
B,53,NA,3565
K,53,NA,3566
H,53,NA,3567
G,53,NA,3568
K,54,NA,3569
J,54,NA,3570
G,54,NA,3571
I,54,NA,3572
D,54,NA,3573
K,54,NA,3574
F,54,NA,3575
B,54,NA,3576
H,54,NA,3577
A,54,NA,3578
E,54,NA,3579
C,54,NA,3580
K,54,NA,3581
B,54,NA,3582
A,54,NA,3583
E,54,NA,3584
D,54,NA,3585
J,54,NA,3586
C,54,NA,3587
I,54,NA,3588
F,54,NA,3589
L,54,NA,3590
G,54,NA,3591
H,54,NA,3592
L,54,NA,3593
G,54,NA,3594
D,54,NA,3595
F,54,NA,3596
K,54,NA,3597
C,54,NA,3598
E,54,NA,3599
A,54,NA,3600
I,54,NA,3601
H,54,NA,3602
J,54,NA,3603
B,54,NA,3604
F,54,NA,3605
K,54,NA,3606
J,54,NA,3607
E,54,NA,3608
G,54,NA,3609
C,54,NA,3610
D,54,NA,3611
I,54,NA,3612
L,54,NA,3613
H,54,NA,3614
A,54,NA,3615
B,54,NA,3616
G,54,NA,3617
D,54,NA,3618
E,54,NA,3619
A,54,NA,3620
C,54,NA,3621
H,54,NA,3622
J,54,NA,3623
K,54,NA,3624
L,54,NA,3625
F,54,NA,3626
B,54,NA,3627
I,54,NA,3628
D,54,NA,3629
G,54,NA,3630
B,54,NA,3631
I,54,NA,3632
K,54,NA,3633
H,54,NA,3634
E,54,NA,3635
L,54,NA,3636
A,54,NA,3637
J,54,NA,3638
C,54,NA,3639
F,54,NA,3640
L,55,NA,3641
A,55,NA,3642
A,55,NA,3643
E,55,NA,3644
I,55,NA,3645
J,55,NA,3646
H,55,NA,3647
H,55,NA,3648
J,55,NA,3649
I,55,NA,3650
J,55,NA,3651
B,55,NA,3652
C,55,NA,3653
D,55,NA,3654
A,55,NA,3655
E,55,NA,3656
B,55,NA,3657
I,55,NA,3658
D,55,NA,3659
I,55,NA,3660
I,55,NA,3661
B,55,NA,3662
F,55,NA,3663
J,56,NA,3664
H,57,NA,3665
H,57,NA,3666
B,57,NA,3667
C,57,NA,3668
B,57,NA,3669
F,57,NA,3670
J,57,NA,3671
K,57,NA,3672
F,57,NA,3673
E,57,NA,3674
A,57,NA,3675
K,57,NA,3676
F,57,NA,3677
G,57,NA,3678
H,57,NA,3679
E,57,NA,3680
C,57,NA,3681
K,57,NA,3682
C,57,NA,3683
L,57,NA,3684
A,57,NA,3685
J,57,NA,3686
D,57,NA,3687
B,57,NA,3688
K,57,NA,3689
D,57,NA,3690
J,57,NA,3691
A,57,NA,3692
I,57,NA,3693
E,57,NA,3694
C,57,NA,3695
H,57,NA,3696
B,57,NA,3697
G,57,NA,3698
K,57,NA,3699
F,57,NA,3700
F,57,NA,3701
K,57,NA,3702
L,57,NA,3703
E,57,NA,3704
C,57,NA,3705
A,57,NA,3706
J,57,NA,3707
I,57,NA,3708
H,57,NA,3709
G,57,NA,3710
D,57,NA,3711
B,57,NA,3712
B,57,NA,3713
G,57,NA,3714
E,57,NA,3715
K,57,NA,3716
L,57,NA,3717
F,57,NA,3718
D,57,NA,3719
C,57,NA,3720
J,57,NA,3721
H,57,NA,3722
I,57,NA,3723
A,57,NA,3724
A,57,NA,3725
L,57,NA,3726
G,57,NA,3727
I,57,NA,3728
B,57,NA,3729
K,57,NA,3730
J,57,NA,3731
F,57,NA,3732
H,57,NA,3733
D,57,NA,3734
E,57,NA,3735
C,57,NA,3736
F,58,NA,3737
L,58,NA,3738
J,58,NA,3739
L,58,NA,3740
B,58,NA,3741
F,58,NA,3742
I,58,NA,3743
D,58,NA,3744
G,58,NA,3745
C,58,NA,3746
E,58,NA,3747
H,58,NA,3748
L,58,NA,3749
C,58,NA,3750
A,58,NA,3751
D,58,NA,3752
H,58,NA,3753
L,58,NA,3754
F,58,NA,3755
I,58,NA,3756
G,58,NA,3757
B,59,NA,3758
K,59,NA,3759
D,59,NA,3760
J,59,NA,3761
I,59,NA,3762
G,59,NA,3763
E,59,NA,3764
C,59,NA,3765
H,59,NA,3766
F,59,NA,3767
A,59,NA,3768
L,59,NA,3769
F,59,NA,3770
C,59,NA,3771
G,59,NA,3772
A,59,NA,3773
E,59,NA,3774
K,59,NA,3775
I,59,NA,3776
L,59,NA,3777
J,59,NA,3778
B,59,NA,3779
H,59,NA,3780
D,59,NA,3781
F,59,NA,3782
E,59,NA,3783
A,59,NA,3784
H,59,NA,3785
I,59,NA,3786
B,59,NA,3787
D,59,NA,3788
J,59,NA,3789
C,59,NA,3790
L,59,NA,3791
G,59,NA,3792
K,59,NA,3793
I,59,NA,3794
C,59,NA,3795
D,59,NA,3796
H,59,NA,3797
L,59,NA,3798
G,59,NA,3799
E,59,NA,3800
A,59,NA,3801
B,59,NA,3802
J,59,NA,3803
F,59,NA,3804
K,59,NA,3805
D,59,NA,3806
J,59,NA,3807
A,59,NA,3808
C,59,NA,3809
I,59,NA,3810
F,59,NA,3811
L,59,NA,3812
E,59,NA,3813
K,59,NA,3814
H,59,NA,3815
G,59,NA,3816
B,59,NA,3817
A,59,NA,3818
H,59,NA,3819
K,59,NA,3820
D,59,NA,3821
C,59,NA,3822
L,59,NA,3823
J,59,NA,3824
I,59,NA,3825
B,59,NA,3826
F,59,NA,3827
E,59,NA,3828
G,59,NA,3829
I,60,NA,3830
F,60,NA,3831
G,60,NA,3832
K,60,NA,3833
H,60,NA,3834
C,60,NA,3835
E,60,NA,3836
B,60,NA,3837
L,60,NA,3838
K,60,NA,3839
A,60,NA,3840
J,60,NA,3841
A,60,NA,3842
F,60,NA,3843
G,60,NA,3844
H,60,NA,3845
L,60,NA,3846
C,60,NA,3847
I,60,NA,3848
B,60,NA,3849
E,60,NA,3850
J,60,NA,3851
D,60,NA,3852
K,60,NA,3853
G,60,NA,3854
I,60,NA,3855
H,60,NA,3856
J,60,NA,3857
K,60,NA,3858
D,60,NA,3859
A,60,NA,3860
L,60,NA,3861
B,60,NA,3862
F,60,NA,3863
C,60,NA,3864
E,60,NA,3865
K,60,NA,3866
E,60,NA,3867
F,60,NA,3868
D,60,NA,3869
H,60,NA,3870
I,60,NA,3871
B,60,NA,3872
A,60,NA,3873
G,60,NA,3874
J,60,NA,3875
C,60,NA,3876
L,60,NA,3877
C,60,NA,3878
I,60,NA,3879
J,60,NA,3880
E,60,NA,3881
F,60,NA,3882
D,60,NA,3883
H,60,NA,3884
A,60,NA,3885
K,60,NA,3886
B,60,NA,3887
B,60,NA,3888
L,60,NA,3889
A,60,NA,3890
E,60,NA,3891
H,60,NA,3892
G,60,NA,3893
F,60,NA,3894
K,60,NA,3895
C,60,NA,3896
J,60,NA,3897
I,60,NA,3898
D,60,NA,3899
L,60,NA,3900
B,60,NA,3901
A,61,NA,3902
G,61,NA,3903
L,61,NA,3904
C,62,NA,3905
H,62,NA,3906
D,62,NA,3907
I,62,NA,3908
L,62,NA,3909
F,62,NA,3910
J,62,NA,3911
B,62,NA,3912
L,62,NA,3913
E,62,NA,3914
C,62,NA,3915
C,62,NA,3916
E,62,NA,3917
D,62,NA,3918
H,62,NA,3919
I,62,NA,3920
B,62,NA,3921
C,62,NA,3922
J,62,NA,3923
G,62,NA,3924
F,62,NA,3925
L,62,NA,3926
J,62,NA,3927
A,62,NA,3928
D,62,NA,3929
B,62,NA,3930
G,62,NA,3931
I,62,NA,3932
C,62,NA,3933
J,62,NA,3934
A,62,NA,3935
H,62,NA,3936
K,62,NA,3937
L,62,NA,3938
E,62,NA,3939
F,62,NA,3940
H,62,NA,3941
D,62,NA,3942
I,62,NA,3943
C,62,NA,3944
E,62,NA,3945
B,62,NA,3946
L,62,NA,3947
F,62,NA,3948
K,62,NA,3949
A,62,NA,3950
G,62,NA,3951
J,62,NA,3952
D,62,NA,3953
K,62,NA,3954
J,62,NA,3955
A,62,NA,3956
H,62,NA,3957
C,62,NA,3958
L,62,NA,3959
G,62,NA,3960
B,62,NA,3961
E,62,NA,3962
F,62,NA,3963
I,62,NA,3964
D,62,NA,3965
L,62,NA,3966
E,62,NA,3967
F,62,NA,3968
I,62,NA,3969
A,62,NA,3970
B,62,NA,3971
G,62,NA,3972
H,62,NA,3973
B,62,NA,3974
C,62,NA,3975
J,62,NA,3976
I,63,NA,3977
H,63,NA,3978
D,63,NA,3979
B,63,NA,3980
L,63,NA,3981
E,63,NA,3982
K,63,NA,3983
J,63,NA,3984
F,63,NA,3985
C,63,NA,3986
K,63,NA,3987
A,63,NA,3988
B,63,NA,3989
D,63,NA,3990
L,63,NA,3991
I,63,NA,3992
K,63,NA,3993
E,63,NA,3994
C,63,NA,3995
H,63,NA,3996
A,63,NA,3997
F,63,NA,3998
G,63,NA,3999
J,63,NA,4000
J,63,NA,4001
C,63,NA,4002
F,63,NA,4003
G,63,NA,4004
B,63,NA,4005
A,63,NA,4006
D,63,NA,4007
K,63,NA,4008
L,63,NA,4009
H,63,NA,4010
I,63,NA,4011
E,63,NA,4012
J,63,NA,4013
D,63,NA,4014
I,63,NA,4015
C,63,NA,4016
F,63,NA,4017
A,63,NA,4018
B,63,NA,4019
H,63,NA,4020
K,63,NA,4021
L,63,NA,4022
E,63,NA,4023
G,63,NA,4024
L,63,NA,4025
C,63,NA,4026
I,63,NA,4027
D,63,NA,4028
F,63,NA,4029
B,63,NA,4030
E,63,NA,4031
J,63,NA,4032
A,63,NA,4033
G,63,NA,4034
K,63,NA,4035
H,63,NA,4036
G,63,NA,4037
D,63,NA,4038
A,63,NA,4039
F,63,NA,4040
K,63,NA,4041
C,63,NA,4042
H,63,NA,4043
I,63,NA,4044
L,63,NA,4045
J,63,NA,4046
B,63,NA,4047
E,63,NA,4048
L,64,NA,4049
B,64,NA,4050
L,64,NA,4051
I,64,NA,4052
D,64,NA,4053
E,64,NA,4054
G,64,NA,4055
C,64,NA,4056
A,64,NA,4057
F,64,NA,4058
D,64,NA,4059
H,64,NA,4060
K,64,NA,4061
A,64,NA,4062
E,64,NA,4063
F,64,NA,4064
K,64,NA,4065
B,64,NA,4066
G,64,NA,4067
G,64,NA,4068
D,64,NA,4069
I,64,NA,4070
H,64,NA,4071
C,64,NA,4072
L,64,NA,4073
B,64,NA,4074
I,64,NA,4075
D,64,NA,4076
K,64,NA,4077
E,64,NA,4078
H,64,NA,4079
G,64,NA,4080
F,64,NA,4081
J,64,NA,4082
C,64,NA,4083
A,64,NA,4084
B,64,NA,4085
L,64,NA,4086
C,64,NA,4087
D,64,NA,4088
A,64,NA,4089
I,64,NA,4090
H,64,NA,4091
B,64,NA,4092
F,64,NA,4093
J,64,NA,4094
E,64,NA,4095
K,64,NA,4096
B,64,NA,4097
H,64,NA,4098
A,64,NA,4099
D,64,NA,4100
I,64,NA,4101
E,64,NA,4102
L,64,NA,4103
J,64,NA,4104
K,64,NA,4105
F,64,NA,4106
G,64,NA,4107
C,64,NA,4108
D,64,NA,4109
J,64,NA,4110
G,64,NA,4111
F,64,NA,4112
I,64,NA,4113
C,64,NA,4114
L,64,NA,4115
H,64,NA,4116
E,64,NA,4117
K,64,NA,4118
B,64,NA,4119
A,64,NA,4120
C,65,NA,4121
E,65,NA,4122
H,65,NA,4123
K,65,NA,4124
B,65,NA,4125
A,65,NA,4126
D,65,NA,4127
I,65,NA,4128
F,65,NA,4129
J,65,NA,4130
G,65,NA,4131
K,65,NA,4132
H,65,NA,4133
A,65,NA,4134
E,65,NA,4135
G,65,NA,4136
J,65,NA,4137
B,65,NA,4138
F,65,NA,4139
L,65,NA,4140
I,65,NA,4141
K,65,NA,4142
D,65,NA,4143
C,65,NA,4144
F,65,NA,4145
I,65,NA,4146
K,65,NA,4147
C,65,NA,4148
G,65,NA,4149
H,65,NA,4150
D,65,NA,4151
L,65,NA,4152
B,65,NA,4153
A,65,NA,4154
J,65,NA,4155
E,65,NA,4156
A,65,NA,4157
G,65,NA,4158
C,65,NA,4159
H,65,NA,4160
I,65,NA,4161
D,65,NA,4162
L,65,NA,4163
B,65,NA,4164
K,65,NA,4165
E,65,NA,4166
F,65,NA,4167
J,65,NA,4168
D,65,NA,4169
C,65,NA,4170
A,65,NA,4171
B,65,NA,4172
L,65,NA,4173
H,65,NA,4174
K,65,NA,4175
G,65,NA,4176
F,65,NA,4177
J,65,NA,4178
I,65,NA,4179
E,65,NA,4180
L,65,NA,4181
A,65,NA,4182
D,65,NA,4183
B,65,NA,4184
I,65,NA,4185
G,65,NA,4186
H,65,NA,4187
F,65,NA,4188
C,65,NA,4189
K,65,NA,4190
J,65,NA,4191
E,65,NA,4192
D,66,NA,4193
E,66,NA,4194
D,66,NA,4195
J,66,NA,4196
K,66,NA,4197
C,66,NA,4198
I,66,NA,4199
A,66,NA,4200
G,66,NA,4201
B,66,NA,4202
H,66,NA,4203
K,66,NA,4204
I,66,NA,4205
G,66,NA,4206
K,66,NA,4207
D,66,NA,4208
H,66,NA,4209
A,66,NA,4210
J,66,NA,4211
C,66,NA,4212
E,66,NA,4213
L,66,NA,4214
F,66,NA,4215
B,66,NA,4216
J,66,NA,4217
A,66,NA,4218
L,66,NA,4219
D,66,NA,4220
C,66,NA,4221
I,66,NA,4222
G,66,NA,4223
G,66,NA,4224
E,66,NA,4225
K,66,NA,4226
H,66,NA,4227
F,66,NA,4228
A,66,NA,4229
D,66,NA,4230
K,66,NA,4231
F,66,NA,4232
H,66,NA,4233
I,66,NA,4234
E,66,NA,4235
J,66,NA,4236
G,66,NA,4237
L,66,NA,4238
C,66,NA,4239
B,66,NA,4240
D,66,NA,4241
F,66,NA,4242
E,66,NA,4243
K,66,NA,4244
H,66,NA,4245
G,66,NA,4246
L,66,NA,4247
B,66,NA,4248
J,66,NA,4249
C,66,NA,4250
A,66,NA,4251
I,66,NA,4252
G,66,NA,4253
K,66,NA,4254
J,66,NA,4255
E,66,NA,4256
D,66,NA,4257
B,66,NA,4258
A,66,NA,4259
C,66,NA,4260
I,66,NA,4261
H,66,NA,4262
F,66,NA,4263
L,66,NA,4264
K,67,NA,4265
L,67,NA,4266
E,67,NA,4267
C,67,NA,4268
H,67,NA,4269
I,67,NA,4270
C,67,NA,4271
H,67,NA,4272
I,67,NA,4273
C,67,NA,4274
D,67,NA,4275
E,67,NA,4276
B,67,NA,4277
K,67,NA,4278
G,67,NA,4279
A,67,NA,4280
I,67,NA,4281
L,67,NA,4282
D,67,NA,4283
C,67,NA,4284
E,67,NA,4285
H,67,NA,4286
F,67,NA,4287
D,67,NA,4288
A,67,NA,4289
D,67,NA,4290
E,67,NA,4291
G,67,NA,4292
C,67,NA,4293
L,67,NA,4294
K,67,NA,4295
F,67,NA,4296
H,67,NA,4297
B,67,NA,4298
I,67,NA,4299
J,67,NA,4300
A,67,NA,4301
L,67,NA,4302
J,67,NA,4303
C,67,NA,4304
D,67,NA,4305
B,67,NA,4306
F,67,NA,4307
K,67,NA,4308
H,67,NA,4309
I,67,NA,4310
E,67,NA,4311
C,67,NA,4312
C,67,NA,4313
I,67,NA,4314
E,67,NA,4315
A,67,NA,4316
G,67,NA,4317
B,67,NA,4318
D,67,NA,4319
H,67,NA,4320
K,67,NA,4321
L,67,NA,4322
J,67,NA,4323
F,67,NA,4324
F,67,NA,4325
B,67,NA,4326
I,67,NA,4327
E,67,NA,4328
A,67,NA,4329
L,67,NA,4330
G,67,NA,4331
K,67,NA,4332
L,67,NA,4333
C,67,NA,4334
J,67,NA,4335
D,67,NA,4336
C,68,NA,4337
L,68,NA,4338
G,68,NA,4339
I,68,NA,4340
F,68,NA,4341
D,68,NA,4342
D,68,NA,4343
K,68,NA,4344
G,68,NA,4345
L,69,NA,4346
A,69,NA,4347
J,70,NA,4348
B,70,NA,4349
H,70,NA,4350
E,70,NA,4351
I,70,NA,4352
A,70,NA,4353
D,70,NA,4354
K,70,NA,4355
G,70,NA,4356
F,70,NA,4357
K,70,NA,4358
C,70,NA,4359
H,70,NA,4360
E,70,NA,4361
J,70,NA,4362
G,70,NA,4363
C,70,NA,4364
B,70,NA,4365
G,70,NA,4366
F,70,NA,4367
I,70,NA,4368
D,70,NA,4369
J,70,NA,4370
L,70,NA,4371
H,70,NA,4372
G,70,NA,4373
F,70,NA,4374
E,70,NA,4375
A,70,NA,4376
I,70,NA,4377
B,70,NA,4378
K,70,NA,4379
L,70,NA,4380
C,70,NA,4381
J,70,NA,4382
D,70,NA,4383
I,70,NA,4384
G,70,NA,4385
D,70,NA,4386
J,70,NA,4387
K,70,NA,4388
E,70,NA,4389
A,70,NA,4390
F,70,NA,4391
C,70,NA,4392
J,70,NA,4393
L,70,NA,4394
B,70,NA,4395
E,70,NA,4396
L,70,NA,4397
C,70,NA,4398
A,70,NA,4399
I,70,NA,4400
F,70,NA,4401
B,70,NA,4402
G,70,NA,4403
J,70,NA,4404
H,70,NA,4405
D,70,NA,4406
K,70,NA,4407
G,70,NA,4408
E,70,NA,4409
I,70,NA,4410
B,70,NA,4411
D,70,NA,4412
J,70,NA,4413
A,70,NA,4414
L,70,NA,4415
L,70,NA,4416
F,70,NA,4417
C,70,NA,4418
H,70,NA,4419
J,71,NA,4420
L,71,NA,4421
D,71,NA,4422
I,71,NA,4423
B,71,NA,4424
H,71,NA,4425
K,71,NA,4426
F,71,NA,4427
B,71,NA,4428
E,71,NA,4429
A,71,NA,4430
G,71,NA,4431
B,71,NA,4432
H,71,NA,4433
E,71,NA,4434
A,71,NA,4435
J,71,NA,4436
F,71,NA,4437
D,71,NA,4438
C,71,NA,4439
L,71,NA,4440
K,71,NA,4441
I,71,NA,4442
G,71,NA,4443
E,71,NA,4444
A,71,NA,4445
H,71,NA,4446
B,71,NA,4447
G,71,NA,4448
D,71,NA,4449
J,71,NA,4450
K,71,NA,4451
L,71,NA,4452
C,71,NA,4453
F,71,NA,4454
I,71,NA,4455
E,71,NA,4456
F,71,NA,4457
B,71,NA,4458
G,71,NA,4459
K,71,NA,4460
C,71,NA,4461
A,71,NA,4462
H,71,NA,4463
D,71,NA,4464
L,71,NA,4465
I,71,NA,4466
J,71,NA,4467
K,71,NA,4468
F,71,NA,4469
H,71,NA,4470
L,71,NA,4471
J,71,NA,4472
G,71,NA,4473
C,71,NA,4474
D,71,NA,4475
B,71,NA,4476
A,71,NA,4477
I,71,NA,4478
E,71,NA,4479
D,71,NA,4480
L,71,NA,4481
B,71,NA,4482
J,71,NA,4483
A,71,NA,4484
G,71,NA,4485
H,71,NA,4486
I,71,NA,4487
K,71,NA,4488
C,71,NA,4489
F,71,NA,4490
E,71,NA,4491
D,72,NA,4492
L,72,NA,4493
A,72,NA,4494
L,72,NA,4495
F,72,NA,4496
K,72,NA,4497
C,72,NA,4498
E,72,NA,4499
I,72,NA,4500
G,72,NA,4501
J,72,NA,4502
B,72,NA,4503
I,72,NA,4504
B,72,NA,4505
G,72,NA,4506
H,72,NA,4507
J,72,NA,4508
L,72,NA,4509
F,72,NA,4510
I,72,NA,4511
D,72,NA,4512
C,72,NA,4513
K,72,NA,4514
E,72,NA,4515
K,72,NA,4516
C,72,NA,4517
J,72,NA,4518
D,72,NA,4519
F,72,NA,4520
L,72,NA,4521
I,72,NA,4522
E,72,NA,4523
G,72,NA,4524
B,72,NA,4525
H,72,NA,4526
I,72,NA,4527
J,72,NA,4528
K,72,NA,4529
F,72,NA,4530
G,72,NA,4531
I,72,NA,4532
B,72,NA,4533
L,72,NA,4534
L,72,NA,4535
C,72,NA,4536
D,72,NA,4537
E,72,NA,4538
A,72,NA,4539
D,72,NA,4540
E,72,NA,4541
L,72,NA,4542
C,72,NA,4543
A,72,NA,4544
B,72,NA,4545
K,72,NA,4546
G,72,NA,4547
D,72,NA,4548
F,72,NA,4549
I,72,NA,4550
J,72,NA,4551
C,72,NA,4552
A,72,NA,4553
G,72,NA,4554
E,72,NA,4555
I,72,NA,4556
L,72,NA,4557
L,72,NA,4558
J,72,NA,4559
F,72,NA,4560
D,72,NA,4561
K,72,NA,4562
B,72,NA,4563
F,73,NA,4564
C,73,NA,4565
K,73,NA,4566
D,73,NA,4567
E,73,NA,4568
J,73,NA,4569
L,73,NA,4570
G,73,NA,4571
I,73,NA,4572
H,73,NA,4573
E,73,NA,4574
I,73,NA,4575
D,73,NA,4576
F,73,NA,4577
L,73,NA,4578
H,73,NA,4579
G,73,NA,4580
G,73,NA,4581
E,73,NA,4582
G,73,NA,4583
A,73,NA,4584
C,73,NA,4585
I,73,NA,4586
E,73,NA,4587
E,73,NA,4588
H,73,NA,4589
K,73,NA,4590
J,73,NA,4591
D,73,NA,4592
F,73,NA,4593
L,73,NA,4594
I,73,NA,4595
A,73,NA,4596
G,73,NA,4597
B,73,NA,4598
C,73,NA,4599
K,73,NA,4600
F,73,NA,4601
E,73,NA,4602
L,73,NA,4603
I,73,NA,4604
B,73,NA,4605
J,73,NA,4606
A,73,NA,4607
C,73,NA,4608
D,73,NA,4609
G,73,NA,4610
H,73,NA,4611
B,73,NA,4612
G,73,NA,4613
C,73,NA,4614
K,73,NA,4615
H,73,NA,4616
F,73,NA,4617
I,73,NA,4618
A,73,NA,4619
D,73,NA,4620
J,73,NA,4621
E,73,NA,4622
L,73,NA,4623
E,73,NA,4624
C,73,NA,4625
J,73,NA,4626
H,73,NA,4627
F,73,NA,4628
D,73,NA,4629
A,73,NA,4630
I,73,NA,4631
K,73,NA,4632
G,73,NA,4633
B,73,NA,4634
L,73,NA,4635
I,74,NA,4636
L,74,NA,4637
H,74,NA,4638
G,74,NA,4639
J,74,NA,4640
B,74,NA,4641
D,74,NA,4642
A,74,NA,4643
E,74,NA,4644
L,74,NA,4645
F,74,NA,4646
C,74,NA,4647
J,74,NA,4648
H,74,NA,4649
L,74,NA,4650
F,74,NA,4651
E,74,NA,4652
A,74,NA,4653
I,74,NA,4654
G,74,NA,4655
B,74,NA,4656
D,74,NA,4657
K,74,NA,4658
C,74,NA,4659
G,74,NA,4660
F,74,NA,4661
B,74,NA,4662
A,74,NA,4663
K,74,NA,4664
C,74,NA,4665
D,74,NA,4666
H,74,NA,4667
J,74,NA,4668
L,74,NA,4669
E,74,NA,4670
I,74,NA,4671
G,74,NA,4672
L,74,NA,4673
B,74,NA,4674
I,74,NA,4675
J,74,NA,4676
D,74,NA,4677
F,74,NA,4678
K,74,NA,4679
E,74,NA,4680
C,74,NA,4681
H,74,NA,4682
A,74,NA,4683
A,74,NA,4684
D,74,NA,4685
C,74,NA,4686
H,74,NA,4687
L,74,NA,4688
K,74,NA,4689
J,74,NA,4690
I,74,NA,4691
G,74,NA,4692
E,74,NA,4693
F,74,NA,4694
B,74,NA,4695
A,74,NA,4696
B,74,NA,4697
E,74,NA,4698
I,74,NA,4699
D,74,NA,4700
J,74,NA,4701
H,74,NA,4702
C,74,NA,4703
L,74,NA,4704
F,74,NA,4705
G,74,NA,4706
K,74,NA,4707
G,75,NA,4708
G,75,NA,4709
F,76,NA,4710
A,76,NA,4711
K,76,NA,4712
C,76,NA,4713
I,76,NA,4714
J,76,NA,4715
D,76,NA,4716
E,76,NA,4717
K,76,NA,4718
G,76,NA,4719
B,76,NA,4720
H,76,NA,4721
H,76,NA,4722
F,76,NA,4723
C,76,NA,4724
L,76,NA,4725
B,76,NA,4726
H,76,NA,4727
G,76,NA,4728
E,76,NA,4729
I,76,NA,4730
D,76,NA,4731
A,76,NA,4732
L,76,NA,4733
D,76,NA,4734
G,76,NA,4735
K,76,NA,4736
A,76,NA,4737
C,76,NA,4738
H,76,NA,4739
G,76,NA,4740
K,76,NA,4741
F,76,NA,4742
E,76,NA,4743
I,76,NA,4744
H,76,NA,4745
F,76,NA,4746
C,76,NA,4747
J,76,NA,4748
L,76,NA,4749
H,76,NA,4750
K,76,NA,4751
G,76,NA,4752
I,76,NA,4753
B,76,NA,4754
E,76,NA,4755
D,76,NA,4756
A,76,NA,4757
A,76,NA,4758
D,76,NA,4759
H,76,NA,4760
E,76,NA,4761
B,76,NA,4762
I,76,NA,4763
C,76,NA,4764
F,76,NA,4765
K,76,NA,4766
G,76,NA,4767
J,76,NA,4768
L,76,NA,4769
C,76,NA,4770
D,76,NA,4771
K,76,NA,4772
B,76,NA,4773
F,76,NA,4774
H,76,NA,4775
I,76,NA,4776
E,76,NA,4777
A,76,NA,4778
G,76,NA,4779
J,76,NA,4780
L,76,NA,4781
L,77,NA,4782
D,77,NA,4783
L,77,NA,4784
A,77,NA,4785
H,77,NA,4786
B,77,NA,4787
C,77,NA,4788
F,77,NA,4789
J,77,NA,4790
E,77,NA,4791
G,77,NA,4792
I,77,NA,4793
E,77,NA,4794
G,77,NA,4795
D,77,NA,4796
F,77,NA,4797
H,77,NA,4798
L,77,NA,4799
K,77,NA,4800
C,77,NA,4801
A,77,NA,4802
J,77,NA,4803
B,77,NA,4804
I,77,NA,4805
D,77,NA,4806
A,77,NA,4807
B,77,NA,4808
C,77,NA,4809
E,77,NA,4810
F,77,NA,4811
I,77,NA,4812
J,77,NA,4813
G,77,NA,4814
L,77,NA,4815
H,77,NA,4816
K,77,NA,4817
I,77,NA,4818
C,77,NA,4819
D,77,NA,4820
F,77,NA,4821
H,77,NA,4822
K,77,NA,4823
E,77,NA,4824
B,77,NA,4825
J,77,NA,4826
G,77,NA,4827
L,77,NA,4828
A,77,NA,4829
K,77,NA,4830
C,77,NA,4831
E,77,NA,4832
I,77,NA,4833
L,77,NA,4834
H,77,NA,4835
F,77,NA,4836
B,77,NA,4837
D,77,NA,4838
G,77,NA,4839
A,77,NA,4840
J,77,NA,4841
B,77,NA,4842
J,77,NA,4843
E,77,NA,4844
F,77,NA,4845
A,77,NA,4846
G,77,NA,4847
L,77,NA,4848
H,77,NA,4849
I,77,NA,4850
K,77,NA,4851
D,77,NA,4852
C,77,NA,4853
D,78,NA,4854
G,78,NA,4855
D,78,NA,4856
G,78,NA,4857
A,78,NA,4858
E,78,NA,4859
G,78,NA,4860
I,78,NA,4861
E,78,NA,4862
F,78,NA,4863
K,78,NA,4864
L,78,NA,4865
I,78,NA,4866
G,78,NA,4867
L,78,NA,4868
A,78,NA,4869
H,78,NA,4870
F,78,NA,4871
H,78,NA,4872
D,78,NA,4873
F,78,NA,4874
E,78,NA,4875
C,78,NA,4876
B,78,NA,4877
L,78,NA,4878
D,78,NA,4879
H,78,NA,4880
D,78,NA,4881
K,78,NA,4882
F,78,NA,4883
J,78,NA,4884
J,78,NA,4885
E,78,NA,4886
A,78,NA,4887
F,78,NA,4888
C,78,NA,4889
J,78,NA,4890
L,78,NA,4891
E,78,NA,4892
F,78,NA,4893
F,78,NA,4894
H,78,NA,4895
C,78,NA,4896
B,78,NA,4897
J,78,NA,4898
D,78,NA,4899
A,78,NA,4900
H,78,NA,4901
H,78,NA,4902
H,78,NA,4903
F,78,NA,4904
A,78,NA,4905
D,78,NA,4906
E,78,NA,4907
A,78,NA,4908
J,78,NA,4909
K,78,NA,4910
C,78,NA,4911
K,78,NA,4912
L,78,NA,4913
F,78,NA,4914
H,78,NA,4915
F,78,NA,4916
L,78,NA,4917
A,78,NA,4918
E,78,NA,4919
C,78,NA,4920
D,78,NA,4921
J,78,NA,4922
K,78,NA,4923
K,78,NA,4924
I,78,NA,4925
H,79,NA,4926
C,79,NA,4927
I,79,NA,4928
B,79,NA,4929
G,79,NA,4930
D,79,NA,4931
K,79,NA,4932
A,79,NA,4933
B,79,NA,4934
L,79,NA,4935
F,79,NA,4936
J,79,NA,4937
L,79,NA,4938
H,79,NA,4939
J,79,NA,4940
I,79,NA,4941
G,79,NA,4942
D,79,NA,4943
F,79,NA,4944
C,79,NA,4945
K,79,NA,4946
A,79,NA,4947
B,79,NA,4948
E,79,NA,4949
L,79,NA,4950
J,79,NA,4951
H,79,NA,4952
G,79,NA,4953
A,79,NA,4954
A,79,NA,4955
I,79,NA,4956
C,79,NA,4957
F,79,NA,4958
B,79,NA,4959
L,79,NA,4960
D,79,NA,4961
J,79,NA,4962
G,79,NA,4963
K,79,NA,4964
E,79,NA,4965
C,79,NA,4966
A,79,NA,4967
L,79,NA,4968
H,79,NA,4969
B,79,NA,4970
F,79,NA,4971
I,79,NA,4972
D,79,NA,4973
K,79,NA,4974
B,79,NA,4975
C,79,NA,4976
H,79,NA,4977
F,79,NA,4978
J,79,NA,4979
I,79,NA,4980
L,79,NA,4981
G,79,NA,4982
E,79,NA,4983
A,79,NA,4984
D,79,NA,4985
J,79,NA,4986
G,79,NA,4987
C,79,NA,4988
A,79,NA,4989
F,79,NA,4990
K,79,NA,4991
H,79,NA,4992
L,79,NA,4993
B,79,NA,4994
D,79,NA,4995
E,79,NA,4996
I,79,NA,4997
A,80,NA,4998
K,80,NA,4999
H,81,NA,5000
L,81,NA,5001
D,81,NA,5002
B,81,NA,5003
G,81,NA,5004
B,81,NA,5005
H,81,NA,5006
A,81,NA,5007
J,81,NA,5008
B,81,NA,5009
E,81,NA,5010
F,81,NA,5011
G,81,NA,5012
E,81,NA,5013
I,81,NA,5014
C,81,NA,5015
E,81,NA,5016
D,81,NA,5017
A,81,NA,5018
H,81,NA,5019
K,81,NA,5020
L,81,NA,5021
F,81,NA,5022
J,81,NA,5023
B,81,NA,5024
K,81,NA,5025
D,81,NA,5026
J,81,NA,5027
K,81,NA,5028
I,81,NA,5029
E,81,NA,5030
C,81,NA,5031
A,81,NA,5032
G,81,NA,5033
F,81,NA,5034
H,81,NA,5035
I,81,NA,5036
J,81,NA,5037
L,81,NA,5038
G,81,NA,5039
K,81,NA,5040
H,81,NA,5041
C,81,NA,5042
F,81,NA,5043
K,81,NA,5044
E,81,NA,5045
A,81,NA,5046
D,81,NA,5047
E,81,NA,5048
I,81,NA,5049
K,81,NA,5050
H,81,NA,5051
J,81,NA,5052
A,81,NA,5053
L,81,NA,5054
G,81,NA,5055
L,81,NA,5056
F,81,NA,5057
C,81,NA,5058
D,81,NA,5059
G,81,NA,5060
C,81,NA,5061
K,81,NA,5062
E,81,NA,5063
A,81,NA,5064
D,81,NA,5065
H,81,NA,5066
K,81,NA,5067
F,81,NA,5068
L,81,NA,5069
I,81,NA,5070
J,81,NA,5071
H,82,NA,5072
D,82,NA,5073
C,82,NA,5074
G,82,NA,5075
G,82,NA,5076
J,82,NA,5077
G,82,NA,5078
A,82,NA,5079
B,82,NA,5080
D,82,NA,5081
E,82,NA,5082
F,82,NA,5083
B,82,NA,5084
H,82,NA,5085
D,82,NA,5086
B,82,NA,5087
C,82,NA,5088
I,82,NA,5089
E,82,NA,5090
J,82,NA,5091
L,82,NA,5092
L,82,NA,5093
I,82,NA,5094
F,82,NA,5095
G,82,NA,5096
D,82,NA,5097
H,82,NA,5098
C,82,NA,5099
F,82,NA,5100
B,82,NA,5101
J,82,NA,5102
E,82,NA,5103
L,82,NA,5104
K,82,NA,5105
I,82,NA,5106
I,82,NA,5107
B,82,NA,5108
A,82,NA,5109
C,82,NA,5110
L,82,NA,5111
J,82,NA,5112
E,82,NA,5113
G,82,NA,5114
D,82,NA,5115
H,82,NA,5116
F,82,NA,5117
I,82,NA,5118
B,82,NA,5119
D,82,NA,5120
F,82,NA,5121
H,82,NA,5122
J,82,NA,5123
G,82,NA,5124
L,82,NA,5125
E,82,NA,5126
I,82,NA,5127
C,82,NA,5128
K,82,NA,5129
G,82,NA,5130
K,82,NA,5131
L,82,NA,5132
B,82,NA,5133
H,82,NA,5134
J,82,NA,5135
C,82,NA,5136
G,82,NA,5137
D,82,NA,5138
F,82,NA,5139
E,82,NA,5140
B,82,NA,5141
L,82,NA,5142
I,82,NA,5143
J,83,NA,5144
H,83,NA,5145
I,83,NA,5146
L,83,NA,5147
E,83,NA,5148
C,83,NA,5149
F,83,NA,5150
D,83,NA,5151
A,83,NA,5152
K,83,NA,5153
H,83,NA,5154
J,83,NA,5155
F,83,NA,5156
I,84,NA,5157
D,84,NA,5158
F,84,NA,5159
A,84,NA,5160
G,84,NA,5161
J,84,NA,5162
K,84,NA,5163
E,84,NA,5164
C,84,NA,5165
K,84,NA,5166
G,84,NA,5167
B,84,NA,5168
D,84,NA,5169
B,84,NA,5170
J,84,NA,5171
I,84,NA,5172
L,84,NA,5173
C,84,NA,5174
A,84,NA,5175
E,84,NA,5176
H,84,NA,5177
K,84,NA,5178
B,84,NA,5179
L,84,NA,5180
H,84,NA,5181
L,84,NA,5182
E,84,NA,5183
J,84,NA,5184
F,84,NA,5185
B,84,NA,5186
G,84,NA,5187
C,84,NA,5188
D,84,NA,5189
I,84,NA,5190
K,84,NA,5191
A,84,NA,5192
D,84,NA,5193
B,84,NA,5194
L,84,NA,5195
A,84,NA,5196
G,84,NA,5197
I,84,NA,5198
E,84,NA,5199
J,84,NA,5200
H,84,NA,5201
K,84,NA,5202
C,84,NA,5203
F,84,NA,5204
D,84,NA,5205
E,84,NA,5206
G,84,NA,5207
J,84,NA,5208
H,84,NA,5209
C,84,NA,5210
B,84,NA,5211
F,84,NA,5212
L,84,NA,5213
A,84,NA,5214
K,84,NA,5215
I,84,NA,5216
H,84,NA,5217
J,84,NA,5218
K,84,NA,5219
L,84,NA,5220
F,84,NA,5221
C,84,NA,5222
A,84,NA,5223
G,84,NA,5224
G,84,NA,5225
I,84,NA,5226
E,84,NA,5227
D,84,NA,5228
B,85,NA,5229
A,85,NA,5230
J,85,NA,5231
A,85,NA,5232
B,85,NA,5233
G,86,NA,5234
A,86,NA,5235
K,86,NA,5236
F,86,NA,5237
D,87,NA,5238
F,87,NA,5239
A,87,NA,5240
K,87,NA,5241
E,87,NA,5242
H,87,NA,5243
L,87,NA,5244
J,87,NA,5245
C,87,NA,5246
B,87,NA,5247
G,87,NA,5248
I,87,NA,5249
C,87,NA,5250
F,87,NA,5251
A,87,NA,5252
D,87,NA,5253
I,87,NA,5254
G,87,NA,5255
E,87,NA,5256
L,87,NA,5257
H,87,NA,5258
K,87,NA,5259
H,87,NA,5260
B,87,NA,5261
H,87,NA,5262
E,87,NA,5263
J,87,NA,5264
G,87,NA,5265
I,87,NA,5266
C,87,NA,5267
B,87,NA,5268
A,87,NA,5269
D,87,NA,5270
H,87,NA,5271
F,87,NA,5272
K,87,NA,5273
F,87,NA,5274
J,87,NA,5275
D,87,NA,5276
I,87,NA,5277
G,87,NA,5278
L,87,NA,5279
C,87,NA,5280
A,87,NA,5281
E,87,NA,5282
B,87,NA,5283
H,87,NA,5284
K,87,NA,5285
H,87,NA,5286
G,87,NA,5287
D,87,NA,5288
I,87,NA,5289
F,87,NA,5290
J,87,NA,5291
C,87,NA,5292
L,87,NA,5293
B,87,NA,5294
E,87,NA,5295
K,87,NA,5296
A,87,NA,5297
L,87,NA,5298
A,87,NA,5299
H,87,NA,5300
E,87,NA,5301
K,87,NA,5302
D,87,NA,5303
G,87,NA,5304
J,87,NA,5305
F,87,NA,5306
B,87,NA,5307
I,87,NA,5308
C,87,NA,5309
E,88,NA,5310
K,88,NA,5311
C,88,NA,5312
L,89,NA,5313
G,89,NA,5314
F,89,NA,5315
D,89,NA,5316
A,89,NA,5317
C,89,NA,5318
B,89,NA,5319
E,89,NA,5320
J,89,NA,5321
L,89,NA,5322
I,89,NA,5323
L,89,NA,5324
C,89,NA,5325
A,89,NA,5326
J,89,NA,5327
H,89,NA,5328
G,89,NA,5329
L,89,NA,5330
I,89,NA,5331
G,89,NA,5332
D,89,NA,5333
L,89,NA,5334
F,89,NA,5335
E,89,NA,5336
C,89,NA,5337
E,89,NA,5338
H,89,NA,5339
I,89,NA,5340
B,89,NA,5341
K,89,NA,5342
I,89,NA,5343
G,89,NA,5344
L,89,NA,5345
G,89,NA,5346
D,89,NA,5347
F,89,NA,5348
E,89,NA,5349
F,89,NA,5350
K,89,NA,5351
H,89,NA,5352
J,89,NA,5353
I,89,NA,5354
K,89,NA,5355
A,89,NA,5356
L,89,NA,5357
D,89,NA,5358
B,89,NA,5359
C,89,NA,5360
K,89,NA,5361
D,89,NA,5362
J,89,NA,5363
J,89,NA,5364
C,89,NA,5365
L,89,NA,5366
G,89,NA,5367
A,89,NA,5368
F,89,NA,5369
I,89,NA,5370
I,89,NA,5371
J,89,NA,5372
L,89,NA,5373
G,89,NA,5374
E,89,NA,5375
A,89,NA,5376
H,89,NA,5377
D,89,NA,5378
F,89,NA,5379
I,89,NA,5380
E,89,NA,5381
C,89,NA,5382
J,89,NA,5383
G,89,NA,5384
E,90,NA,5385
C,90,NA,5386
G,90,NA,5387
B,90,NA,5388
H,90,NA,5389
D,90,NA,5390
F,90,NA,5391
K,90,NA,5392
J,90,NA,5393
A,90,NA,5394
I,90,NA,5395
L,90,NA,5396
C,90,NA,5397
H,90,NA,5398
H,90,NA,5399
K,90,NA,5400
J,90,NA,5401
G,90,NA,5402
J,90,NA,5403
F,90,NA,5404
A,90,NA,5405
E,90,NA,5406
L,90,NA,5407
B,90,NA,5408
B,90,NA,5409
G,90,NA,5410
F,90,NA,5411
H,90,NA,5412
K,90,NA,5413
E,90,NA,5414
F,90,NA,5415
J,90,NA,5416
I,90,NA,5417
L,90,NA,5418
A,90,NA,5419
C,90,NA,5420
G,90,NA,5421
B,90,NA,5422
D,90,NA,5423
A,90,NA,5424
E,90,NA,5425
J,90,NA,5426
K,90,NA,5427
I,90,NA,5428
C,90,NA,5429
J,90,NA,5430
L,90,NA,5431
F,90,NA,5432
F,90,NA,5433
H,90,NA,5434
A,90,NA,5435
D,90,NA,5436
J,90,NA,5437
C,90,NA,5438
B,90,NA,5439
G,90,NA,5440
L,90,NA,5441
I,90,NA,5442
E,90,NA,5443
K,90,NA,5444
H,90,NA,5445
J,90,NA,5446
B,90,NA,5447
G,90,NA,5448
I,90,NA,5449
E,90,NA,5450
D,90,NA,5451
L,90,NA,5452
A,90,NA,5453
F,90,NA,5454
K,90,NA,5455
C,90,NA,5456
B,91,NA,5457
D,91,NA,5458
J,91,NA,5459
K,91,NA,5460
E,91,NA,5461
F,91,NA,5462
D,91,NA,5463
I,91,NA,5464
G,91,NA,5465
E,91,NA,5466
K,91,NA,5467
C,91,NA,5468
I,91,NA,5469
E,91,NA,5470
B,91,NA,5471
F,91,NA,5472
A,91,NA,5473
K,91,NA,5474
J,91,NA,5475
D,91,NA,5476
H,91,NA,5477
L,91,NA,5478
B,91,NA,5479
C,91,NA,5480
F,91,NA,5481
C,91,NA,5482
D,91,NA,5483
B,91,NA,5484
A,91,NA,5485
E,91,NA,5486
K,91,NA,5487
L,91,NA,5488
I,91,NA,5489
H,91,NA,5490
G,91,NA,5491
J,91,NA,5492
A,91,NA,5493
C,91,NA,5494
F,91,NA,5495
D,91,NA,5496
E,91,NA,5497
I,91,NA,5498
L,91,NA,5499
B,91,NA,5500
J,91,NA,5501
H,91,NA,5502
K,91,NA,5503
G,91,NA,5504
H,91,NA,5505
I,91,NA,5506
G,91,NA,5507
L,91,NA,5508
E,91,NA,5509
B,91,NA,5510
L,91,NA,5511
A,91,NA,5512
J,91,NA,5513
C,91,NA,5514
D,91,NA,5515
F,91,NA,5516
K,91,NA,5517
J,91,NA,5518
I,91,NA,5519
H,91,NA,5520
A,91,NA,5521
B,91,NA,5522
F,91,NA,5523
E,91,NA,5524
L,91,NA,5525
D,91,NA,5526
C,91,NA,5527
G,91,NA,5528
F,92,NA,5529
J,92,NA,5530
B,92,NA,5531
A,92,NA,5532
C,92,NA,5533
L,92,NA,5534
G,92,NA,5535
H,92,NA,5536
D,92,NA,5537
K,92,NA,5538
I,92,NA,5539
E,92,NA,5540
E,92,NA,5541
A,92,NA,5542
L,92,NA,5543
J,92,NA,5544
L,92,NA,5545
C,92,NA,5546
I,92,NA,5547
K,92,NA,5548
G,92,NA,5549
F,92,NA,5550
D,92,NA,5551
B,92,NA,5552
A,92,NA,5553
H,92,NA,5554
G,92,NA,5555
I,92,NA,5556
F,92,NA,5557
D,92,NA,5558
K,92,NA,5559
C,92,NA,5560
E,92,NA,5561
L,92,NA,5562
B,92,NA,5563
J,92,NA,5564
B,92,NA,5565
H,92,NA,5566
F,92,NA,5567
C,92,NA,5568
A,92,NA,5569
K,92,NA,5570
J,92,NA,5571
I,92,NA,5572
G,92,NA,5573
E,92,NA,5574
L,92,NA,5575
D,92,NA,5576
I,92,NA,5577
C,92,NA,5578
K,92,NA,5579
H,92,NA,5580
F,92,NA,5581
E,92,NA,5582
G,92,NA,5583
D,92,NA,5584
L,92,NA,5585
J,92,NA,5586
A,92,NA,5587
B,92,NA,5588
I,92,NA,5589
C,92,NA,5590
L,92,NA,5591
H,92,NA,5592
G,92,NA,5593
A,92,NA,5594
J,92,NA,5595
B,92,NA,5596
K,92,NA,5597
F,92,NA,5598
D,92,NA,5599
E,92,NA,5600
G,93,NA,5601
F,93,NA,5602
C,93,NA,5603
L,93,NA,5604
H,93,NA,5605
J,93,NA,5606
I,93,NA,5607
K,93,NA,5608
D,93,NA,5609
E,93,NA,5610
A,93,NA,5611
J,93,NA,5612
K,93,NA,5613
G,93,NA,5614
A,93,NA,5615
I,93,NA,5616
H,93,NA,5617
B,93,NA,5618
E,93,NA,5619
D,93,NA,5620
H,93,NA,5621
J,93,NA,5622
C,93,NA,5623
L,93,NA,5624
F,93,NA,5625
J,93,NA,5626
I,93,NA,5627
D,93,NA,5628
H,93,NA,5629
E,93,NA,5630
L,93,NA,5631
C,93,NA,5632
G,93,NA,5633
K,93,NA,5634
B,93,NA,5635
B,93,NA,5636
A,93,NA,5637
K,93,NA,5638
E,93,NA,5639
F,93,NA,5640
D,93,NA,5641
B,93,NA,5642
L,93,NA,5643
C,93,NA,5644
J,93,NA,5645
I,93,NA,5646
G,93,NA,5647
H,93,NA,5648
E,93,NA,5649
B,93,NA,5650
I,93,NA,5651
C,93,NA,5652
K,93,NA,5653
J,93,NA,5654
D,93,NA,5655
F,93,NA,5656
G,93,NA,5657
H,93,NA,5658
A,93,NA,5659
L,93,NA,5660
C,93,NA,5661
G,93,NA,5662
L,93,NA,5663
F,93,NA,5664
E,93,NA,5665
I,93,NA,5666
J,93,NA,5667
A,93,NA,5668
H,93,NA,5669
D,93,NA,5670
K,93,NA,5671
B,93,NA,5672
J,94,NA,5673
A,94,NA,5674
C,94,NA,5675
H,94,NA,5676
G,94,NA,5677
D,94,NA,5678
C,94,NA,5679
E,94,NA,5680
F,94,NA,5681
I,94,NA,5682
K,94,NA,5683
L,94,NA,5684
I,94,NA,5685
J,94,NA,5686
B,94,NA,5687
E,94,NA,5688
L,94,NA,5689
G,94,NA,5690
H,94,NA,5691
C,94,NA,5692
A,94,NA,5693
F,94,NA,5694
L,94,NA,5695
D,94,NA,5696
L,94,NA,5697
J,94,NA,5698
K,94,NA,5699
D,94,NA,5700
I,94,NA,5701
H,94,NA,5702
C,94,NA,5703
E,94,NA,5704
A,94,NA,5705
G,94,NA,5706
B,94,NA,5707
F,94,NA,5708
F,94,NA,5709
C,94,NA,5710
G,94,NA,5711
B,94,NA,5712
I,94,NA,5713
K,94,NA,5714
D,94,NA,5715
J,94,NA,5716
K,94,NA,5717
A,94,NA,5718
E,94,NA,5719
H,94,NA,5720
H,94,NA,5721
B,94,NA,5722
A,94,NA,5723
L,94,NA,5724
K,94,NA,5725
F,94,NA,5726
D,94,NA,5727
J,94,NA,5728
C,94,NA,5729
E,94,NA,5730
I,94,NA,5731
G,94,NA,5732
J,94,NA,5733
B,94,NA,5734
L,94,NA,5735
E,94,NA,5736
H,94,NA,5737
A,94,NA,5738
F,94,NA,5739
D,94,NA,5740
G,94,NA,5741
I,94,NA,5742
C,94,NA,5743
K,94,NA,5744
E,95,NA,5745
J,95,NA,5746
F,95,NA,5747
K,95,NA,5748
I,95,NA,5749
L,95,NA,5750
J,95,NA,5751
D,95,NA,5752
J,95,NA,5753
B,95,NA,5754
B,95,NA,5755
G,95,NA,5756
A,95,NA,5757
L,95,NA,5758
I,95,NA,5759
F,95,NA,5760
J,95,NA,5761
K,95,NA,5762
J,95,NA,5763
E,95,NA,5764
B,95,NA,5765
C,95,NA,5766
D,95,NA,5767
G,95,NA,5768
D,95,NA,5769
E,95,NA,5770
L,95,NA,5771
A,95,NA,5772
J,95,NA,5773
L,95,NA,5774
J,95,NA,5775
C,95,NA,5776
G,95,NA,5777
B,95,NA,5778
I,95,NA,5779
F,95,NA,5780
E,95,NA,5781
K,95,NA,5782
C,95,NA,5783
G,95,NA,5784
A,95,NA,5785
B,95,NA,5786
F,95,NA,5787
H,95,NA,5788
H,95,NA,5789
D,95,NA,5790
L,95,NA,5791
I,95,NA,5792
E,95,NA,5793
C,95,NA,5794
A,95,NA,5795
G,95,NA,5796
L,95,NA,5797
D,95,NA,5798
J,95,NA,5799
F,95,NA,5800
J,95,NA,5801
I,95,NA,5802
L,95,NA,5803
B,95,NA,5804
G,95,NA,5805
C,95,NA,5806
K,95,NA,5807
A,95,NA,5808
E,95,NA,5809
I,95,NA,5810
F,95,NA,5811
H,95,NA,5812
B,95,NA,5813
L,95,NA,5814
J,95,NA,5815
I,95,NA,5816
B,96,NA,5817
B,96,NA,5818
C,96,NA,5819
D,96,NA,5820
J,96,NA,5821
G,96,NA,5822
I,96,NA,5823
H,96,NA,5824
A,96,NA,5825
I,96,NA,5826
A,96,NA,5827
E,96,NA,5828
F,96,NA,5829
H,96,NA,5830
A,96,NA,5831
I,96,NA,5832
J,96,NA,5833
L,96,NA,5834
A,96,NA,5835
C,96,NA,5836
K,96,NA,5837
E,96,NA,5838
D,96,NA,5839
B,96,NA,5840
E,96,NA,5841
I,96,NA,5842
D,96,NA,5843
L,96,NA,5844
H,96,NA,5845
C,96,NA,5846
C,96,NA,5847
B,96,NA,5848
F,96,NA,5849
J,96,NA,5850
A,96,NA,5851
K,96,NA,5852
A,96,NA,5853
F,96,NA,5854
H,96,NA,5855
E,96,NA,5856
C,96,NA,5857
D,96,NA,5858
J,96,NA,5859
G,96,NA,5860
K,96,NA,5861
B,96,NA,5862
L,96,NA,5863
I,96,NA,5864
L,96,NA,5865
C,96,NA,5866
K,96,NA,5867
I,96,NA,5868
J,96,NA,5869
E,96,NA,5870
D,96,NA,5871
F,96,NA,5872
H,96,NA,5873
B,96,NA,5874
G,96,NA,5875
C,96,NA,5876
J,96,NA,5877
D,96,NA,5878
I,96,NA,5879
K,96,NA,5880
G,96,NA,5881
L,96,NA,5882
E,96,NA,5883
B,96,NA,5884
C,96,NA,5885
F,96,NA,5886
H,96,NA,5887
G,96,NA,5888
F,97,NA,5889
E,97,NA,5890
L,97,NA,5891
J,97,NA,5892
I,97,NA,5893
A,97,NA,5894
L,97,NA,5895
K,97,NA,5896
H,97,NA,5897
D,97,NA,5898
C,97,NA,5899
B,97,NA,5900
B,97,NA,5901
L,97,NA,5902
H,97,NA,5903
C,97,NA,5904
K,97,NA,5905
A,97,NA,5906
G,97,NA,5907
F,97,NA,5908
I,97,NA,5909
E,97,NA,5910
J,97,NA,5911
D,97,NA,5912
G,97,NA,5913
D,97,NA,5914
I,97,NA,5915
C,97,NA,5916
J,97,NA,5917
K,97,NA,5918
H,97,NA,5919
G,97,NA,5920
K,97,NA,5921
L,97,NA,5922
B,97,NA,5923
A,97,NA,5924
H,97,NA,5925
B,97,NA,5926
J,97,NA,5927
C,97,NA,5928
A,97,NA,5929
I,97,NA,5930
K,97,NA,5931
D,97,NA,5932
L,97,NA,5933
F,97,NA,5934
G,97,NA,5935
E,97,NA,5936
I,97,NA,5937
D,97,NA,5938
K,97,NA,5939
E,97,NA,5940
G,97,NA,5941
B,97,NA,5942
J,97,NA,5943
F,97,NA,5944
A,97,NA,5945
C,97,NA,5946
H,97,NA,5947
L,97,NA,5948
L,97,NA,5949
A,97,NA,5950
H,97,NA,5951
E,97,NA,5952
D,97,NA,5953
J,97,NA,5954
C,97,NA,5955
K,97,NA,5956
B,97,NA,5957
G,97,NA,5958
F,97,NA,5959
I,97,NA,5960
K,98,NA,5961
A,98,NA,5962
E,98,NA,5963
K,98,NA,5964
C,98,NA,5965
L,98,NA,5966
E,98,NA,5967
J,98,NA,5968
E,98,NA,5969
F,98,NA,5970
I,98,NA,5971
C,98,NA,5972
L,98,NA,5973
A,98,NA,5974
C,98,NA,5975
H,98,NA,5976
B,98,NA,5977
L,98,NA,5978
I,98,NA,5979
H,98,NA,5980
A,98,NA,5981
E,98,NA,5982
F,98,NA,5983
E,98,NA,5984
L,98,NA,5985
H,98,NA,5986
I,98,NA,5987
E,98,NA,5988
J,98,NA,5989
L,98,NA,5990
B,98,NA,5991
F,98,NA,5992
L,98,NA,5993
C,98,NA,5994
B,98,NA,5995
A,98,NA,5996
H,98,NA,5997
A,98,NA,5998
E,98,NA,5999
C,98,NA,6000
F,98,NA,6001
K,98,NA,6002
L,98,NA,6003
G,98,NA,6004
B,98,NA,6005
I,98,NA,6006
D,98,NA,6007
J,98,NA,6008
L,98,NA,6009
I,98,NA,6010
K,98,NA,6011
G,98,NA,6012
C,98,NA,6013
B,98,NA,6014
A,98,NA,6015
H,98,NA,6016
J,98,NA,6017
B,98,NA,6018
F,98,NA,6019
E,98,NA,6020
I,98,NA,6021
D,98,NA,6022
J,98,NA,6023
E,98,NA,6024
A,98,NA,6025
K,98,NA,6026
L,98,NA,6027
F,98,NA,6028
D,98,NA,6029
H,98,NA,6030
C,98,NA,6031
G,98,NA,6032
L,99,NA,6033
G,99,NA,6034
K,99,NA,6035
H,99,NA,6036
D,99,NA,6037
I,99,NA,6038
E,99,NA,6039
F,99,NA,6040
B,99,NA,6041
H,99,NA,6042
A,99,NA,6043
C,99,NA,6044
F,99,NA,6045
J,99,NA,6046
J,99,NA,6047
K,99,NA,6048
B,99,NA,6049
F,99,NA,6050
C,99,NA,6051
L,99,NA,6052
I,99,NA,6053
A,99,NA,6054
E,99,NA,6055
G,99,NA,6056
A,99,NA,6057
H,99,NA,6058
J,99,NA,6059
J,99,NA,6060
B,99,NA,6061
E,99,NA,6062
K,99,NA,6063
F,99,NA,6064
C,99,NA,6065
D,99,NA,6066
G,99,NA,6067
I,99,NA,6068
E,99,NA,6069
H,99,NA,6070
B,99,NA,6071
F,99,NA,6072
B,100,NA,6073
I,101,NA,6074
D,101,NA,6075
J,101,NA,6076
G,101,NA,6077
E,101,NA,6078
L,101,NA,6079
A,101,NA,6080
K,101,NA,6081
B,101,NA,6082
B,101,NA,6083
F,101,NA,6084
H,101,NA,6085
H,101,NA,6086
F,101,NA,6087
B,101,NA,6088
L,101,NA,6089
D,101,NA,6090
A,101,NA,6091
K,101,NA,6092
G,101,NA,6093
E,101,NA,6094
C,101,NA,6095
H,101,NA,6096
I,101,NA,6097
G,101,NA,6098
C,101,NA,6099
D,101,NA,6100
J,101,NA,6101
E,101,NA,6102
F,101,NA,6103
K,101,NA,6104
B,101,NA,6105
H,101,NA,6106
L,101,NA,6107
A,101,NA,6108
I,101,NA,6109
G,101,NA,6110
A,101,NA,6111
I,101,NA,6112
L,101,NA,6113
F,101,NA,6114
G,101,NA,6115
J,101,NA,6116
C,101,NA,6117
E,101,NA,6118
D,101,NA,6119
K,101,NA,6120
H,101,NA,6121
I,101,NA,6122
L,101,NA,6123
K,101,NA,6124
D,101,NA,6125
C,101,NA,6126
E,101,NA,6127
F,101,NA,6128
B,101,NA,6129
H,101,NA,6130
J,101,NA,6131
A,101,NA,6132
G,101,NA,6133
E,101,NA,6134
D,101,NA,6135
J,101,NA,6136
C,101,NA,6137
L,101,NA,6138
H,101,NA,6139
B,101,NA,6140
A,101,NA,6141
F,101,NA,6142
K,101,NA,6143
G,101,NA,6144
I,101,NA,6145
A,102,NA,6146
D,102,NA,6147
J,102,NA,6148
G,102,NA,6149
H,102,NA,6150
E,102,NA,6151
B,102,NA,6152
L,102,NA,6153
F,102,NA,6154
C,102,NA,6155
K,102,NA,6156
I,102,NA,6157
A,102,NA,6158
I,102,NA,6159
E,102,NA,6160
D,102,NA,6161
L,102,NA,6162
G,102,NA,6163
F,102,NA,6164
K,102,NA,6165
C,102,NA,6166
B,102,NA,6167
J,102,NA,6168
H,102,NA,6169
E,102,NA,6170
B,102,NA,6171
I,102,NA,6172
F,102,NA,6173
H,102,NA,6174
A,102,NA,6175
L,102,NA,6176
J,102,NA,6177
K,102,NA,6178
C,102,NA,6179
D,102,NA,6180
G,102,NA,6181
F,102,NA,6182
K,102,NA,6183
G,102,NA,6184
B,102,NA,6185
L,102,NA,6186
D,102,NA,6187
C,102,NA,6188
A,102,NA,6189
I,102,NA,6190
H,102,NA,6191
E,102,NA,6192
J,102,NA,6193
G,102,NA,6194
L,102,NA,6195
B,102,NA,6196
I,102,NA,6197
C,102,NA,6198
K,102,NA,6199
A,102,NA,6200
F,102,NA,6201
E,102,NA,6202
H,102,NA,6203
J,102,NA,6204
D,102,NA,6205
E,102,NA,6206
L,102,NA,6207
H,102,NA,6208
A,102,NA,6209
K,102,NA,6210
F,102,NA,6211
C,102,NA,6212
G,102,NA,6213
J,102,NA,6214
I,102,NA,6215
B,102,NA,6216
D,102,NA,6217
C,103,NA,6218
H,103,NA,6219
J,103,NA,6220
L,103,NA,6221
D,103,NA,6222
B,103,NA,6223
G,103,NA,6224
A,103,NA,6225
F,103,NA,6226
E,103,NA,6227
K,103,NA,6228
I,103,NA,6229
J,103,NA,6230
A,103,NA,6231
C,103,NA,6232
L,103,NA,6233
B,103,NA,6234
H,103,NA,6235
D,103,NA,6236
E,103,NA,6237
G,103,NA,6238
K,103,NA,6239
I,103,NA,6240
F,103,NA,6241
I,103,NA,6242
B,103,NA,6243
G,103,NA,6244
H,103,NA,6245
K,103,NA,6246
F,103,NA,6247
A,103,NA,6248
D,103,NA,6249
C,103,NA,6250
L,103,NA,6251
J,103,NA,6252
E,103,NA,6253
F,103,NA,6254
B,103,NA,6255
G,103,NA,6256
D,103,NA,6257
L,103,NA,6258
I,103,NA,6259
H,103,NA,6260
A,103,NA,6261
E,103,NA,6262
J,103,NA,6263
C,103,NA,6264
K,103,NA,6265
E,103,NA,6266
J,103,NA,6267
F,103,NA,6268
L,103,NA,6269
C,103,NA,6270
G,103,NA,6271
H,103,NA,6272
K,103,NA,6273
I,103,NA,6274
B,103,NA,6275
D,103,NA,6276
A,103,NA,6277
G,103,NA,6278
E,103,NA,6279
C,103,NA,6280
J,103,NA,6281
K,103,NA,6282
A,103,NA,6283
H,103,NA,6284
D,103,NA,6285
I,103,NA,6286
L,103,NA,6287
F,103,NA,6288
B,103,NA,6289
D,104,NA,6290
J,104,NA,6291
B,104,NA,6292
L,104,NA,6293
E,104,NA,6294
A,104,NA,6295
C,104,NA,6296
G,104,NA,6297
K,104,NA,6298
F,104,NA,6299
H,104,NA,6300
I,104,NA,6301
E,104,NA,6302
I,104,NA,6303
F,104,NA,6304
C,104,NA,6305
H,104,NA,6306
L,104,NA,6307
D,104,NA,6308
J,104,NA,6309
J,104,NA,6310
A,104,NA,6311
K,104,NA,6312
G,104,NA,6313
L,104,NA,6314
G,104,NA,6315
E,104,NA,6316
J,104,NA,6317
H,104,NA,6318
F,104,NA,6319
C,104,NA,6320
I,104,NA,6321
B,104,NA,6322
A,104,NA,6323
K,104,NA,6324
D,104,NA,6325
F,104,NA,6326
H,104,NA,6327
K,104,NA,6328
A,104,NA,6329
L,104,NA,6330
I,104,NA,6331
G,104,NA,6332
B,104,NA,6333
D,104,NA,6334
J,104,NA,6335
C,104,NA,6336
E,104,NA,6337
K,104,NA,6338
F,104,NA,6339
J,104,NA,6340
G,104,NA,6341
D,104,NA,6342
C,104,NA,6343
L,104,NA,6344
E,104,NA,6345
H,104,NA,6346
A,104,NA,6347
B,104,NA,6348
I,104,NA,6349
I,104,NA,6350
H,104,NA,6351
L,104,NA,6352
A,104,NA,6353
F,104,NA,6354
K,104,NA,6355
G,104,NA,6356
B,104,NA,6357
J,104,NA,6358
E,104,NA,6359
D,104,NA,6360
C,104,NA,6361
L,105,NA,6362
A,105,NA,6363
H,105,NA,6364
K,105,NA,6365
I,105,NA,6366
C,105,NA,6367
L,105,NA,6368
B,105,NA,6369
A,105,NA,6370
G,105,NA,6371
F,105,NA,6372
E,105,NA,6373
E,105,NA,6374
E,105,NA,6375
H,105,NA,6376
F,105,NA,6377
I,105,NA,6378
D,105,NA,6379
G,105,NA,6380
C,105,NA,6381
L,105,NA,6382
K,105,NA,6383
E,105,NA,6384
G,105,NA,6385
C,105,NA,6386
A,105,NA,6387
L,105,NA,6388
K,105,NA,6389
F,105,NA,6390
E,105,NA,6391
I,105,NA,6392
D,105,NA,6393
H,105,NA,6394
J,105,NA,6395
G,105,NA,6396
B,105,NA,6397
J,105,NA,6398
C,105,NA,6399
D,105,NA,6400
G,105,NA,6401
L,105,NA,6402
A,105,NA,6403
I,105,NA,6404
F,105,NA,6405
E,105,NA,6406
J,105,NA,6407
B,105,NA,6408
H,105,NA,6409
E,105,NA,6410
I,105,NA,6411
K,105,NA,6412
H,105,NA,6413
D,105,NA,6414
A,105,NA,6415
G,105,NA,6416
F,105,NA,6417
L,105,NA,6418
B,105,NA,6419
K,105,NA,6420
C,105,NA,6421
K,105,NA,6422
H,105,NA,6423
A,105,NA,6424
C,105,NA,6425
L,105,NA,6426
D,105,NA,6427
E,105,NA,6428
G,105,NA,6429
H,105,NA,6430
I,105,NA,6431
E,105,NA,6432
K,105,NA,6433
F,106,NA,6434
E,106,NA,6435
K,106,NA,6436
C,106,NA,6437
I,106,NA,6438
D,106,NA,6439
J,106,NA,6440
G,106,NA,6441
H,106,NA,6442
G,106,NA,6443
C,106,NA,6444
L,106,NA,6445
A,106,NA,6446
H,106,NA,6447
I,106,NA,6448
F,106,NA,6449
B,106,NA,6450
C,106,NA,6451
L,106,NA,6452
D,106,NA,6453
K,106,NA,6454
E,106,NA,6455
G,106,NA,6456
B,106,NA,6457
E,106,NA,6458
C,106,NA,6459
B,106,NA,6460
G,106,NA,6461
K,106,NA,6462
H,106,NA,6463
I,106,NA,6464
A,106,NA,6465
F,106,NA,6466
D,106,NA,6467
J,106,NA,6468
L,106,NA,6469
H,106,NA,6470
K,106,NA,6471
F,106,NA,6472
J,106,NA,6473
G,106,NA,6474
E,106,NA,6475
I,106,NA,6476
L,106,NA,6477
B,106,NA,6478
D,106,NA,6479
A,106,NA,6480
C,106,NA,6481
F,106,NA,6482
A,106,NA,6483
B,106,NA,6484
I,106,NA,6485
D,106,NA,6486
J,106,NA,6487
L,106,NA,6488
H,106,NA,6489
G,106,NA,6490
K,106,NA,6491
E,106,NA,6492
C,106,NA,6493
J,106,NA,6494
A,106,NA,6495
B,106,NA,6496
C,106,NA,6497
I,106,NA,6498
H,106,NA,6499
F,106,NA,6500
E,106,NA,6501
L,106,NA,6502
D,106,NA,6503
K,106,NA,6504
G,106,NA,6505
L,107,NA,6506
A,107,NA,6507
B,107,NA,6508
F,107,NA,6509
I,107,NA,6510
D,107,NA,6511
E,107,NA,6512
G,107,NA,6513
B,107,NA,6514
L,107,NA,6515
J,107,NA,6516
C,107,NA,6517
E,107,NA,6518
A,107,NA,6519
K,107,NA,6520
G,107,NA,6521
G,107,NA,6522
C,107,NA,6523
B,107,NA,6524
E,107,NA,6525
H,107,NA,6526
J,107,NA,6527
J,107,NA,6528
D,107,NA,6529
A,107,NA,6530
L,107,NA,6531
B,107,NA,6532
D,107,NA,6533
A,107,NA,6534
F,107,NA,6535
H,107,NA,6536
E,107,NA,6537
C,107,NA,6538
B,107,NA,6539
K,107,NA,6540
K,107,NA,6541
A,107,NA,6542
B,107,NA,6543
K,107,NA,6544
B,107,NA,6545
E,107,NA,6546
A,107,NA,6547
F,107,NA,6548
D,107,NA,6549
J,107,NA,6550
C,107,NA,6551
J,107,NA,6552
J,107,NA,6553
A,107,NA,6554
I,107,NA,6555
L,107,NA,6556
B,107,NA,6557
H,107,NA,6558
L,107,NA,6559
D,107,NA,6560
F,107,NA,6561
K,107,NA,6562
B,107,NA,6563
E,107,NA,6564
C,107,NA,6565
G,107,NA,6566
A,107,NA,6567
E,107,NA,6568
H,107,NA,6569
L,107,NA,6570
F,107,NA,6571
J,107,NA,6572
I,107,NA,6573
D,107,NA,6574
C,107,NA,6575
B,107,NA,6576
K,107,NA,6577
C,108,NA,6578
F,108,NA,6579
L,108,NA,6580
G,108,NA,6581
B,108,NA,6582
F,108,NA,6583
A,108,NA,6584
C,108,NA,6585
F,108,NA,6586
A,108,NA,6587
J,108,NA,6588
E,108,NA,6589
J,108,NA,6590
K,108,NA,6591
H,108,NA,6592
D,108,NA,6593
B,108,NA,6594
L,108,NA,6595
I,108,NA,6596
F,108,NA,6597
G,108,NA,6598
E,108,NA,6599
C,108,NA,6600
A,108,NA,6601
I,108,NA,6602
B,108,NA,6603
C,108,NA,6604
L,108,NA,6605
K,108,NA,6606
E,108,NA,6607
H,108,NA,6608
F,108,NA,6609
D,108,NA,6610
J,108,NA,6611
A,108,NA,6612
G,108,NA,6613
K,108,NA,6614
E,108,NA,6615
K,108,NA,6616
G,108,NA,6617
B,108,NA,6618
C,108,NA,6619
A,108,NA,6620
I,108,NA,6621
H,108,NA,6622
D,108,NA,6623
F,108,NA,6624
K,108,NA,6625
F,108,NA,6626
L,108,NA,6627
G,108,NA,6628
D,108,NA,6629
H,108,NA,6630
J,108,NA,6631
C,108,NA,6632
A,108,NA,6633
E,108,NA,6634
K,108,NA,6635
B,108,NA,6636
I,108,NA,6637
L,108,NA,6638
K,108,NA,6639
B,108,NA,6640
C,108,NA,6641
I,108,NA,6642
A,108,NA,6643
F,108,NA,6644
E,108,NA,6645
D,108,NA,6646
H,108,NA,6647
G,108,NA,6648
H,108,NA,6649
F,109,NA,6650
I,109,NA,6651
B,109,NA,6652
G,109,NA,6653
J,109,NA,6654
C,109,NA,6655
F,109,NA,6656
K,109,NA,6657
I,109,NA,6658
L,109,NA,6659
E,109,NA,6660
B,109,NA,6661
I,109,NA,6662
C,109,NA,6663
L,109,NA,6664
B,109,NA,6665
E,109,NA,6666
J,109,NA,6667
A,109,NA,6668
F,109,NA,6669
B,109,NA,6670
K,109,NA,6671
E,109,NA,6672
D,109,NA,6673
E,109,NA,6674
B,109,NA,6675
D,109,NA,6676
F,109,NA,6677
L,109,NA,6678
L,109,NA,6679
A,109,NA,6680
K,109,NA,6681
C,109,NA,6682
L,109,NA,6683
E,109,NA,6684
I,109,NA,6685
D,109,NA,6686
K,109,NA,6687
A,109,NA,6688
I,109,NA,6689
L,109,NA,6690
C,109,NA,6691
F,109,NA,6692
K,109,NA,6693
G,109,NA,6694
E,109,NA,6695
K,109,NA,6696
B,109,NA,6697
K,109,NA,6698
B,109,NA,6699
L,109,NA,6700
H,109,NA,6701
J,109,NA,6702
B,109,NA,6703
I,109,NA,6704
A,109,NA,6705
E,109,NA,6706
F,109,NA,6707
D,109,NA,6708
C,109,NA,6709
K,109,NA,6710
E,109,NA,6711
J,109,NA,6712
F,109,NA,6713
B,109,NA,6714
D,109,NA,6715
A,109,NA,6716
C,109,NA,6717
I,109,NA,6718
L,109,NA,6719
G,109,NA,6720
G,109,NA,6721
E,110,NA,6722
C,110,NA,6723
I,110,NA,6724
K,110,NA,6725
L,110,NA,6726
I,110,NA,6727
K,110,NA,6728
K,110,NA,6729
J,110,NA,6730
D,110,NA,6731
F,110,NA,6732
H,110,NA,6733
K,110,NA,6734
L,110,NA,6735
F,110,NA,6736
I,110,NA,6737
J,110,NA,6738
D,110,NA,6739
K,110,NA,6740
C,110,NA,6741
C,110,NA,6742
E,110,NA,6743
G,110,NA,6744
H,110,NA,6745
H,110,NA,6746
J,110,NA,6747
L,110,NA,6748
C,110,NA,6749
A,110,NA,6750
E,110,NA,6751
F,110,NA,6752
K,110,NA,6753
G,110,NA,6754
D,110,NA,6755
I,110,NA,6756
K,110,NA,6757
E,110,NA,6758
K,110,NA,6759
A,110,NA,6760
J,110,NA,6761
G,110,NA,6762
C,110,NA,6763
L,110,NA,6764
L,110,NA,6765
I,110,NA,6766
H,110,NA,6767
K,110,NA,6768
K,110,NA,6769
C,110,NA,6770
H,110,NA,6771
E,110,NA,6772
K,110,NA,6773
I,110,NA,6774
F,110,NA,6775
G,110,NA,6776
I,110,NA,6777
D,110,NA,6778
F,110,NA,6779
J,110,NA,6780
K,110,NA,6781
B,110,NA,6782
C,110,NA,6783
J,110,NA,6784
I,110,NA,6785
G,110,NA,6786
H,110,NA,6787
F,110,NA,6788
A,110,NA,6789
E,110,NA,6790
K,110,NA,6791
D,110,NA,6792
L,110,NA,6793
I,111,NA,6794
D,111,NA,6795
K,111,NA,6796
B,111,NA,6797
F,111,NA,6798
G,111,NA,6799
L,111,NA,6800
H,111,NA,6801
I,111,NA,6802
C,111,NA,6803
J,111,NA,6804
E,111,NA,6805
E,111,NA,6806
C,111,NA,6807
K,111,NA,6808
J,111,NA,6809
F,111,NA,6810
H,111,NA,6811
G,111,NA,6812
C,111,NA,6813
D,111,NA,6814
I,111,NA,6815
L,111,NA,6816
I,111,NA,6817
B,111,NA,6818
L,111,NA,6819
J,111,NA,6820
A,111,NA,6821
H,111,NA,6822
J,111,NA,6823
I,111,NA,6824
D,111,NA,6825
F,111,NA,6826
E,111,NA,6827
L,111,NA,6828
C,111,NA,6829
I,111,NA,6830
B,111,NA,6831
A,111,NA,6832
J,111,NA,6833
D,111,NA,6834
H,111,NA,6835
G,111,NA,6836
K,111,NA,6837
F,111,NA,6838
L,111,NA,6839
C,111,NA,6840
E,111,NA,6841
C,111,NA,6842
K,111,NA,6843
L,111,NA,6844
G,111,NA,6845
F,111,NA,6846
H,111,NA,6847
J,111,NA,6848
B,111,NA,6849
A,111,NA,6850
I,111,NA,6851
D,111,NA,6852
E,111,NA,6853
I,111,NA,6854
D,111,NA,6855
G,111,NA,6856
J,111,NA,6857
A,111,NA,6858
K,111,NA,6859
C,111,NA,6860
B,111,NA,6861
F,111,NA,6862
L,111,NA,6863
E,111,NA,6864
H,111,NA,6865
I,112,NA,6866
L,112,NA,6867
E,112,NA,6868
D,112,NA,6869
G,112,NA,6870
H,112,NA,6871
H,112,NA,6872
K,112,NA,6873
F,112,NA,6874
E,112,NA,6875
C,112,NA,6876
J,112,NA,6877
J,112,NA,6878
E,112,NA,6879
K,112,NA,6880
F,112,NA,6881
I,112,NA,6882
G,112,NA,6883
C,112,NA,6884
E,112,NA,6885
K,112,NA,6886
B,112,NA,6887
L,112,NA,6888
A,112,NA,6889
C,112,NA,6890
I,112,NA,6891
J,112,NA,6892
I,112,NA,6893
G,112,NA,6894
F,112,NA,6895
K,112,NA,6896
E,112,NA,6897
D,112,NA,6898
H,112,NA,6899
D,112,NA,6900
L,112,NA,6901
I,112,NA,6902
E,112,NA,6903
E,112,NA,6904
D,112,NA,6905
A,112,NA,6906
J,112,NA,6907
I,112,NA,6908
K,112,NA,6909
K,112,NA,6910
G,112,NA,6911
C,112,NA,6912
F,112,NA,6913
J,112,NA,6914
F,112,NA,6915
C,112,NA,6916
I,112,NA,6917
K,112,NA,6918
B,112,NA,6919
D,112,NA,6920
G,112,NA,6921
B,112,NA,6922
A,112,NA,6923
E,112,NA,6924
E,112,NA,6925
C,112,NA,6926
K,112,NA,6927
E,112,NA,6928
A,112,NA,6929
K,112,NA,6930
I,112,NA,6931
G,112,NA,6932
K,112,NA,6933
D,112,NA,6934
J,112,NA,6935
B,112,NA,6936
B,112,NA,6937
K,113,NA,6938
F,113,NA,6939
I,113,NA,6940
G,113,NA,6941
A,113,NA,6942
E,113,NA,6943
F,113,NA,6944
B,113,NA,6945
B,113,NA,6946
G,113,NA,6947
E,113,NA,6948
G,113,NA,6949
E,113,NA,6950
K,113,NA,6951
A,113,NA,6952
I,113,NA,6953
F,113,NA,6954
A,113,NA,6955
F,114,NA,6956
E,114,NA,6957
L,114,NA,6958
G,114,NA,6959
A,114,NA,6960
B,114,NA,6961
C,114,NA,6962
H,114,NA,6963
L,114,NA,6964
F,114,NA,6965
J,114,NA,6966
I,114,NA,6967
E,114,NA,6968
G,114,NA,6969
J,114,NA,6970
C,114,NA,6971
H,114,NA,6972
B,114,NA,6973
L,114,NA,6974
A,114,NA,6975
H,114,NA,6976
B,114,NA,6977
K,114,NA,6978
A,114,NA,6979
A,114,NA,6980
I,114,NA,6981
H,114,NA,6982
C,114,NA,6983
K,114,NA,6984
F,114,NA,6985
J,114,NA,6986
K,114,NA,6987
E,114,NA,6988
K,114,NA,6989
A,114,NA,6990
L,114,NA,6991
I,114,NA,6992
E,114,NA,6993
H,114,NA,6994
A,114,NA,6995
L,114,NA,6996
I,114,NA,6997
J,114,NA,6998
D,114,NA,6999
H,114,NA,7000
C,114,NA,7001
A,114,NA,7002
H,114,NA,7003
F,114,NA,7004
K,114,NA,7005
G,114,NA,7006
E,114,NA,7007
H,114,NA,7008
C,114,NA,7009
K,114,NA,7010
J,114,NA,7011
B,114,NA,7012
L,114,NA,7013
G,114,NA,7014
I,114,NA,7015
I,114,NA,7016
C,114,NA,7017
E,114,NA,7018
I,114,NA,7019
F,114,NA,7020
D,114,NA,7021
J,114,NA,7022
G,114,NA,7023
L,114,NA,7024
K,114,NA,7025
H,114,NA,7026
K,114,NA,7027
E,115,NA,7028
E,116,NA,7029
C,117,NA,7030
A,117,NA,7031
I,117,NA,7032
B,117,NA,7033
B,117,NA,7034
B,117,NA,7035
K,117,NA,7036
J,117,NA,7037
A,117,NA,7038
H,117,NA,7039
D,117,NA,7040
E,117,NA,7041
H,117,NA,7042
C,117,NA,7043
L,117,NA,7044
I,117,NA,7045
L,117,NA,7046
E,117,NA,7047
A,117,NA,7048
G,117,NA,7049
L,117,NA,7050
L,117,NA,7051
K,117,NA,7052
D,117,NA,7053
F,117,NA,7054
K,117,NA,7055
J,117,NA,7056
L,117,NA,7057
J,117,NA,7058
H,117,NA,7059
C,117,NA,7060
A,117,NA,7061
E,117,NA,7062
D,117,NA,7063
I,117,NA,7064
C,117,NA,7065
E,117,NA,7066
A,117,NA,7067
C,117,NA,7068
L,117,NA,7069
K,117,NA,7070
L,117,NA,7071
D,117,NA,7072
G,117,NA,7073
G,117,NA,7074
I,117,NA,7075
J,117,NA,7076
H,117,NA,7077
G,117,NA,7078
K,117,NA,7079
J,117,NA,7080
I,117,NA,7081
A,117,NA,7082
H,117,NA,7083
D,117,NA,7084
F,117,NA,7085
E,117,NA,7086
C,117,NA,7087
F,117,NA,7088
G,117,NA,7089
I,117,NA,7090
H,117,NA,7091
H,117,NA,7092
F,117,NA,7093
E,117,NA,7094
L,117,NA,7095
K,117,NA,7096
A,117,NA,7097
D,117,NA,7098
L,117,NA,7099
J,117,NA,7100
C,117,NA,7101
H,118,NA,7102
G,118,NA,7103
I,118,NA,7104
A,118,NA,7105
F,118,NA,7106
C,118,NA,7107
J,118,NA,7108
E,118,NA,7109
L,118,NA,7110
D,118,NA,7111
B,118,NA,7112
K,118,NA,7113
F,118,NA,7114
I,118,NA,7115
E,118,NA,7116
C,119,NA,7117
A,119,NA,7118
J,119,NA,7119
H,119,NA,7120
L,119,NA,7121
J,119,NA,7122
F,119,NA,7123
I,119,NA,7124
L,119,NA,7125
E,119,NA,7126
D,119,NA,7127
L,119,NA,7128
I,119,NA,7129
G,119,NA,7130
F,119,NA,7131
K,119,NA,7132
H,119,NA,7133
D,119,NA,7134
C,119,NA,7135
J,119,NA,7136
E,119,NA,7137
K,119,NA,7138
H,119,NA,7139
B,119,NA,7140
E,119,NA,7141
C,119,NA,7142
L,119,NA,7143
I,119,NA,7144
L,119,NA,7145
L,119,NA,7146
F,119,NA,7147
B,119,NA,7148
D,119,NA,7149
A,119,NA,7150
H,119,NA,7151
J,119,NA,7152
K,119,NA,7153
L,119,NA,7154
E,119,NA,7155
L,119,NA,7156
A,119,NA,7157
I,119,NA,7158
G,119,NA,7159
H,119,NA,7160
B,119,NA,7161
C,119,NA,7162
J,119,NA,7163
F,119,NA,7164
H,119,NA,7165
G,119,NA,7166
K,119,NA,7167
B,119,NA,7168
D,119,NA,7169
I,119,NA,7170
C,119,NA,7171
A,119,NA,7172
K,119,NA,7173
E,119,NA,7174
J,119,NA,7175
F,119,NA,7176
G,119,NA,7177
L,119,NA,7178
H,119,NA,7179
D,119,NA,7180
F,119,NA,7181
J,119,NA,7182
B,119,NA,7183
E,119,NA,7184
C,119,NA,7185
K,119,NA,7186
I,119,NA,7187
A,119,NA,7188
E,120,NA,7189
H,120,NA,7190
C,120,NA,7191
K,120,NA,7192
I,120,NA,7193
D,120,NA,7194
A,120,NA,7195
A,121,NA,7196
H,121,NA,7197
K,121,NA,7198
B,121,NA,7199
D,121,NA,7200
H,121,NA,7201
I,121,NA,7202
F,121,NA,7203
J,121,NA,7204
G,121,NA,7205
C,121,NA,7206
E,121,NA,7207
L,121,NA,7208
F,121,NA,7209
E,121,NA,7210
D,121,NA,7211
C,121,NA,7212
J,121,NA,7213
K,121,NA,7214
G,121,NA,7215
H,121,NA,7216
I,121,NA,7217
I,121,NA,7218
H,121,NA,7219
D,121,NA,7220
J,121,NA,7221
L,121,NA,7222
F,121,NA,7223
E,121,NA,7224
G,121,NA,7225
K,121,NA,7226
B,121,NA,7227
A,121,NA,7228
A,121,NA,7229
H,121,NA,7230
C,121,NA,7231
B,121,NA,7232
F,121,NA,7233
L,121,NA,7234
E,121,NA,7235
K,121,NA,7236
I,121,NA,7237
J,121,NA,7238
D,121,NA,7239
G,121,NA,7240
C,121,NA,7241
H,121,NA,7242
B,121,NA,7243
D,121,NA,7244
A,121,NA,7245
H,121,NA,7246
L,121,NA,7247
F,121,NA,7248
G,121,NA,7249
K,121,NA,7250
E,121,NA,7251
G,121,NA,7252
B,121,NA,7253
C,121,NA,7254
J,121,NA,7255
F,121,NA,7256
J,121,NA,7257
E,121,NA,7258
K,121,NA,7259
I,121,NA,7260
D,121,NA,7261
L,121,NA,7262
C,121,NA,7263
A,121,NA,7264
K,121,NA,7265
H,121,NA,7266
G,121,NA,7267
K,122,NA,7268
C,122,NA,7269
A,123,NA,7270
E,123,NA,7271
E,123,NA,7272
K,123,NA,7273
L,123,NA,7274
H,123,NA,7275
I,123,NA,7276
C,123,NA,7277
L,123,NA,7278
J,123,NA,7279
B,123,NA,7280
H,123,NA,7281
K,123,NA,7282
H,123,NA,7283
I,123,NA,7284
L,123,NA,7285
E,123,NA,7286
D,123,NA,7287
A,123,NA,7288
B,123,NA,7289
H,123,NA,7290
F,123,NA,7291
C,123,NA,7292
K,123,NA,7293
I,123,NA,7294
E,123,NA,7295
A,123,NA,7296
L,123,NA,7297
H,123,NA,7298
F,123,NA,7299
C,123,NA,7300
G,123,NA,7301
J,123,NA,7302
K,123,NA,7303
G,123,NA,7304
D,123,NA,7305
L,123,NA,7306
D,123,NA,7307
E,123,NA,7308
I,123,NA,7309
F,123,NA,7310
G,123,NA,7311
B,123,NA,7312
A,123,NA,7313
K,123,NA,7314
H,123,NA,7315
C,123,NA,7316
J,123,NA,7317
B,123,NA,7318
H,123,NA,7319
L,123,NA,7320
J,123,NA,7321
G,123,NA,7322
E,123,NA,7323
K,123,NA,7324
F,123,NA,7325
I,123,NA,7326
C,123,NA,7327
D,123,NA,7328
A,123,NA,7329
G,123,NA,7330
K,123,NA,7331
B,123,NA,7332
D,123,NA,7333
J,123,NA,7334
C,123,NA,7335
E,123,NA,7336
A,123,NA,7337
F,123,NA,7338
H,123,NA,7339
I,123,NA,7340
L,123,NA,7341
