choice_id,player_id,role,time_stamp,trial_id,option_set,check_choices
I,2,matcher,NA,1,I;J;K;H,TRUE
K,2,matcher,NA,2,I;J;K;H,TRUE
H,2,matcher,NA,3,I;J;K;H,TRUE
J,2,matcher,NA,4,I;J;K;H,TRUE
H,1,matcher,NA,5,I;J;K;H,TRUE
K,1,matcher,NA,6,I;J;K;H,TRUE
J,1,matcher,NA,7,I;J;K;H,TRUE
I,1,matcher,NA,8,I;J;K;H,TRUE
J,2,matcher,NA,9,I;J;K;H,TRUE
K,2,matcher,NA,10,I;J;K;H,TRUE
I,2,matcher,NA,11,I;J;K;H,TRUE
H,2,matcher,NA,12,I;J;K;H,TRUE
K,1,matcher,NA,13,I;J;K;H,TRUE
I,1,matcher,NA,14,I;J;K;H,TRUE
H,1,matcher,NA,15,I;J;K;H,TRUE
J,1,matcher,NA,16,I;J;K;H,TRUE
K,3,matcher,NA,17,I;J;K;H,TRUE
H,3,matcher,NA,18,I;J;K;H,TRUE
J,3,matcher,NA,19,I;J;K;H,TRUE
I,3,matcher,NA,20,I;J;K;H,TRUE
K,4,matcher,NA,21,I;J;K;H,TRUE
H,4,matcher,NA,22,I;J;K;H,TRUE
I,4,matcher,NA,23,I;J;K;H,TRUE
J,4,matcher,NA,24,I;J;K;H,TRUE
K,3,matcher,NA,25,I;J;K;H,TRUE
H,3,matcher,NA,26,I;J;K;H,TRUE
I,3,matcher,NA,27,I;J;K;H,TRUE
J,3,matcher,NA,28,I;J;K;H,TRUE
I,4,matcher,NA,29,I;J;K;H,TRUE
K,4,matcher,NA,30,I;J;K;H,TRUE
H,4,matcher,NA,31,I;J;K;H,TRUE
J,4,matcher,NA,32,I;J;K;H,TRUE
K,4,matcher,NA,33,I;J;K;H,TRUE
H,4,matcher,NA,34,I;J;K;H,TRUE
J,4,matcher,NA,35,I;J;K;H,TRUE
I,4,matcher,NA,36,I;J;K;H,TRUE
H,2,matcher,NA,37,I;J;K;H,TRUE
K,2,matcher,NA,38,I;J;K;H,TRUE
I,2,matcher,NA,39,I;J;K;H,TRUE
J,2,matcher,NA,40,I;J;K;H,TRUE
I,4,matcher,NA,41,I;J;K;H,TRUE
K,4,matcher,NA,42,I;J;K;H,TRUE
H,4,matcher,NA,43,I;J;K;H,TRUE
J,4,matcher,NA,44,I;J;K;H,TRUE
H,2,matcher,NA,45,I;J;K;H,TRUE
K,2,matcher,NA,46,I;J;K;H,TRUE
J,2,matcher,NA,47,I;J;K;H,TRUE
I,2,matcher,NA,48,I;J;K;H,TRUE
J,1,matcher,NA,49,I;J;K;H,TRUE
H,1,matcher,NA,50,I;J;K;H,TRUE
I,1,matcher,NA,51,I;J;K;H,TRUE
K,1,matcher,NA,52,I;J;K;H,TRUE
I,3,matcher,NA,53,I;J;K;H,TRUE
K,3,matcher,NA,54,I;J;K;H,TRUE
J,3,matcher,NA,55,I;J;K;H,TRUE
H,3,matcher,NA,56,I;J;K;H,TRUE
I,1,matcher,NA,57,I;J;K;H,TRUE
K,1,matcher,NA,58,I;J;K;H,TRUE
J,1,matcher,NA,59,I;J;K;H,TRUE
H,1,matcher,NA,60,I;J;K;H,TRUE
J,3,matcher,NA,61,I;J;K;H,TRUE
K,3,matcher,NA,62,I;J;K;H,TRUE
H,3,matcher,NA,63,I;J;K;H,TRUE
I,3,matcher,NA,64,I;J;K;H,TRUE
H,2,matcher,NA,65,I;J;K;H,TRUE
J,2,matcher,NA,66,I;J;K;H,TRUE
K,2,matcher,NA,67,I;J;K;H,TRUE
I,2,matcher,NA,68,I;J;K;H,TRUE
J,3,matcher,NA,69,I;J;K;H,TRUE
H,3,matcher,NA,70,I;J;K;H,TRUE
K,3,matcher,NA,71,I;J;K;H,TRUE
I,3,matcher,NA,72,I;J;K;H,TRUE
H,2,matcher,NA,73,I;J;K;H,TRUE
K,2,matcher,NA,74,I;J;K;H,TRUE
I,2,matcher,NA,75,I;J;K;H,TRUE
J,2,matcher,NA,76,I;J;K;H,TRUE
K,3,matcher,NA,77,I;J;K;H,TRUE
I,3,matcher,NA,78,I;J;K;H,TRUE
J,3,matcher,NA,79,I;J;K;H,TRUE
H,3,matcher,NA,80,I;J;K;H,TRUE
J,4,matcher,NA,81,I;J;K;H,TRUE
I,4,matcher,NA,82,I;J;K;H,TRUE
H,4,matcher,NA,83,I;J;K;H,TRUE
K,4,matcher,NA,84,I;J;K;H,TRUE
I,1,matcher,NA,85,I;J;K;H,TRUE
K,1,matcher,NA,86,I;J;K;H,TRUE
J,1,matcher,NA,87,I;J;K;H,TRUE
H,1,matcher,NA,88,I;J;K;H,TRUE
I,4,matcher,NA,89,I;J;K;H,TRUE
H,4,matcher,NA,90,I;J;K;H,TRUE
K,4,matcher,NA,91,I;J;K;H,TRUE
J,4,matcher,NA,92,I;J;K;H,TRUE
H,1,matcher,NA,93,I;J;K;H,TRUE
J,1,matcher,NA,94,I;J;K;H,TRUE
I,1,matcher,NA,95,I;J;K;H,TRUE
K,1,matcher,NA,96,I;J;K;H,TRUE
NA,6,matcher,NA,97,E;F;G;L,TRUE
G,6,matcher,NA,98,E;F;G;L,TRUE
E,6,matcher,NA,99,E;F;G;L,TRUE
F,6,matcher,NA,100,E;F;G;L,TRUE
L,5,matcher,NA,101,E;F;G;L,TRUE
F,5,matcher,NA,102,E;F;G;L,TRUE
E,5,matcher,NA,103,E;F;G;L,TRUE
G,5,matcher,NA,104,E;F;G;L,TRUE
L,6,matcher,NA,105,E;F;G;L,TRUE
E,6,matcher,NA,106,E;F;G;L,TRUE
F,6,matcher,NA,107,E;F;G;L,TRUE
G,6,matcher,NA,108,E;F;G;L,TRUE
F,5,matcher,NA,109,E;F;G;L,TRUE
G,5,matcher,NA,110,E;F;G;L,TRUE
L,5,matcher,NA,111,E;F;G;L,TRUE
E,5,matcher,NA,112,E;F;G;L,TRUE
F,8,matcher,NA,113,E;F;G;L,TRUE
G,8,matcher,NA,114,E;F;G;L,TRUE
E,8,matcher,NA,115,E;F;G;L,TRUE
L,8,matcher,NA,116,E;F;G;L,TRUE
E,7,matcher,NA,117,E;F;G;L,TRUE
F,7,matcher,NA,118,E;F;G;L,TRUE
L,7,matcher,NA,119,E;F;G;L,TRUE
G,7,matcher,NA,120,E;F;G;L,TRUE
L,8,matcher,NA,121,E;F;G;L,TRUE
G,8,matcher,NA,122,E;F;G;L,TRUE
E,8,matcher,NA,123,E;F;G;L,TRUE
F,8,matcher,NA,124,E;F;G;L,TRUE
E,7,matcher,NA,125,E;F;G;L,TRUE
L,7,matcher,NA,126,E;F;G;L,TRUE
G,7,matcher,NA,127,E;F;G;L,TRUE
F,7,matcher,NA,128,E;F;G;L,TRUE
E,5,matcher,NA,129,E;F;G;L,TRUE
NA,5,matcher,NA,130,E;F;G;L,TRUE
L,5,matcher,NA,131,E;F;G;L,TRUE
G,5,matcher,NA,132,E;F;G;L,TRUE
L,7,matcher,NA,133,E;F;G;L,TRUE
G,7,matcher,NA,134,E;F;G;L,TRUE
E,7,matcher,NA,135,E;F;G;L,TRUE
F,7,matcher,NA,136,E;F;G;L,TRUE
L,5,matcher,NA,137,E;F;G;L,TRUE
F,5,matcher,NA,138,E;F;G;L,TRUE
G,5,matcher,NA,139,E;F;G;L,TRUE
E,5,matcher,NA,140,E;F;G;L,TRUE
L,7,matcher,NA,141,E;F;G;L,TRUE
E,7,matcher,NA,142,E;F;G;L,TRUE
F,7,matcher,NA,143,E;F;G;L,TRUE
G,7,matcher,NA,144,E;F;G;L,TRUE
L,6,matcher,NA,145,E;F;G;L,TRUE
G,6,matcher,NA,146,E;F;G;L,TRUE
F,6,matcher,NA,147,E;F;G;L,TRUE
E,6,matcher,NA,148,E;F;G;L,TRUE
L,8,matcher,NA,149,E;F;G;L,TRUE
E,8,matcher,NA,150,E;F;G;L,TRUE
NA,8,matcher,NA,151,E;F;G;L,TRUE
G,8,matcher,NA,152,E;F;G;L,TRUE
L,6,matcher,NA,153,E;F;G;L,TRUE
F,6,matcher,NA,154,E;F;G;L,TRUE
G,6,matcher,NA,155,E;F;G;L,TRUE
E,6,matcher,NA,156,E;F;G;L,TRUE
F,8,matcher,NA,157,E;F;G;L,TRUE
L,8,matcher,NA,158,E;F;G;L,TRUE
G,8,matcher,NA,159,E;F;G;L,TRUE
E,8,matcher,NA,160,E;F;G;L,TRUE
L,8,matcher,NA,161,E;F;G;L,TRUE
G,8,matcher,NA,162,E;F;G;L,TRUE
F,8,matcher,NA,163,E;F;G;L,TRUE
E,8,matcher,NA,164,E;F;G;L,TRUE
L,5,matcher,NA,165,E;F;G;L,TRUE
G,5,matcher,NA,166,E;F;G;L,TRUE
F,5,matcher,NA,167,E;F;G;L,TRUE
E,5,matcher,NA,168,E;F;G;L,TRUE
G,8,matcher,NA,169,E;F;G;L,TRUE
E,8,matcher,NA,170,E;F;G;L,TRUE
F,8,matcher,NA,171,E;F;G;L,TRUE
L,8,matcher,NA,172,E;F;G;L,TRUE
G,5,matcher,NA,173,E;F;G;L,TRUE
L,5,matcher,NA,174,E;F;G;L,TRUE
E,5,matcher,NA,175,E;F;G;L,TRUE
F,5,matcher,NA,176,E;F;G;L,TRUE
F,6,matcher,NA,177,E;F;G;L,TRUE
L,6,matcher,NA,178,E;F;G;L,TRUE
G,6,matcher,NA,179,E;F;G;L,TRUE
E,6,matcher,NA,180,E;F;G;L,TRUE
F,7,matcher,NA,181,E;F;G;L,TRUE
E,7,matcher,NA,182,E;F;G;L,TRUE
NA,7,matcher,NA,183,E;F;G;L,TRUE
G,7,matcher,NA,184,E;F;G;L,TRUE
F,6,matcher,NA,185,E;F;G;L,TRUE
E,6,matcher,NA,186,E;F;G;L,TRUE
L,6,matcher,NA,187,E;F;G;L,TRUE
G,6,matcher,NA,188,E;F;G;L,TRUE
F,7,matcher,NA,189,E;F;G;L,TRUE
G,7,matcher,NA,190,E;F;G;L,TRUE
E,7,matcher,NA,191,E;F;G;L,TRUE
L,7,matcher,NA,192,E;F;G;L,TRUE
B,10,matcher,NA,196,A;B;C;D,TRUE
D,10,matcher,NA,193,A;B;C;D,TRUE
A,10,matcher,NA,194,A;B;C;D,TRUE
C,10,matcher,NA,195,A;B;C;D,TRUE
NA,9,matcher,NA,197,A;B;C;D,TRUE
B,9,matcher,NA,198,A;B;C;D,TRUE
C,9,matcher,NA,199,A;B;C;D,TRUE
A,9,matcher,NA,200,A;B;C;D,TRUE
D,10,matcher,NA,201,A;B;C;D,TRUE
A,10,matcher,NA,202,A;B;C;D,TRUE
C,10,matcher,NA,203,A;B;C;D,TRUE
B,10,matcher,NA,204,A;B;C;D,TRUE
C,9,matcher,NA,205,A;B;C;D,TRUE
B,9,matcher,NA,206,A;B;C;D,TRUE
A,9,matcher,NA,207,A;B;C;D,TRUE
D,9,matcher,NA,208,A;B;C;D,TRUE
C,12,matcher,NA,209,A;B;C;D,TRUE
A,12,matcher,NA,210,A;B;C;D,TRUE
D,12,matcher,NA,211,A;B;C;D,TRUE
B,12,matcher,NA,212,A;B;C;D,TRUE
C,11,matcher,NA,213,A;B;C;D,TRUE
D,11,matcher,NA,214,A;B;C;D,TRUE
A,11,matcher,NA,215,A;B;C;D,TRUE
B,11,matcher,NA,216,A;B;C;D,TRUE
A,12,matcher,NA,217,A;B;C;D,TRUE
C,12,matcher,NA,218,A;B;C;D,TRUE
D,12,matcher,NA,219,A;B;C;D,TRUE
B,12,matcher,NA,220,A;B;C;D,TRUE
A,11,matcher,NA,221,A;B;C;D,TRUE
D,11,matcher,NA,222,A;B;C;D,TRUE
B,11,matcher,NA,223,A;B;C;D,TRUE
C,11,matcher,NA,224,A;B;C;D,TRUE
NA,9,matcher,NA,225,A;B;C;D,TRUE
B,9,matcher,NA,226,A;B;C;D,TRUE
D,9,matcher,NA,227,A;B;C;D,TRUE
A,9,matcher,NA,228,A;B;C;D,TRUE
D,11,matcher,NA,229,A;B;C;D,TRUE
C,11,matcher,NA,230,A;B;C;D,TRUE
B,11,matcher,NA,231,A;B;C;D,TRUE
A,11,matcher,NA,232,A;B;C;D,TRUE
C,9,matcher,NA,233,A;B;C;D,TRUE
D,9,matcher,NA,234,A;B;C;D,TRUE
B,9,matcher,NA,235,A;B;C;D,TRUE
A,9,matcher,NA,236,A;B;C;D,TRUE
C,11,matcher,NA,237,A;B;C;D,TRUE
B,11,matcher,NA,238,A;B;C;D,TRUE
D,11,matcher,NA,239,A;B;C;D,TRUE
A,11,matcher,NA,240,A;B;C;D,TRUE
C,12,matcher,NA,241,A;B;C;D,TRUE
A,12,matcher,NA,242,A;B;C;D,TRUE
D,12,matcher,NA,243,A;B;C;D,TRUE
B,12,matcher,NA,244,A;B;C;D,TRUE
D,10,matcher,NA,245,A;B;C;D,TRUE
B,10,matcher,NA,246,A;B;C;D,TRUE
C,10,matcher,NA,247,A;B;C;D,TRUE
A,10,matcher,NA,248,A;B;C;D,TRUE
C,12,matcher,NA,249,A;B;C;D,TRUE
A,12,matcher,NA,250,A;B;C;D,TRUE
D,12,matcher,NA,251,A;B;C;D,TRUE
B,12,matcher,NA,252,A;B;C;D,TRUE
C,10,matcher,NA,253,A;B;C;D,TRUE
A,10,matcher,NA,254,A;B;C;D,TRUE
B,10,matcher,NA,255,A;B;C;D,TRUE
NA,10,matcher,NA,256,A;B;C;D,TRUE
D,12,matcher,NA,257,A;B;C;D,TRUE
A,12,matcher,NA,258,A;B;C;D,TRUE
B,12,matcher,NA,259,A;B;C;D,TRUE
C,12,matcher,NA,260,A;B;C;D,TRUE
D,9,matcher,NA,261,A;B;C;D,TRUE
C,9,matcher,NA,262,A;B;C;D,TRUE
B,9,matcher,NA,263,A;B;C;D,TRUE
A,9,matcher,NA,264,A;B;C;D,TRUE
D,12,matcher,NA,265,A;B;C;D,TRUE
A,12,matcher,NA,266,A;B;C;D,TRUE
B,12,matcher,NA,267,A;B;C;D,TRUE
C,12,matcher,NA,268,A;B;C;D,TRUE
D,9,matcher,NA,269,A;B;C;D,TRUE
A,9,matcher,NA,270,A;B;C;D,TRUE
C,9,matcher,NA,271,A;B;C;D,TRUE
B,9,matcher,NA,272,A;B;C;D,TRUE
B,10,matcher,NA,273,A;B;C;D,TRUE
A,10,matcher,NA,274,A;B;C;D,TRUE
D,10,matcher,NA,275,A;B;C;D,TRUE
C,10,matcher,NA,276,A;B;C;D,TRUE
D,11,matcher,NA,277,A;B;C;D,TRUE
C,11,matcher,NA,278,A;B;C;D,TRUE
B,11,matcher,NA,279,A;B;C;D,TRUE
A,11,matcher,NA,280,A;B;C;D,TRUE
C,10,matcher,NA,281,A;B;C;D,TRUE
A,10,matcher,NA,282,A;B;C;D,TRUE
B,10,matcher,NA,283,A;B;C;D,TRUE
D,10,matcher,NA,284,A;B;C;D,TRUE
B,11,matcher,NA,285,A;B;C;D,TRUE
C,11,matcher,NA,286,A;B;C;D,TRUE
A,11,matcher,NA,287,A;B;C;D,TRUE
D,11,matcher,NA,288,A;B;C;D,TRUE
I,13,matcher,NA,289,I;J;K;H,TRUE
H,13,matcher,NA,290,I;J;K;H,TRUE
K,13,matcher,NA,291,I;J;K;H,TRUE
J,13,matcher,NA,292,I;J;K;H,TRUE
H,14,matcher,NA,293,I;J;K;H,TRUE
NA,14,matcher,NA,294,I;J;K;H,TRUE
K,14,matcher,NA,295,I;J;K;H,TRUE
I,14,matcher,NA,296,I;J;K;H,TRUE
K,13,matcher,NA,297,I;J;K;H,TRUE
J,13,matcher,NA,298,I;J;K;H,TRUE
I,13,matcher,NA,299,I;J;K;H,TRUE
H,13,matcher,NA,300,I;J;K;H,TRUE
J,14,matcher,NA,301,I;J;K;H,TRUE
I,14,matcher,NA,302,I;J;K;H,TRUE
H,14,matcher,NA,303,I;J;K;H,TRUE
K,14,matcher,NA,304,I;J;K;H,TRUE
I,16,matcher,NA,305,I;J;K;H,TRUE
NA,16,matcher,NA,306,I;J;K;H,TRUE
J,16,matcher,NA,307,I;J;K;H,TRUE
K,16,matcher,NA,308,I;J;K;H,TRUE
H,15,matcher,NA,309,I;J;K;H,TRUE
NA,15,matcher,NA,310,I;J;K;H,TRUE
J,15,matcher,NA,311,I;J;K;H,TRUE
I,15,matcher,NA,312,I;J;K;H,TRUE
K,16,matcher,NA,313,I;J;K;H,TRUE
I,16,matcher,NA,314,I;J;K;H,TRUE
NA,16,matcher,NA,315,I;J;K;H,TRUE
J,16,matcher,NA,316,I;J;K;H,TRUE
K,15,matcher,NA,317,I;J;K;H,TRUE
J,15,matcher,NA,318,I;J;K;H,TRUE
I,15,matcher,NA,319,I;J;K;H,TRUE
H,15,matcher,NA,320,I;J;K;H,TRUE
J,15,matcher,NA,321,I;J;K;H,TRUE
NA,15,matcher,NA,322,I;J;K;H,TRUE
I,15,matcher,NA,323,I;J;K;H,TRUE
H,15,matcher,NA,324,I;J;K;H,TRUE
I,13,matcher,NA,325,I;J;K;H,TRUE
H,13,matcher,NA,326,I;J;K;H,TRUE
K,13,matcher,NA,327,I;J;K;H,TRUE
J,13,matcher,NA,328,I;J;K;H,TRUE
K,15,matcher,NA,329,I;J;K;H,TRUE
J,15,matcher,NA,330,I;J;K;H,TRUE
I,15,matcher,NA,331,I;J;K;H,TRUE
H,15,matcher,NA,332,I;J;K;H,TRUE
I,13,matcher,NA,333,I;J;K;H,TRUE
K,13,matcher,NA,334,I;J;K;H,TRUE
H,13,matcher,NA,335,I;J;K;H,TRUE
J,13,matcher,NA,336,I;J;K;H,TRUE
J,16,matcher,NA,337,I;J;K;H,TRUE
I,16,matcher,NA,338,I;J;K;H,TRUE
K,16,matcher,NA,339,I;J;K;H,TRUE
H,16,matcher,NA,340,I;J;K;H,TRUE
K,14,matcher,NA,341,I;J;K;H,TRUE
H,14,matcher,NA,342,I;J;K;H,TRUE
I,14,matcher,NA,343,I;J;K;H,TRUE
J,14,matcher,NA,344,I;J;K;H,TRUE
H,16,matcher,NA,345,I;J;K;H,TRUE
I,16,matcher,NA,346,I;J;K;H,TRUE
K,16,matcher,NA,347,I;J;K;H,TRUE
J,16,matcher,NA,348,I;J;K;H,TRUE
K,14,matcher,NA,349,I;J;K;H,TRUE
I,14,matcher,NA,350,I;J;K;H,TRUE
J,14,matcher,NA,351,I;J;K;H,TRUE
H,14,matcher,NA,352,I;J;K;H,TRUE
NA,16,matcher,NA,353,I;J;K;H,TRUE
NA,16,matcher,NA,354,I;J;K;H,TRUE
J,16,matcher,NA,355,I;J;K;H,TRUE
I,16,matcher,NA,356,I;J;K;H,TRUE
K,13,matcher,NA,357,I;J;K;H,TRUE
J,13,matcher,NA,358,I;J;K;H,TRUE
I,13,matcher,NA,359,I;J;K;H,TRUE
H,13,matcher,NA,360,I;J;K;H,TRUE
I,16,matcher,NA,361,I;J;K;H,TRUE
J,16,matcher,NA,362,I;J;K;H,TRUE
H,16,matcher,NA,363,I;J;K;H,TRUE
K,16,matcher,NA,364,I;J;K;H,TRUE
H,13,matcher,NA,365,I;J;K;H,TRUE
K,13,matcher,NA,366,I;J;K;H,TRUE
I,13,matcher,NA,367,I;J;K;H,TRUE
J,13,matcher,NA,368,I;J;K;H,TRUE
NA,15,matcher,NA,369,I;J;K;H,TRUE
H,15,matcher,NA,370,I;J;K;H,TRUE
K,15,matcher,NA,371,I;J;K;H,TRUE
I,15,matcher,NA,372,I;J;K;H,TRUE
NA,14,matcher,NA,373,I;J;K;H,TRUE
I,14,matcher,NA,374,I;J;K;H,TRUE
K,14,matcher,NA,375,I;J;K;H,TRUE
J,14,matcher,NA,376,I;J;K;H,TRUE
K,15,matcher,NA,377,I;J;K;H,TRUE
J,15,matcher,NA,378,I;J;K;H,TRUE
NA,15,matcher,NA,379,I;J;K;H,TRUE
I,15,matcher,NA,380,I;J;K;H,TRUE
H,14,matcher,NA,381,I;J;K;H,TRUE
J,14,matcher,NA,382,I;J;K;H,TRUE
I,14,matcher,NA,383,I;J;K;H,TRUE
K,14,matcher,NA,384,I;J;K;H,TRUE
K,18,matcher,NA,385,I;J;K;H,TRUE
I,18,matcher,NA,386,I;J;K;H,TRUE
NA,18,matcher,NA,387,I;J;K;H,TRUE
J,18,matcher,NA,388,I;J;K;H,TRUE
H,17,matcher,NA,389,I;J;K;H,TRUE
K,17,matcher,NA,390,I;J;K;H,TRUE
J,17,matcher,NA,391,I;J;K;H,TRUE
I,17,matcher,NA,392,I;J;K;H,TRUE
NA,18,matcher,NA,393,I;J;K;H,TRUE
I,18,matcher,NA,394,I;J;K;H,TRUE
J,18,matcher,NA,395,I;J;K;H,TRUE
NA,18,matcher,NA,396,I;J;K;H,TRUE
NA,17,matcher,NA,397,I;J;K;H,TRUE
I,17,matcher,NA,398,I;J;K;H,TRUE
J,17,matcher,NA,399,I;J;K;H,TRUE
K,17,matcher,NA,400,I;J;K;H,TRUE
NA,20,matcher,NA,401,I;J;K;H,TRUE
K,20,matcher,NA,402,I;J;K;H,TRUE
I,20,matcher,NA,403,I;J;K;H,TRUE
NA,20,matcher,NA,404,I;J;K;H,TRUE
K,19,matcher,NA,405,I;J;K;H,TRUE
NA,19,matcher,NA,406,I;J;K;H,TRUE
H,19,matcher,NA,407,I;J;K;H,TRUE
I,19,matcher,NA,408,I;J;K;H,TRUE
J,20,matcher,NA,409,I;J;K;H,TRUE
H,20,matcher,NA,410,I;J;K;H,TRUE
I,20,matcher,NA,411,I;J;K;H,TRUE
K,20,matcher,NA,412,I;J;K;H,TRUE
H,19,matcher,NA,413,I;J;K;H,TRUE
K,19,matcher,NA,414,I;J;K;H,TRUE
NA,19,matcher,NA,415,I;J;K;H,TRUE
I,19,matcher,NA,416,I;J;K;H,TRUE
K,17,matcher,NA,417,I;J;K;H,TRUE
I,17,matcher,NA,418,I;J;K;H,TRUE
J,17,matcher,NA,419,I;J;K;H,TRUE
H,17,matcher,NA,420,I;J;K;H,TRUE
I,19,matcher,NA,421,I;J;K;H,TRUE
J,19,matcher,NA,422,I;J;K;H,TRUE
NA,19,matcher,NA,423,I;J;K;H,TRUE
NA,19,matcher,NA,424,I;J;K;H,TRUE
J,17,matcher,NA,425,I;J;K;H,TRUE
K,17,matcher,NA,426,I;J;K;H,TRUE
H,17,matcher,NA,427,I;J;K;H,TRUE
I,17,matcher,NA,428,I;J;K;H,TRUE
NA,19,matcher,NA,429,I;J;K;H,TRUE
J,19,matcher,NA,430,I;J;K;H,TRUE
I,19,matcher,NA,431,I;J;K;H,TRUE
K,19,matcher,NA,432,I;J;K;H,TRUE
H,18,matcher,NA,433,I;J;K;H,TRUE
I,18,matcher,NA,434,I;J;K;H,TRUE
K,18,matcher,NA,435,I;J;K;H,TRUE
J,18,matcher,NA,436,I;J;K;H,TRUE
I,20,matcher,NA,437,I;J;K;H,TRUE
J,20,matcher,NA,438,I;J;K;H,TRUE
K,20,matcher,NA,439,I;J;K;H,TRUE
H,20,matcher,NA,440,I;J;K;H,TRUE
I,18,matcher,NA,441,I;J;K;H,TRUE
J,18,matcher,NA,442,I;J;K;H,TRUE
H,18,matcher,NA,443,I;J;K;H,TRUE
K,18,matcher,NA,444,I;J;K;H,TRUE
J,20,matcher,NA,445,I;J;K;H,TRUE
I,20,matcher,NA,446,I;J;K;H,TRUE
H,20,matcher,NA,447,I;J;K;H,TRUE
K,20,matcher,NA,448,I;J;K;H,TRUE
H,17,matcher,NA,449,I;J;K;H,TRUE
K,17,matcher,NA,450,I;J;K;H,TRUE
I,17,matcher,NA,451,I;J;K;H,TRUE
J,17,matcher,NA,452,I;J;K;H,TRUE
I,20,matcher,NA,453,I;J;K;H,TRUE
K,20,matcher,NA,454,I;J;K;H,TRUE
J,20,matcher,NA,455,I;J;K;H,TRUE
H,20,matcher,NA,456,I;J;K;H,TRUE
I,17,matcher,NA,457,I;J;K;H,TRUE
H,17,matcher,NA,458,I;J;K;H,TRUE
K,17,matcher,NA,459,I;J;K;H,TRUE
J,17,matcher,NA,460,I;J;K;H,TRUE
K,20,matcher,NA,461,I;J;K;H,TRUE
I,20,matcher,NA,462,I;J;K;H,TRUE
J,20,matcher,NA,463,I;J;K;H,TRUE
H,20,matcher,NA,464,I;J;K;H,TRUE
NA,19,matcher,NA,465,I;J;K;H,TRUE
J,19,matcher,NA,466,I;J;K;H,TRUE
H,19,matcher,NA,467,I;J;K;H,TRUE
K,19,matcher,NA,468,I;J;K;H,TRUE
I,18,matcher,NA,469,I;J;K;H,TRUE
H,18,matcher,NA,470,I;J;K;H,TRUE
J,18,matcher,NA,471,I;J;K;H,TRUE
K,18,matcher,NA,472,I;J;K;H,TRUE
NA,19,matcher,NA,473,I;J;K;H,TRUE
H,19,matcher,NA,474,I;J;K;H,TRUE
J,19,matcher,NA,475,I;J;K;H,TRUE
K,19,matcher,NA,476,I;J;K;H,TRUE
I,18,matcher,NA,477,I;J;K;H,TRUE
K,18,matcher,NA,478,I;J;K;H,TRUE
J,18,matcher,NA,479,I;J;K;H,TRUE
H,18,matcher,NA,480,I;J;K;H,TRUE
A,21,matcher,NA,481,A;B;C;D,TRUE
C,21,matcher,NA,482,A;B;C;D,TRUE
D,21,matcher,NA,483,A;B;C;D,TRUE
B,21,matcher,NA,484,A;B;C;D,TRUE
D,22,matcher,NA,485,A;B;C;D,TRUE
A,22,matcher,NA,486,A;B;C;D,TRUE
C,22,matcher,NA,487,A;B;C;D,TRUE
B,22,matcher,NA,488,A;B;C;D,TRUE
D,21,matcher,NA,489,A;B;C;D,TRUE
A,21,matcher,NA,490,A;B;C;D,TRUE
C,21,matcher,NA,491,A;B;C;D,TRUE
B,21,matcher,NA,492,A;B;C;D,TRUE
C,22,matcher,NA,493,A;B;C;D,TRUE
D,22,matcher,NA,494,A;B;C;D,TRUE
A,22,matcher,NA,495,A;B;C;D,TRUE
B,22,matcher,NA,496,A;B;C;D,TRUE
D,24,matcher,NA,497,A;B;C;D,TRUE
A,24,matcher,NA,498,A;B;C;D,TRUE
C,24,matcher,NA,499,A;B;C;D,TRUE
B,24,matcher,NA,500,A;B;C;D,TRUE
NA,23,matcher,NA,501,A;B;C;D,TRUE
B,23,matcher,NA,502,A;B;C;D,TRUE
A,23,matcher,NA,503,A;B;C;D,TRUE
C,23,matcher,NA,504,A;B;C;D,TRUE
D,24,matcher,NA,505,A;B;C;D,TRUE
A,24,matcher,NA,506,A;B;C;D,TRUE
B,24,matcher,NA,507,A;B;C;D,TRUE
C,24,matcher,NA,508,A;B;C;D,TRUE
B,23,matcher,NA,509,A;B;C;D,TRUE
C,23,matcher,NA,510,A;B;C;D,TRUE
A,23,matcher,NA,511,A;B;C;D,TRUE
NA,23,matcher,NA,512,A;B;C;D,TRUE
A,24,matcher,NA,513,A;B;C;D,TRUE
D,24,matcher,NA,514,A;B;C;D,TRUE
C,24,matcher,NA,515,A;B;C;D,TRUE
B,24,matcher,NA,516,A;B;C;D,TRUE
D,21,matcher,NA,517,A;B;C;D,TRUE
B,21,matcher,NA,518,A;B;C;D,TRUE
C,21,matcher,NA,520,A;B;C;D,TRUE
A,21,matcher,NA,519,A;B;C;D,TRUE
B,24,matcher,NA,521,A;B;C;D,TRUE
D,24,matcher,NA,524,A;B;C;D,TRUE
A,24,matcher,NA,522,A;B;C;D,TRUE
B,21,matcher,NA,525,A;B;C;D,TRUE
C,24,matcher,NA,523,A;B;C;D,TRUE
D,21,matcher,NA,526,A;B;C;D,TRUE
A,21,matcher,NA,527,A;B;C;D,TRUE
C,21,matcher,NA,528,A;B;C;D,TRUE
NA,22,matcher,NA,529,A;B;C;D,TRUE
A,22,matcher,NA,531,A;B;C;D,TRUE
C,22,matcher,NA,530,A;B;C;D,TRUE
D,22,matcher,NA,533,A;B;C;D,TRUE
B,23,matcher,NA,534,A;B;C;D,TRUE
D,23,matcher,NA,532,A;B;C;D,TRUE
C,23,matcher,NA,535,A;B;C;D,TRUE
A,23,matcher,NA,536,A;B;C;D,TRUE
B,22,matcher,NA,537,A;B;C;D,TRUE
D,22,matcher,NA,538,A;B;C;D,TRUE
A,23,matcher,NA,541,A;B;C;D,TRUE
A,22,matcher,NA,539,A;B;C;D,TRUE
C,22,matcher,NA,540,A;B;C;D,TRUE
D,23,matcher,NA,542,A;B;C;D,TRUE
B,23,matcher,NA,543,A;B;C;D,TRUE
C,23,matcher,NA,544,A;B;C;D,TRUE
C,21,matcher,NA,545,A;B;C;D,TRUE
A,21,matcher,NA,547,A;B;C;D,TRUE
D,21,matcher,NA,548,A;B;C;D,TRUE
A,23,matcher,NA,549,A;B;C;D,TRUE
B,21,matcher,NA,546,A;B;C;D,TRUE
D,23,matcher,NA,550,A;B;C;D,TRUE
B,23,matcher,NA,552,A;B;C;D,TRUE
C,23,matcher,NA,551,A;B;C;D,TRUE
D,21,matcher,NA,553,A;B;C;D,TRUE
B,21,matcher,NA,554,A;B;C;D,TRUE
A,21,matcher,NA,555,A;B;C;D,TRUE
C,21,matcher,NA,556,A;B;C;D,TRUE
D,23,matcher,NA,558,A;B;C;D,TRUE
C,23,matcher,NA,557,A;B;C;D,TRUE
B,23,matcher,NA,559,A;B;C;D,TRUE
A,23,matcher,NA,560,A;B;C;D,TRUE
B,24,matcher,NA,562,A;B;C;D,TRUE
A,24,matcher,NA,563,A;B;C;D,TRUE
C,24,matcher,NA,561,A;B;C;D,TRUE
D,24,matcher,NA,564,A;B;C;D,TRUE
B,22,matcher,NA,570,A;B;C;D,TRUE
D,24,matcher,NA,567,A;B;C;D,TRUE
A,24,matcher,NA,571,A;B;C;D,TRUE
A,22,matcher,NA,565,A;B;C;D,TRUE
C,22,matcher,NA,568,A;B;C;D,TRUE
D,22,matcher,NA,569,A;B;C;D,TRUE
C,24,matcher,NA,566,A;B;C;D,TRUE
C,22,matcher,NA,573,A;B;C;D,TRUE
B,22,matcher,NA,575,A;B;C;D,TRUE
B,24,matcher,NA,572,A;B;C;D,TRUE
D,22,matcher,NA,574,A;B;C;D,TRUE
A,22,matcher,NA,576,A;B;C;D,TRUE
C,25,matcher,NA,577,A;B;C;D,TRUE
B,25,matcher,NA,578,A;B;C;D,TRUE
A,25,matcher,NA,579,A;B;C;D,TRUE
NA,25,matcher,NA,580,A;B;C;D,TRUE
A,26,matcher,NA,581,A;B;C;D,TRUE
B,26,matcher,NA,582,A;B;C;D,TRUE
C,26,matcher,NA,583,A;B;C;D,TRUE
D,26,matcher,NA,584,A;B;C;D,TRUE
B,25,matcher,NA,585,A;B;C;D,TRUE
A,25,matcher,NA,586,A;B;C;D,TRUE
D,25,matcher,NA,587,A;B;C;D,TRUE
C,25,matcher,NA,588,A;B;C;D,TRUE
B,26,matcher,NA,589,A;B;C;D,TRUE
A,26,matcher,NA,590,A;B;C;D,TRUE
C,26,matcher,NA,591,A;B;C;D,TRUE
D,26,matcher,NA,592,A;B;C;D,TRUE
D,28,matcher,NA,593,A;B;C;D,TRUE
B,28,matcher,NA,594,A;B;C;D,TRUE
A,28,matcher,NA,595,A;B;C;D,TRUE
C,28,matcher,NA,596,A;B;C;D,TRUE
A,27,matcher,NA,597,A;B;C;D,TRUE
C,27,matcher,NA,598,A;B;C;D,TRUE
D,27,matcher,NA,599,A;B;C;D,TRUE
B,27,matcher,NA,600,A;B;C;D,TRUE
A,28,matcher,NA,601,A;B;C;D,TRUE
B,28,matcher,NA,602,A;B;C;D,TRUE
D,28,matcher,NA,603,A;B;C;D,TRUE
C,28,matcher,NA,604,A;B;C;D,TRUE
B,27,matcher,NA,605,A;B;C;D,TRUE
D,27,matcher,NA,606,A;B;C;D,TRUE
C,27,matcher,NA,607,A;B;C;D,TRUE
A,27,matcher,NA,608,A;B;C;D,TRUE
A,28,matcher,NA,609,A;B;C;D,TRUE
B,28,matcher,NA,611,A;B;C;D,TRUE
D,28,matcher,NA,612,A;B;C;D,TRUE
C,28,matcher,NA,610,A;B;C;D,TRUE
C,25,matcher,NA,613,A;B;C;D,TRUE
B,25,matcher,NA,616,A;B;C;D,TRUE
D,25,matcher,NA,614,A;B;C;D,TRUE
A,25,matcher,NA,615,A;B;C;D,TRUE
C,28,matcher,NA,619,A;B;C;D,TRUE
B,28,matcher,NA,617,A;B;C;D,TRUE
A,28,matcher,NA,618,A;B;C;D,TRUE
B,25,matcher,NA,621,A;B;C;D,TRUE
D,25,matcher,NA,623,A;B;C;D,TRUE
D,28,matcher,NA,620,A;B;C;D,TRUE
A,25,matcher,NA,622,A;B;C;D,TRUE
C,25,matcher,NA,624,A;B;C;D,TRUE
C,27,matcher,NA,625,A;B;C;D,TRUE
B,27,matcher,NA,626,A;B;C;D,TRUE
A,27,matcher,NA,627,A;B;C;D,TRUE
D,27,matcher,NA,628,A;B;C;D,TRUE
B,26,matcher,NA,629,A;B;C;D,TRUE
C,26,matcher,NA,630,A;B;C;D,TRUE
B,27,matcher,NA,633,A;B;C;D,TRUE
D,26,matcher,NA,631,A;B;C;D,TRUE
A,26,matcher,NA,632,A;B;C;D,TRUE
A,27,matcher,NA,638,A;B;C;D,TRUE
D,27,matcher,NA,634,A;B;C;D,TRUE
C,27,matcher,NA,635,A;B;C;D,TRUE
D,26,matcher,NA,636,A;B;C;D,TRUE
C,26,matcher,NA,637,A;B;C;D,TRUE
B,26,matcher,NA,640,A;B;C;D,TRUE
A,26,matcher,NA,639,A;B;C;D,TRUE
A,25,matcher,NA,641,A;B;C;D,TRUE
D,25,matcher,NA,642,A;B;C;D,TRUE
B,25,matcher,NA,644,A;B;C;D,TRUE
D,27,matcher,NA,645,A;B;C;D,TRUE
C,25,matcher,NA,643,A;B;C;D,TRUE
A,27,matcher,NA,646,A;B;C;D,TRUE
C,27,matcher,NA,647,A;B;C;D,TRUE
B,27,matcher,NA,649,A;B;C;D,TRUE
D,25,matcher,NA,650,A;B;C;D,TRUE
A,25,matcher,NA,651,A;B;C;D,TRUE
C,25,matcher,NA,648,A;B;C;D,TRUE
B,25,matcher,NA,652,A;B;C;D,TRUE
C,27,matcher,NA,654,A;B;C;D,TRUE
B,27,matcher,NA,655,A;B;C;D,TRUE
D,27,matcher,NA,653,A;B;C;D,TRUE
A,27,matcher,NA,656,A;B;C;D,TRUE
C,26,matcher,NA,657,A;B;C;D,TRUE
B,26,matcher,NA,658,A;B;C;D,TRUE
A,26,matcher,NA,659,A;B;C;D,TRUE
A,28,matcher,NA,661,A;B;C;D,TRUE
D,26,matcher,NA,660,A;B;C;D,TRUE
B,28,matcher,NA,662,A;B;C;D,TRUE
D,28,matcher,NA,663,A;B;C;D,TRUE
C,28,matcher,NA,666,A;B;C;D,TRUE
D,26,matcher,NA,665,A;B;C;D,TRUE
B,26,matcher,NA,664,A;B;C;D,TRUE
A,26,matcher,NA,667,A;B;C;D,TRUE
C,28,matcher,NA,671,A;B;C;D,TRUE
C,26,matcher,NA,669,A;B;C;D,TRUE
B,28,matcher,NA,668,A;B;C;D,TRUE
D,28,matcher,NA,670,A;B;C;D,TRUE
A,28,matcher,NA,672,A;B;C;D,TRUE
C,29,matcher,NA,673,A;B;C;D,TRUE
D,29,matcher,NA,674,A;B;C;D,TRUE
A,29,matcher,NA,675,A;B;C;D,TRUE
B,29,matcher,NA,676,A;B;C;D,TRUE
D,30,matcher,NA,677,A;B;C;D,TRUE
C,30,matcher,NA,678,A;B;C;D,TRUE
B,30,matcher,NA,679,A;B;C;D,TRUE
C,32,matcher,NA,680,A;B;C;D,TRUE
A,32,matcher,NA,681,A;B;C;D,TRUE
D,32,matcher,NA,682,A;B;C;D,TRUE
NA,32,matcher,NA,683,A;B;C;D,TRUE
A,31,matcher,NA,684,A;B;C;D,TRUE
B,31,matcher,NA,685,A;B;C;D,TRUE
D,31,matcher,NA,686,A;B;C;D,TRUE
C,31,matcher,NA,687,A;B;C;D,TRUE
A,32,matcher,NA,688,A;B;C;D,TRUE
B,32,matcher,NA,689,A;B;C;D,TRUE
C,32,matcher,NA,690,A;B;C;D,TRUE
D,32,matcher,NA,691,A;B;C;D,TRUE
C,31,matcher,NA,692,A;B;C;D,TRUE
D,31,matcher,NA,693,A;B;C;D,TRUE
B,31,matcher,NA,694,A;B;C;D,TRUE
A,31,matcher,NA,695,A;B;C;D,TRUE
NA,34,matcher,NA,696,A;B;C;D,TRUE
D,34,matcher,NA,697,A;B;C;D,TRUE
C,34,matcher,NA,698,A;B;C;D,TRUE
A,34,matcher,NA,699,A;B;C;D,TRUE
B,33,matcher,NA,700,A;B;C;D,TRUE
A,33,matcher,NA,701,A;B;C;D,TRUE
D,33,matcher,NA,702,A;B;C;D,TRUE
C,33,matcher,NA,703,A;B;C;D,TRUE
A,34,matcher,NA,704,A;B;C;D,TRUE
C,34,matcher,NA,705,A;B;C;D,TRUE
D,34,matcher,NA,706,A;B;C;D,TRUE
B,34,matcher,NA,708,A;B;C;D,TRUE
A,33,matcher,NA,707,A;B;C;D,TRUE
B,33,matcher,NA,709,A;B;C;D,TRUE
C,33,matcher,NA,710,A;B;C;D,TRUE
D,33,matcher,NA,711,A;B;C;D,TRUE
B,36,matcher,NA,712,A;B;C;D,TRUE
C,36,matcher,NA,713,A;B;C;D,TRUE
NA,36,matcher,NA,714,A;B;C;D,TRUE
A,36,matcher,NA,716,A;B;C;D,TRUE
D,35,matcher,NA,715,A;B;C;D,TRUE
C,35,matcher,NA,717,A;B;C;D,TRUE
B,35,matcher,NA,719,A;B;C;D,TRUE
A,35,matcher,NA,718,A;B;C;D,TRUE
D,36,matcher,NA,720,A;B;C;D,TRUE
A,36,matcher,NA,721,A;B;C;D,TRUE
B,36,matcher,NA,722,A;B;C;D,TRUE
C,36,matcher,NA,723,A;B;C;D,TRUE
D,35,matcher,NA,724,A;B;C;D,TRUE
A,35,matcher,NA,725,A;B;C;D,TRUE
B,35,matcher,NA,726,A;B;C;D,TRUE
C,35,matcher,NA,727,A;B;C;D,TRUE
NA,35,matcher,NA,729,A;B;C;D,TRUE
B,35,matcher,NA,728,A;B;C;D,TRUE
C,35,matcher,NA,731,A;B;C;D,TRUE
D,35,matcher,NA,730,A;B;C;D,TRUE
A,34,matcher,NA,732,A;B;C;D,TRUE
C,34,matcher,NA,733,A;B;C;D,TRUE
NA,34,matcher,NA,734,A;B;C;D,TRUE
B,34,matcher,NA,735,A;B;C;D,TRUE
C,35,matcher,NA,737,A;B;C;D,TRUE
D,35,matcher,NA,736,A;B;C;D,TRUE
A,35,matcher,NA,738,A;B;C;D,TRUE
NA,35,matcher,NA,739,A;B;C;D,TRUE
C,34,matcher,NA,740,A;B;C;D,TRUE
A,34,matcher,NA,741,A;B;C;D,TRUE
NA,34,matcher,NA,742,A;B;C;D,TRUE
NA,34,matcher,NA,743,A;B;C;D,TRUE
A,36,matcher,NA,744,A;B;C;D,TRUE
C,36,matcher,NA,745,A;B;C;D,TRUE
B,36,matcher,NA,747,A;B;C;D,TRUE
C,33,matcher,NA,749,A;B;C;D,TRUE
D,33,matcher,NA,746,A;B;C;D,TRUE
D,36,matcher,NA,748,A;B;C;D,TRUE
A,33,matcher,NA,750,A;B;C;D,TRUE
A,36,matcher,NA,753,A;B;C;D,TRUE
B,33,matcher,NA,751,A;B;C;D,TRUE
B,36,matcher,NA,754,A;B;C;D,TRUE
C,36,matcher,NA,752,A;B;C;D,TRUE
D,36,matcher,NA,755,A;B;C;D,TRUE
B,33,matcher,NA,758,A;B;C;D,TRUE
D,33,matcher,NA,756,A;B;C;D,TRUE
A,33,matcher,NA,759,A;B;C;D,TRUE
C,33,matcher,NA,757,A;B;C;D,TRUE
D,34,matcher,NA,760,A;B;C;D,TRUE
A,34,matcher,NA,761,A;B;C;D,TRUE
B,34,matcher,NA,763,A;B;C;D,TRUE
C,34,matcher,NA,764,A;B;C;D,TRUE
D,36,matcher,NA,762,A;B;C;D,TRUE
A,36,matcher,NA,766,A;B;C;D,TRUE
B,36,matcher,NA,765,A;B;C;D,TRUE
B,34,matcher,NA,768,A;B;C;D,TRUE
C,36,matcher,NA,767,A;B;C;D,TRUE
D,34,matcher,NA,769,A;B;C;D,TRUE
A,34,matcher,NA,771,A;B;C;D,TRUE
C,34,matcher,NA,770,A;B;C;D,TRUE
B,36,matcher,NA,772,A;B;C;D,TRUE
A,36,matcher,NA,773,A;B;C;D,TRUE
D,36,matcher,NA,774,A;B;C;D,TRUE
C,36,matcher,NA,775,A;B;C;D,TRUE
C,35,matcher,NA,776,A;B;C;D,TRUE
A,35,matcher,NA,778,A;B;C;D,TRUE
B,35,matcher,NA,779,A;B;C;D,TRUE
D,35,matcher,NA,780,A;B;C;D,TRUE
A,33,matcher,NA,781,A;B;C;D,TRUE
C,33,matcher,NA,777,A;B;C;D,TRUE
B,33,matcher,NA,782,A;B;C;D,TRUE
NA,33,matcher,NA,783,A;B;C;D,TRUE
A,35,matcher,NA,784,A;B;C;D,TRUE
C,35,matcher,NA,787,A;B;C;D,TRUE
B,35,matcher,NA,785,A;B;C;D,TRUE
D,35,matcher,NA,786,A;B;C;D,TRUE
C,33,matcher,NA,791,A;B;C;D,TRUE
B,33,matcher,NA,788,A;B;C;D,TRUE
D,33,matcher,NA,789,A;B;C;D,TRUE
A,33,matcher,NA,790,A;B;C;D,TRUE
H,40,matcher,NA,794,I;J;K;H,TRUE
J,40,matcher,NA,795,I;J;K;H,TRUE
I,40,matcher,NA,796,I;J;K;H,TRUE
K,40,matcher,NA,797,I;J;K;H,TRUE
H,39,matcher,NA,798,I;J;K;H,TRUE
I,39,matcher,NA,800,I;J;K;H,TRUE
J,39,matcher,NA,799,I;J;K;H,TRUE
K,39,matcher,NA,802,I;J;K;H,TRUE
I,40,matcher,NA,801,I;J;K;H,TRUE
H,40,matcher,NA,803,I;J;K;H,TRUE
K,40,matcher,NA,804,I;J;K;H,TRUE
J,40,matcher,NA,805,I;J;K;H,TRUE
K,39,matcher,NA,806,I;J;K;H,TRUE
I,39,matcher,NA,808,I;J;K;H,TRUE
H,39,matcher,NA,807,I;J;K;H,TRUE
J,39,matcher,NA,809,I;J;K;H,TRUE
NA,42,matcher,NA,810,I;J;K;H,TRUE
H,42,matcher,NA,811,I;J;K;H,TRUE
J,42,matcher,NA,812,I;J;K;H,TRUE
J,41,matcher,NA,814,I;J;K;H,TRUE
I,42,matcher,NA,813,I;J;K;H,TRUE
K,41,matcher,NA,815,I;J;K;H,TRUE
I,41,matcher,NA,816,I;J;K;H,TRUE
H,41,matcher,NA,817,I;J;K;H,TRUE
J,42,matcher,NA,819,I;J;K;H,TRUE
K,42,matcher,NA,818,I;J;K;H,TRUE
I,42,matcher,NA,820,I;J;K;H,TRUE
H,42,matcher,NA,823,I;J;K;H,TRUE
J,41,matcher,NA,822,I;J;K;H,TRUE
K,41,matcher,NA,821,I;J;K;H,TRUE
I,41,matcher,NA,825,I;J;K;H,TRUE
H,41,matcher,NA,824,I;J;K;H,TRUE
J,42,matcher,NA,826,I;J;K;H,TRUE
K,42,matcher,NA,827,I;J;K;H,TRUE
H,42,matcher,NA,828,I;J;K;H,TRUE
K,39,matcher,NA,831,I;J;K;H,TRUE
I,42,matcher,NA,829,I;J;K;H,TRUE
J,39,matcher,NA,832,I;J;K;H,TRUE
H,39,matcher,NA,830,I;J;K;H,TRUE
I,39,matcher,NA,833,I;J;K;H,TRUE
J,42,matcher,NA,834,I;J;K;H,TRUE
I,42,matcher,NA,835,I;J;K;H,TRUE
K,42,matcher,NA,839,I;J;K;H,TRUE
K,39,matcher,NA,841,I;J;K;H,TRUE
I,39,matcher,NA,836,I;J;K;H,TRUE
H,39,matcher,NA,840,I;J;K;H,TRUE
J,39,matcher,NA,837,I;J;K;H,TRUE
H,42,matcher,NA,838,I;J;K;H,TRUE
I,41,matcher,NA,843,I;J;K;H,TRUE
H,41,matcher,NA,842,I;J;K;H,TRUE
K,41,matcher,NA,844,I;J;K;H,TRUE
J,40,matcher,NA,848,I;J;K;H,TRUE
K,40,matcher,NA,845,I;J;K;H,TRUE
J,41,matcher,NA,847,I;J;K;H,TRUE
H,40,matcher,NA,849,I;J;K;H,TRUE
I,40,matcher,NA,846,I;J;K;H,TRUE
I,41,matcher,NA,855,I;J;K;H,TRUE
I,40,matcher,NA,852,I;J;K;H,TRUE
K,40,matcher,NA,853,I;J;K;H,TRUE
K,41,matcher,NA,854,I;J;K;H,TRUE
H,41,matcher,NA,850,I;J;K;H,TRUE
J,41,matcher,NA,851,I;J;K;H,TRUE
J,40,matcher,NA,856,I;J;K;H,TRUE
H,40,matcher,NA,857,I;J;K;H,TRUE
H,41,matcher,NA,859,I;J;K;H,TRUE
I,41,matcher,NA,861,I;J;K;H,TRUE
K,41,matcher,NA,858,I;J;K;H,TRUE
J,41,matcher,NA,860,I;J;K;H,TRUE
J,39,matcher,NA,862,I;J;K;H,TRUE
I,39,matcher,NA,863,I;J;K;H,TRUE
K,39,matcher,NA,864,I;J;K;H,TRUE
H,39,matcher,NA,865,I;J;K;H,TRUE
J,39,matcher,NA,867,I;J;K;H,TRUE
I,39,matcher,NA,871,I;J;K;H,TRUE
K,41,matcher,NA,869,I;J;K;H,TRUE
H,41,matcher,NA,873,I;J;K;H,TRUE
K,39,matcher,NA,872,I;J;K;H,TRUE
I,41,matcher,NA,866,I;J;K;H,TRUE
J,41,matcher,NA,870,I;J;K;H,TRUE
H,39,matcher,NA,868,I;J;K;H,TRUE
I,40,matcher,NA,877,I;J;K;H,TRUE
K,42,matcher,NA,874,I;J;K;H,TRUE
I,42,matcher,NA,875,I;J;K;H,TRUE
J,42,matcher,NA,876,I;J;K;H,TRUE
H,42,matcher,NA,879,I;J;K;H,TRUE
H,40,matcher,NA,878,I;J;K;H,TRUE
J,40,matcher,NA,880,I;J;K;H,TRUE
NA,40,matcher,NA,881,I;J;K;H,TRUE
I,42,matcher,NA,885,I;J;K;H,TRUE
J,42,matcher,NA,882,I;J;K;H,TRUE
H,42,matcher,NA,884,I;J;K;H,TRUE
K,42,matcher,NA,883,I;J;K;H,TRUE
H,40,matcher,NA,886,I;J;K;H,TRUE
K,40,matcher,NA,887,I;J;K;H,TRUE
I,40,matcher,NA,888,I;J;K;H,TRUE
J,40,matcher,NA,889,I;J;K;H,TRUE
F,44,matcher,NA,890,E;F;G;L,TRUE
L,44,matcher,NA,891,E;F;G;L,TRUE
G,44,matcher,NA,892,E;F;G;L,TRUE
E,44,matcher,NA,893,E;F;G;L,TRUE
F,43,matcher,NA,895,E;F;G;L,TRUE
L,43,matcher,NA,894,E;F;G;L,TRUE
E,43,matcher,NA,896,E;F;G;L,TRUE
F,44,matcher,NA,899,E;F;G;L,TRUE
G,43,matcher,NA,897,E;F;G;L,TRUE
E,44,matcher,NA,898,E;F;G;L,TRUE
L,44,matcher,NA,900,E;F;G;L,TRUE
G,44,matcher,NA,901,E;F;G;L,TRUE
F,43,matcher,NA,902,E;F;G;L,TRUE
L,43,matcher,NA,904,E;F;G;L,TRUE
E,43,matcher,NA,903,E;F;G;L,TRUE
G,43,matcher,NA,905,E;F;G;L,TRUE
NA,46,matcher,NA,906,E;F;G;L,TRUE
G,46,matcher,NA,907,E;F;G;L,TRUE
L,46,matcher,NA,908,E;F;G;L,TRUE
L,45,matcher,NA,910,E;F;G;L,TRUE
G,45,matcher,NA,911,E;F;G;L,TRUE
E,46,matcher,NA,909,E;F;G;L,TRUE
F,45,matcher,NA,912,E;F;G;L,TRUE
E,45,matcher,NA,913,E;F;G;L,TRUE
F,46,matcher,NA,914,E;F;G;L,TRUE
L,46,matcher,NA,920,E;F;G;L,TRUE
G,46,matcher,NA,917,E;F;G;L,TRUE
E,46,matcher,NA,918,E;F;G;L,TRUE
F,45,matcher,NA,919,E;F;G;L,TRUE
L,45,matcher,NA,921,E;F;G;L,TRUE
G,45,matcher,NA,915,E;F;G;L,TRUE
E,45,matcher,NA,916,E;F;G;L,TRUE
L,46,matcher,NA,923,E;F;G;L,TRUE
NA,46,matcher,NA,922,E;F;G;L,TRUE
E,46,matcher,NA,924,E;F;G;L,TRUE
F,46,matcher,NA,925,E;F;G;L,TRUE
L,43,matcher,NA,926,E;F;G;L,TRUE
G,43,matcher,NA,928,E;F;G;L,TRUE
F,43,matcher,NA,929,E;F;G;L,TRUE
E,43,matcher,NA,927,E;F;G;L,TRUE
E,46,matcher,NA,932,E;F;G;L,TRUE
NA,46,matcher,NA,937,E;F;G;L,TRUE
F,46,matcher,NA,930,E;F;G;L,TRUE
G,46,matcher,NA,936,E;F;G;L,TRUE
L,46,matcher,NA,931,E;F;G;L,TRUE
F,46,matcher,NA,933,E;F;G;L,TRUE
L,46,matcher,NA,934,E;F;G;L,TRUE
E,46,matcher,NA,935,E;F;G;L,TRUE
NA,45,matcher,NA,938,E;F;G;L,TRUE
E,45,matcher,NA,939,E;F;G;L,TRUE
L,45,matcher,NA,940,E;F;G;L,TRUE
G,44,matcher,NA,941,E;F;G;L,TRUE
F,45,matcher,NA,945,E;F;G;L,TRUE
F,44,matcher,NA,942,E;F;G;L,TRUE
E,44,matcher,NA,943,E;F;G;L,TRUE
L,44,matcher,NA,946,E;F;G;L,TRUE
F,45,matcher,NA,944,E;F;G;L,TRUE
L,45,matcher,NA,952,E;F;G;L,TRUE
G,44,matcher,NA,949,E;F;G;L,TRUE
F,44,matcher,NA,953,E;F;G;L,TRUE
E,45,matcher,NA,947,E;F;G;L,TRUE
G,45,matcher,NA,950,E;F;G;L,TRUE
E,44,matcher,NA,951,E;F;G;L,TRUE
L,44,matcher,NA,948,E;F;G;L,TRUE
F,43,matcher,NA,954,E;F;G;L,TRUE
L,43,matcher,NA,955,E;F;G;L,TRUE
G,43,matcher,NA,956,E;F;G;L,TRUE
E,43,matcher,NA,957,E;F;G;L,TRUE
F,45,matcher,NA,958,E;F;G;L,TRUE
E,43,matcher,NA,965,E;F;G;L,TRUE
G,43,matcher,NA,966,E;F;G;L,TRUE
L,45,matcher,NA,959,E;F;G;L,TRUE
L,43,matcher,NA,967,E;F;G;L,TRUE
E,43,matcher,NA,960,E;F;G;L,TRUE
E,45,matcher,NA,962,E;F;G;L,TRUE
G,45,matcher,NA,964,E;F;G;L,TRUE
F,43,matcher,NA,963,E;F;G;L,TRUE
G,43,matcher,NA,961,E;F;G;L,TRUE
L,43,matcher,NA,969,E;F;G;L,TRUE
F,43,matcher,NA,968,E;F;G;L,TRUE
G,46,matcher,NA,970,E;F;G;L,TRUE
F,46,matcher,NA,971,E;F;G;L,TRUE
E,44,matcher,NA,974,E;F;G;L,TRUE
L,46,matcher,NA,973,E;F;G;L,TRUE
L,44,matcher,NA,975,E;F;G;L,TRUE
F,44,matcher,NA,976,E;F;G;L,TRUE
E,46,matcher,NA,972,E;F;G;L,TRUE
G,44,matcher,NA,977,E;F;G;L,TRUE
G,46,matcher,NA,980,E;F;G;L,TRUE
E,46,matcher,NA,981,E;F;G;L,TRUE
F,46,matcher,NA,979,E;F;G;L,TRUE
L,46,matcher,NA,978,E;F;G;L,TRUE
F,44,matcher,NA,982,E;F;G;L,TRUE
G,44,matcher,NA,983,E;F;G;L,TRUE
L,44,matcher,NA,984,E;F;G;L,TRUE
E,44,matcher,NA,985,E;F;G;L,TRUE
K,49,matcher,NA,988,I;J;K;H,TRUE
I,49,matcher,NA,989,I;J;K;H,TRUE
H,49,matcher,NA,991,I;J;K;H,TRUE
I,50,matcher,NA,996,I;J;K;H,TRUE
K,50,matcher,NA,992,I;J;K;H,TRUE
J,49,matcher,NA,990,I;J;K;H,TRUE
H,50,matcher,NA,993,I;J;K;H,TRUE
J,50,matcher,NA,994,I;J;K;H,TRUE
K,49,matcher,NA,997,I;J;K;H,TRUE
I,49,matcher,NA,995,I;J;K;H,TRUE
J,49,matcher,NA,998,I;J;K;H,TRUE
H,49,matcher,NA,999,I;J;K;H,TRUE
I,50,matcher,NA,1002,I;J;K;H,TRUE
J,50,matcher,NA,1000,I;J;K;H,TRUE
H,50,matcher,NA,1001,I;J;K;H,TRUE
K,50,matcher,NA,1003,I;J;K;H,TRUE
J,52,matcher,NA,1004,I;J;K;H,TRUE
H,52,matcher,NA,1005,I;J;K;H,TRUE
I,52,matcher,NA,1006,I;J;K;H,TRUE
K,52,matcher,NA,1009,I;J;K;H,TRUE
I,51,matcher,NA,1007,I;J;K;H,TRUE
K,52,matcher,NA,1008,I;J;K;H,TRUE
H,51,matcher,NA,1011,I;J;K;H,TRUE
J,51,matcher,NA,1012,I;J;K;H,TRUE
K,51,matcher,NA,1013,I;J;K;H,TRUE
I,52,matcher,NA,1014,I;J;K;H,TRUE
J,52,matcher,NA,1010,I;J;K;H,TRUE
H,52,matcher,NA,1015,I;J;K;H,TRUE
K,51,matcher,NA,1018,I;J;K;H,TRUE
J,51,matcher,NA,1019,I;J;K;H,TRUE
H,51,matcher,NA,1016,I;J;K;H,TRUE
I,51,matcher,NA,1017,I;J;K;H,TRUE
K,51,matcher,NA,1021,I;J;K;H,TRUE
H,51,matcher,NA,1020,I;J;K;H,TRUE
J,51,matcher,NA,1022,I;J;K;H,TRUE
I,51,matcher,NA,1023,I;J;K;H,TRUE
J,49,matcher,NA,1027,I;J;K;H,TRUE
I,49,matcher,NA,1024,I;J;K;H,TRUE
H,49,matcher,NA,1028,I;J;K;H,TRUE
K,49,matcher,NA,1026,I;J;K;H,TRUE
J,51,matcher,NA,1025,I;J;K;H,TRUE
K,49,matcher,NA,1033,I;J;K;H,TRUE
K,51,matcher,NA,1030,I;J;K;H,TRUE
H,51,matcher,NA,1031,I;J;K;H,TRUE
I,51,matcher,NA,1032,I;J;K;H,TRUE
J,49,matcher,NA,1029,I;J;K;H,TRUE
I,49,matcher,NA,1034,I;J;K;H,TRUE
H,49,matcher,NA,1035,I;J;K;H,TRUE
I,52,matcher,NA,1037,I;J;K;H,TRUE
K,52,matcher,NA,1036,I;J;K;H,TRUE
H,52,matcher,NA,1038,I;J;K;H,TRUE
J,52,matcher,NA,1039,I;J;K;H,TRUE
K,50,matcher,NA,1040,I;J;K;H,TRUE
NA,50,matcher,NA,1041,I;J;K;H,TRUE
I,50,matcher,NA,1044,I;J;K;H,TRUE
H,50,matcher,NA,1042,I;J;K;H,TRUE
K,52,matcher,NA,1043,I;J;K;H,TRUE
I,52,matcher,NA,1045,I;J;K;H,TRUE
I,50,matcher,NA,1046,I;J;K;H,TRUE
H,50,matcher,NA,1051,I;J;K;H,TRUE
J,50,matcher,NA,1049,I;J;K;H,TRUE
H,52,matcher,NA,1050,I;J;K;H,TRUE
J,52,matcher,NA,1048,I;J;K;H,TRUE
K,50,matcher,NA,1047,I;J;K;H,TRUE
I,49,matcher,NA,1054,I;J;K;H,TRUE
J,49,matcher,NA,1052,I;J;K;H,TRUE
K,49,matcher,NA,1055,I;J;K;H,TRUE
H,49,matcher,NA,1053,I;J;K;H,TRUE
J,52,matcher,NA,1056,I;J;K;H,TRUE
K,52,matcher,NA,1058,I;J;K;H,TRUE
H,52,matcher,NA,1059,I;J;K;H,TRUE
I,52,matcher,NA,1060,I;J;K;H,TRUE
K,49,matcher,NA,1057,I;J;K;H,TRUE
I,49,matcher,NA,1061,I;J;K;H,TRUE
H,52,matcher,NA,1065,I;J;K;H,TRUE
H,49,matcher,NA,1062,I;J;K;H,TRUE
J,49,matcher,NA,1063,I;J;K;H,TRUE
I,52,matcher,NA,1064,I;J;K;H,TRUE
K,52,matcher,NA,1067,I;J;K;H,TRUE
J,52,matcher,NA,1066,I;J;K;H,TRUE
I,51,matcher,NA,1069,I;J;K;H,TRUE
K,51,matcher,NA,1068,I;J;K;H,TRUE
J,51,matcher,NA,1070,I;J;K;H,TRUE
H,51,matcher,NA,1071,I;J;K;H,TRUE
I,50,matcher,NA,1072,I;J;K;H,TRUE
K,50,matcher,NA,1073,I;J;K;H,TRUE
H,50,matcher,NA,1075,I;J;K;H,TRUE
J,50,matcher,NA,1076,I;J;K;H,TRUE
I,51,matcher,NA,1077,I;J;K;H,TRUE
K,51,matcher,NA,1074,I;J;K;H,TRUE
H,51,matcher,NA,1079,I;J;K;H,TRUE
H,50,matcher,NA,1081,I;J;K;H,TRUE
I,50,matcher,NA,1082,I;J;K;H,TRUE
J,51,matcher,NA,1080,I;J;K;H,TRUE
K,50,matcher,NA,1078,I;J;K;H,TRUE
J,50,matcher,NA,1083,I;J;K;H,TRUE
K,53,matcher,NA,1084,I;J;K;H,TRUE
H,53,matcher,NA,1085,I;J;K;H,TRUE
I,53,matcher,NA,1086,I;J;K;H,TRUE
J,53,matcher,NA,1087,I;J;K;H,TRUE
NA,54,matcher,NA,1088,I;J;K;H,TRUE
NA,54,matcher,NA,1090,I;J;K;H,TRUE
H,54,matcher,NA,1089,I;J;K;H,TRUE
I,54,matcher,NA,1091,I;J;K;H,TRUE
J,53,matcher,NA,1093,I;J;K;H,TRUE
K,53,matcher,NA,1092,I;J;K;H,TRUE
I,53,matcher,NA,1094,I;J;K;H,TRUE
H,53,matcher,NA,1095,I;J;K;H,TRUE
NA,54,matcher,NA,1096,I;J;K;H,TRUE
I,54,matcher,NA,1097,I;J;K;H,TRUE
K,54,matcher,NA,1099,I;J;K;H,TRUE
H,54,matcher,NA,1098,I;J;K;H,TRUE
I,56,matcher,NA,1100,I;J;K;H,TRUE
H,56,matcher,NA,1101,I;J;K;H,TRUE
K,56,matcher,NA,1102,I;J;K;H,TRUE
I,55,matcher,NA,1104,I;J;K;H,TRUE
J,56,matcher,NA,1103,I;J;K;H,TRUE
H,55,matcher,NA,1106,I;J;K;H,TRUE
J,55,matcher,NA,1105,I;J;K;H,TRUE
K,55,matcher,NA,1107,I;J;K;H,TRUE
J,56,matcher,NA,1108,I;J;K;H,TRUE
K,56,matcher,NA,1110,I;J;K;H,TRUE
I,56,matcher,NA,1109,I;J;K;H,TRUE
H,56,matcher,NA,1111,I;J;K;H,TRUE
K,55,matcher,NA,1113,I;J;K;H,TRUE
J,55,matcher,NA,1112,I;J;K;H,TRUE
I,55,matcher,NA,1114,I;J;K;H,TRUE
H,55,matcher,NA,1115,I;J;K;H,TRUE
H,53,matcher,NA,1116,I;J;K;H,TRUE
K,53,matcher,NA,1117,I;J;K;H,TRUE
I,53,matcher,NA,1118,I;J;K;H,TRUE
K,55,matcher,NA,1123,I;J;K;H,TRUE
I,55,matcher,NA,1122,I;J;K;H,TRUE
J,53,matcher,NA,1120,I;J;K;H,TRUE
J,55,matcher,NA,1121,I;J;K;H,TRUE
H,55,matcher,NA,1119,I;J;K;H,TRUE
K,53,matcher,NA,1124,I;J;K;H,TRUE
I,53,matcher,NA,1128,I;J;K;H,TRUE
H,53,matcher,NA,1125,I;J;K;H,TRUE
J,53,matcher,NA,1126,I;J;K;H,TRUE
H,55,matcher,NA,1129,I;J;K;H,TRUE
I,55,matcher,NA,1130,I;J;K;H,TRUE
K,55,matcher,NA,1127,I;J;K;H,TRUE
J,55,matcher,NA,1131,I;J;K;H,TRUE
H,56,matcher,NA,1132,I;J;K;H,TRUE
K,56,matcher,NA,1133,I;J;K;H,TRUE
I,56,matcher,NA,1137,I;J;K;H,TRUE
J,56,matcher,NA,1138,I;J;K;H,TRUE
H,54,matcher,NA,1135,I;J;K;H,TRUE
K,54,matcher,NA,1139,I;J;K;H,TRUE
I,54,matcher,NA,1134,I;J;K;H,TRUE
J,54,matcher,NA,1136,I;J;K;H,TRUE
J,56,matcher,NA,1144,I;J;K;H,TRUE
I,56,matcher,NA,1145,I;J;K;H,TRUE
K,56,matcher,NA,1143,I;J;K;H,TRUE
K,56,matcher,NA,1146,I;J;K;H,TRUE
H,56,matcher,NA,1142,I;J;K;H,TRUE
H,56,matcher,NA,1140,I;J;K;H,TRUE
J,56,matcher,NA,1141,I;J;K;H,TRUE
I,56,matcher,NA,1147,I;J;K;H,TRUE
I,53,matcher,NA,1149,I;J;K;H,TRUE
NA,53,matcher,NA,1148,I;J;K;H,TRUE
H,53,matcher,NA,1150,I;J;K;H,TRUE
J,56,matcher,NA,1154,I;J;K;H,TRUE
H,53,matcher,NA,1156,I;J;K;H,TRUE
NA,56,matcher,NA,1155,I;J;K;H,TRUE
H,56,matcher,NA,1151,I;J;K;H,TRUE
I,56,matcher,NA,1152,I;J;K;H,TRUE
J,53,matcher,NA,1153,I;J;K;H,TRUE
J,53,matcher,NA,1158,I;J;K;H,TRUE
K,53,matcher,NA,1157,I;J;K;H,TRUE
J,56,matcher,NA,1160,I;J;K;H,TRUE
I,56,matcher,NA,1163,I;J;K;H,TRUE
H,56,matcher,NA,1162,I;J;K;H,TRUE
I,53,matcher,NA,1159,I;J;K;H,TRUE
K,56,matcher,NA,1161,I;J;K;H,TRUE
H,54,matcher,NA,1165,I;J;K;H,TRUE
I,54,matcher,NA,1164,I;J;K;H,TRUE
J,54,matcher,NA,1166,I;J;K;H,TRUE
I,55,matcher,NA,1171,I;J;K;H,TRUE
I,54,matcher,NA,1172,I;J;K;H,TRUE
J,55,matcher,NA,1168,I;J;K;H,TRUE
K,54,matcher,NA,1169,I;J;K;H,TRUE
H,55,matcher,NA,1170,I;J;K;H,TRUE
K,55,matcher,NA,1167,I;J;K;H,TRUE
K,54,matcher,NA,1174,I;J;K;H,TRUE
H,54,matcher,NA,1173,I;J;K;H,TRUE
K,55,matcher,NA,1178,I;J;K;H,TRUE
I,55,matcher,NA,1176,I;J;K;H,TRUE
J,55,matcher,NA,1179,I;J;K;H,TRUE
J,54,matcher,NA,1177,I;J;K;H,TRUE
H,55,matcher,NA,1175,I;J;K;H,TRUE
H,58,matcher,NA,1180,I;J;K;H,TRUE
K,58,matcher,NA,1181,I;J;K;H,TRUE
J,58,matcher,NA,1182,I;J;K;H,TRUE
I,58,matcher,NA,1183,I;J;K;H,TRUE
H,57,matcher,NA,1184,I;J;K;H,TRUE
K,57,matcher,NA,1186,I;J;K;H,TRUE
I,57,matcher,NA,1185,I;J;K;H,TRUE
J,57,matcher,NA,1187,I;J;K;H,TRUE
I,58,matcher,NA,1189,I;J;K;H,TRUE
NA,58,matcher,NA,1188,I;J;K;H,TRUE
H,58,matcher,NA,1191,I;J;K;H,TRUE
K,58,matcher,NA,1190,I;J;K;H,TRUE
I,57,matcher,NA,1192,I;J;K;H,TRUE
H,57,matcher,NA,1193,I;J;K;H,TRUE
J,57,matcher,NA,1194,I;J;K;H,TRUE
K,57,matcher,NA,1195,I;J;K;H,TRUE
I,60,matcher,NA,1196,I;J;K;H,TRUE
H,60,matcher,NA,1197,I;J;K;H,TRUE
K,60,matcher,NA,1198,I;J;K;H,TRUE
NA,60,matcher,NA,1199,I;J;K;H,TRUE
NA,59,matcher,NA,1200,I;J;K;H,TRUE
K,59,matcher,NA,1201,I;J;K;H,TRUE
J,59,matcher,NA,1202,I;J;K;H,TRUE
I,59,matcher,NA,1203,I;J;K;H,TRUE
NA,60,matcher,NA,1204,I;J;K;H,TRUE
K,60,matcher,NA,1205,I;J;K;H,TRUE
I,60,matcher,NA,1206,I;J;K;H,TRUE
I,59,matcher,NA,1207,I;J;K;H,TRUE
NA,60,matcher,NA,1208,I;J;K;H,TRUE
J,59,matcher,NA,1209,I;J;K;H,TRUE
K,59,matcher,NA,1210,I;J;K;H,TRUE
H,59,matcher,NA,1211,I;J;K;H,TRUE
NA,57,matcher,NA,1212,I;J;K;H,TRUE
J,57,matcher,NA,1214,I;J;K;H,TRUE
I,57,matcher,NA,1213,I;J;K;H,TRUE
K,57,matcher,NA,1215,I;J;K;H,TRUE
J,59,matcher,NA,1216,I;J;K;H,TRUE
I,59,matcher,NA,1223,I;J;K;H,TRUE
NA,59,matcher,NA,1217,I;J;K;H,TRUE
I,57,matcher,NA,1220,I;J;K;H,TRUE
NA,57,matcher,NA,1221,I;J;K;H,TRUE
K,59,matcher,NA,1218,I;J;K;H,TRUE
J,57,matcher,NA,1219,I;J;K;H,TRUE
K,57,matcher,NA,1225,I;J;K;H,TRUE
I,59,matcher,NA,1222,I;J;K;H,TRUE
J,59,matcher,NA,1226,I;J;K;H,TRUE
K,59,matcher,NA,1224,I;J;K;H,TRUE
H,59,matcher,NA,1227,I;J;K;H,TRUE
J,60,matcher,NA,1228,I;J;K;H,TRUE
H,60,matcher,NA,1231,I;J;K;H,TRUE
I,60,matcher,NA,1229,I;J;K;H,TRUE
NA,60,matcher,NA,1230,I;J;K;H,TRUE
J,58,matcher,NA,1234,I;J;K;H,TRUE
NA,58,matcher,NA,1235,I;J;K;H,TRUE
H,58,matcher,NA,1232,I;J;K;H,TRUE
I,58,matcher,NA,1233,I;J;K;H,TRUE
K,60,matcher,NA,1236,I;J;K;H,TRUE
J,60,matcher,NA,1241,I;J;K;H,TRUE
K,58,matcher,NA,1243,I;J;K;H,TRUE
I,58,matcher,NA,1238,I;J;K;H,TRUE
J,58,matcher,NA,1240,I;J;K;H,TRUE
H,60,matcher,NA,1239,I;J;K;H,TRUE
H,58,matcher,NA,1242,I;J;K;H,TRUE
I,60,matcher,NA,1237,I;J;K;H,TRUE
I,60,matcher,NA,1245,I;J;K;H,TRUE
J,60,matcher,NA,1244,I;J;K;H,TRUE
K,60,matcher,NA,1246,I;J;K;H,TRUE
H,60,matcher,NA,1247,I;J;K;H,TRUE
I,57,matcher,NA,1248,I;J;K;H,TRUE
H,57,matcher,NA,1257,I;J;K;H,TRUE
NA,57,matcher,NA,1258,I;J;K;H,TRUE
J,57,matcher,NA,1259,I;J;K;H,TRUE
NA,57,matcher,NA,1249,I;J;K;H,TRUE
K,60,matcher,NA,1254,I;J;K;H,TRUE
K,57,matcher,NA,1256,I;J;K;H,TRUE
I,60,matcher,NA,1250,I;J;K;H,TRUE
J,57,matcher,NA,1253,I;J;K;H,TRUE
H,60,matcher,NA,1251,I;J;K;H,TRUE
J,60,matcher,NA,1252,I;J;K;H,TRUE
I,57,matcher,NA,1255,I;J;K;H,TRUE
K,59,matcher,NA,1261,I;J;K;H,TRUE
J,59,matcher,NA,1263,I;J;K;H,TRUE
H,59,matcher,NA,1262,I;J;K;H,TRUE
I,59,matcher,NA,1260,I;J;K;H,TRUE
I,58,matcher,NA,1264,I;J;K;H,TRUE
K,58,matcher,NA,1265,I;J;K;H,TRUE
H,58,matcher,NA,1266,I;J;K;H,TRUE
H,58,matcher,NA,1275,I;J;K;H,TRUE
J,59,matcher,NA,1274,I;J;K;H,TRUE
J,58,matcher,NA,1268,I;J;K;H,TRUE
I,59,matcher,NA,1267,I;J;K;H,TRUE
K,58,matcher,NA,1270,I;J;K;H,TRUE
J,58,matcher,NA,1271,I;J;K;H,TRUE
I,58,matcher,NA,1273,I;J;K;H,TRUE
K,59,matcher,NA,1269,I;J;K;H,TRUE
H,59,matcher,NA,1272,I;J;K;H,TRUE
B,62,matcher,NA,1276,A;B;C;D,TRUE
C,62,matcher,NA,1277,A;B;C;D,TRUE
A,62,matcher,NA,1279,A;B;C;D,TRUE
D,62,matcher,NA,1278,A;B;C;D,TRUE
B,61,matcher,NA,1280,A;B;C;D,TRUE
D,61,matcher,NA,1281,A;B;C;D,TRUE
C,61,matcher,NA,1282,A;B;C;D,TRUE
A,61,matcher,NA,1283,A;B;C;D,TRUE
C,62,matcher,NA,1287,A;B;C;D,TRUE
B,62,matcher,NA,1284,A;B;C;D,TRUE
A,62,matcher,NA,1286,A;B;C;D,TRUE
D,62,matcher,NA,1285,A;B;C;D,TRUE
A,61,matcher,NA,1288,A;B;C;D,TRUE
D,61,matcher,NA,1290,A;B;C;D,TRUE
B,61,matcher,NA,1291,A;B;C;D,TRUE
C,61,matcher,NA,1289,A;B;C;D,TRUE
NA,64,matcher,NA,1292,A;B;C;D,TRUE
D,64,matcher,NA,1294,A;B;C;D,TRUE
C,64,matcher,NA,1295,A;B;C;D,TRUE
B,64,matcher,NA,1293,A;B;C;D,TRUE
D,63,matcher,NA,1296,A;B;C;D,TRUE
B,63,matcher,NA,1297,A;B;C;D,TRUE
A,63,matcher,NA,1299,A;B;C;D,TRUE
C,63,matcher,NA,1300,A;B;C;D,TRUE
A,64,matcher,NA,1298,A;B;C;D,TRUE
B,64,matcher,NA,1302,A;B;C;D,TRUE
C,64,matcher,NA,1303,A;B;C;D,TRUE
D,64,matcher,NA,1301,A;B;C;D,TRUE
D,63,matcher,NA,1304,A;B;C;D,TRUE
C,63,matcher,NA,1306,A;B;C;D,TRUE
B,63,matcher,NA,1305,A;B;C;D,TRUE
A,63,matcher,NA,1307,A;B;C;D,TRUE
B,62,matcher,NA,1309,A;B;C;D,TRUE
D,62,matcher,NA,1310,A;B;C;D,TRUE
A,62,matcher,NA,1308,A;B;C;D,TRUE
C,62,matcher,NA,1311,A;B;C;D,TRUE
D,63,matcher,NA,1312,A;B;C;D,TRUE
C,63,matcher,NA,1313,A;B;C;D,TRUE
A,63,matcher,NA,1314,A;B;C;D,TRUE
C,62,matcher,NA,1315,A;B;C;D,TRUE
B,63,matcher,NA,1316,A;B;C;D,TRUE
B,62,matcher,NA,1317,A;B;C;D,TRUE
A,62,matcher,NA,1318,A;B;C;D,TRUE
D,62,matcher,NA,1319,A;B;C;D,TRUE
B,63,matcher,NA,1320,A;B;C;D,TRUE
A,63,matcher,NA,1323,A;B;C;D,TRUE
C,63,matcher,NA,1322,A;B;C;D,TRUE
D,63,matcher,NA,1321,A;B;C;D,TRUE
D,64,matcher,NA,1324,A;B;C;D,TRUE
NA,64,matcher,NA,1326,A;B;C;D,TRUE
B,64,matcher,NA,1328,A;B;C;D,TRUE
A,64,matcher,NA,1325,A;B;C;D,TRUE
A,61,matcher,NA,1330,A;B;C;D,TRUE
C,61,matcher,NA,1327,A;B;C;D,TRUE
D,61,matcher,NA,1329,A;B;C;D,TRUE
B,61,matcher,NA,1331,A;B;C;D,TRUE
A,64,matcher,NA,1334,A;B;C;D,TRUE
C,61,matcher,NA,1338,A;B;C;D,TRUE
C,64,matcher,NA,1332,A;B;C;D,TRUE
B,64,matcher,NA,1333,A;B;C;D,TRUE
D,61,matcher,NA,1335,A;B;C;D,TRUE
D,64,matcher,NA,1337,A;B;C;D,TRUE
B,61,matcher,NA,1336,A;B;C;D,TRUE
A,61,matcher,NA,1339,A;B;C;D,TRUE
D,64,matcher,NA,1340,A;B;C;D,TRUE
B,64,matcher,NA,1343,A;B;C;D,TRUE
C,64,matcher,NA,1341,A;B;C;D,TRUE
A,64,matcher,NA,1342,A;B;C;D,TRUE
B,62,matcher,NA,1344,A;B;C;D,TRUE
A,62,matcher,NA,1347,A;B;C;D,TRUE
D,62,matcher,NA,1345,A;B;C;D,TRUE
C,62,matcher,NA,1346,A;B;C;D,TRUE
A,62,matcher,NA,1354,A;B;C;D,TRUE
B,62,matcher,NA,1355,A;B;C;D,TRUE
B,64,matcher,NA,1348,A;B;C;D,TRUE
C,64,matcher,NA,1353,A;B;C;D,TRUE
D,64,matcher,NA,1349,A;B;C;D,TRUE
A,64,matcher,NA,1350,A;B;C;D,TRUE
D,62,matcher,NA,1351,A;B;C;D,TRUE
C,62,matcher,NA,1352,A;B;C;D,TRUE
C,61,matcher,NA,1356,A;B;C;D,TRUE
B,61,matcher,NA,1357,A;B;C;D,TRUE
C,61,matcher,NA,1361,A;B;C;D,TRUE
B,61,matcher,NA,1363,A;B;C;D,TRUE
D,61,matcher,NA,1358,A;B;C;D,TRUE
A,61,matcher,NA,1360,A;B;C;D,TRUE
A,61,matcher,NA,1362,A;B;C;D,TRUE
D,61,matcher,NA,1364,A;B;C;D,TRUE
A,61,matcher,NA,1359,A;B;C;D,TRUE
C,61,matcher,NA,1365,A;B;C;D,TRUE
D,61,matcher,NA,1366,A;B;C;D,TRUE
A,63,matcher,NA,1369,A;B;C;D,TRUE
B,61,matcher,NA,1367,A;B;C;D,TRUE
D,63,matcher,NA,1370,A;B;C;D,TRUE
C,63,matcher,NA,1371,A;B;C;D,TRUE
B,63,matcher,NA,1368,A;B;C;D,TRUE
NA,66,matcher,NA,1372,I;J;K;H,TRUE
NA,66,matcher,NA,1373,I;J;K;H,TRUE
NA,65,matcher,NA,1377,I;J;K;H,TRUE
NA,66,matcher,NA,1374,I;J;K;H,TRUE
NA,65,matcher,NA,1376,I;J;K;H,TRUE
I,66,matcher,NA,1375,I;J;K;H,TRUE
H,65,matcher,NA,1379,I;J;K;H,TRUE
I,65,matcher,NA,1378,I;J;K;H,TRUE
H,66,matcher,NA,1380,I;J;K;H,TRUE
I,68,matcher,NA,1381,I;J;K;H,TRUE
J,68,matcher,NA,1382,I;J;K;H,TRUE
H,68,matcher,NA,1383,I;J;K;H,TRUE
K,68,matcher,NA,1384,I;J;K;H,TRUE
J,67,matcher,NA,1385,I;J;K;H,TRUE
H,67,matcher,NA,1386,I;J;K;H,TRUE
K,67,matcher,NA,1387,I;J;K;H,TRUE
I,67,matcher,NA,1389,I;J;K;H,TRUE
K,68,matcher,NA,1390,I;J;K;H,TRUE
J,68,matcher,NA,1388,I;J;K;H,TRUE
G,69,matcher,NA,1391,E;F;G;L,TRUE
E,69,matcher,NA,1392,E;F;G;L,TRUE
F,69,matcher,NA,1393,E;F;G;L,TRUE
L,69,matcher,NA,1394,E;F;G;L,TRUE
G,70,matcher,NA,1395,E;F;G;L,TRUE
E,70,matcher,NA,1396,E;F;G;L,TRUE
L,70,matcher,NA,1397,E;F;G;L,TRUE
NA,70,matcher,NA,1398,E;F;G;L,TRUE
E,69,matcher,NA,1399,E;F;G;L,TRUE
L,69,matcher,NA,1400,E;F;G;L,TRUE
G,69,matcher,NA,1401,E;F;G;L,TRUE
F,69,matcher,NA,1402,E;F;G;L,TRUE
E,70,matcher,NA,1403,E;F;G;L,TRUE
G,70,matcher,NA,1404,E;F;G;L,TRUE
L,70,matcher,NA,1405,E;F;G;L,TRUE
F,70,matcher,NA,1406,E;F;G;L,TRUE
L,72,matcher,NA,1407,E;F;G;L,TRUE
F,72,matcher,NA,1408,E;F;G;L,TRUE
NA,72,matcher,NA,1409,E;F;G;L,TRUE
E,72,matcher,NA,1410,E;F;G;L,TRUE
G,71,matcher,NA,1411,E;F;G;L,TRUE
L,71,matcher,NA,1412,E;F;G;L,TRUE
E,71,matcher,NA,1413,E;F;G;L,TRUE
F,71,matcher,NA,1414,E;F;G;L,TRUE
L,72,matcher,NA,1415,E;F;G;L,TRUE
E,72,matcher,NA,1416,E;F;G;L,TRUE
F,72,matcher,NA,1417,E;F;G;L,TRUE
G,72,matcher,NA,1418,E;F;G;L,TRUE
E,71,matcher,NA,1419,E;F;G;L,TRUE
G,71,matcher,NA,1420,E;F;G;L,TRUE
F,71,matcher,NA,1421,E;F;G;L,TRUE
L,71,matcher,NA,1422,E;F;G;L,TRUE
NA,72,matcher,NA,1423,E;F;G;L,TRUE
E,72,matcher,NA,1424,E;F;G;L,TRUE
L,72,matcher,NA,1425,E;F;G;L,TRUE
G,72,matcher,NA,1426,E;F;G;L,TRUE
NA,69,matcher,NA,1427,E;F;G;L,TRUE
E,69,matcher,NA,1428,E;F;G;L,TRUE
L,69,matcher,NA,1430,E;F;G;L,TRUE
G,69,matcher,NA,1429,E;F;G;L,TRUE
F,72,matcher,NA,1431,E;F;G;L,TRUE
G,72,matcher,NA,1432,E;F;G;L,TRUE
E,72,matcher,NA,1433,E;F;G;L,TRUE
L,72,matcher,NA,1434,E;F;G;L,TRUE
E,69,matcher,NA,1435,E;F;G;L,TRUE
F,69,matcher,NA,1436,E;F;G;L,TRUE
L,69,matcher,NA,1437,E;F;G;L,TRUE
G,69,matcher,NA,1438,E;F;G;L,TRUE
F,71,matcher,NA,1439,E;F;G;L,TRUE
E,71,matcher,NA,1440,E;F;G;L,TRUE
G,71,matcher,NA,1441,E;F;G;L,TRUE
L,71,matcher,NA,1443,E;F;G;L,TRUE
E,70,matcher,NA,1444,E;F;G;L,TRUE
L,70,matcher,NA,1442,E;F;G;L,TRUE
G,70,matcher,NA,1445,E;F;G;L,TRUE
G,71,matcher,NA,1447,E;F;G;L,TRUE
F,70,matcher,NA,1446,E;F;G;L,TRUE
F,71,matcher,NA,1448,E;F;G;L,TRUE
L,71,matcher,NA,1451,E;F;G;L,TRUE
F,70,matcher,NA,1452,E;F;G;L,TRUE
E,71,matcher,NA,1449,E;F;G;L,TRUE
G,70,matcher,NA,1450,E;F;G;L,TRUE
E,70,matcher,NA,1453,E;F;G;L,TRUE
L,70,matcher,NA,1454,E;F;G;L,TRUE
F,69,matcher,NA,1456,E;F;G;L,TRUE
L,69,matcher,NA,1455,E;F;G;L,TRUE
G,69,matcher,NA,1459,E;F;G;L,TRUE
L,71,matcher,NA,1458,E;F;G;L,TRUE
E,69,matcher,NA,1457,E;F;G;L,TRUE
G,71,matcher,NA,1460,E;F;G;L,TRUE
E,71,matcher,NA,1461,E;F;G;L,TRUE
G,69,matcher,NA,1465,E;F;G;L,TRUE
F,71,matcher,NA,1467,E;F;G;L,TRUE
L,71,matcher,NA,1468,E;F;G;L,TRUE
F,71,matcher,NA,1462,E;F;G;L,TRUE
L,69,matcher,NA,1463,E;F;G;L,TRUE
F,69,matcher,NA,1464,E;F;G;L,TRUE
E,69,matcher,NA,1466,E;F;G;L,TRUE
E,71,matcher,NA,1469,E;F;G;L,TRUE
G,71,matcher,NA,1470,E;F;G;L,TRUE
L,72,matcher,NA,1471,E;F;G;L,TRUE
E,72,matcher,NA,1472,E;F;G;L,TRUE
F,72,matcher,NA,1474,E;F;G;L,TRUE
G,72,matcher,NA,1473,E;F;G;L,TRUE
L,70,matcher,NA,1477,E;F;G;L,TRUE
F,72,matcher,NA,1479,E;F;G;L,TRUE
E,70,matcher,NA,1478,E;F;G;L,TRUE
G,70,matcher,NA,1475,E;F;G;L,TRUE
F,70,matcher,NA,1476,E;F;G;L,TRUE
F,70,matcher,NA,1481,E;F;G;L,TRUE
G,70,matcher,NA,1482,E;F;G;L,TRUE
L,72,matcher,NA,1485,E;F;G;L,TRUE
G,72,matcher,NA,1480,E;F;G;L,TRUE
E,72,matcher,NA,1486,E;F;G;L,TRUE
L,70,matcher,NA,1483,E;F;G;L,TRUE
E,70,matcher,NA,1484,E;F;G;L,TRUE
C,73,matcher,NA,1487,A;B;C;D,TRUE
B,73,matcher,NA,1488,A;B;C;D,TRUE
D,73,matcher,NA,1489,A;B;C;D,TRUE
A,73,matcher,NA,1490,A;B;C;D,TRUE
C,74,matcher,NA,1491,A;B;C;D,TRUE
B,74,matcher,NA,1492,A;B;C;D,TRUE
D,74,matcher,NA,1493,A;B;C;D,TRUE
A,74,matcher,NA,1494,A;B;C;D,TRUE
C,73,matcher,NA,1495,A;B;C;D,TRUE
A,73,matcher,NA,1496,A;B;C;D,TRUE
B,73,matcher,NA,1497,A;B;C;D,TRUE
D,73,matcher,NA,1498,A;B;C;D,TRUE
B,74,matcher,NA,1499,A;B;C;D,TRUE
A,74,matcher,NA,1501,A;B;C;D,TRUE
D,74,matcher,NA,1502,A;B;C;D,TRUE
C,74,matcher,NA,1500,A;B;C;D,TRUE
A,76,matcher,NA,1503,A;B;C;D,TRUE
B,76,matcher,NA,1504,A;B;C;D,TRUE
C,76,matcher,NA,1505,A;B;C;D,TRUE
D,76,matcher,NA,1506,A;B;C;D,TRUE
A,75,matcher,NA,1507,A;B;C;D,TRUE
B,75,matcher,NA,1508,A;B;C;D,TRUE
C,75,matcher,NA,1509,A;B;C;D,TRUE
D,75,matcher,NA,1510,A;B;C;D,TRUE
C,76,matcher,NA,1511,A;B;C;D,TRUE
A,76,matcher,NA,1512,A;B;C;D,TRUE
B,76,matcher,NA,1513,A;B;C;D,TRUE
D,76,matcher,NA,1514,A;B;C;D,TRUE
C,75,matcher,NA,1515,A;B;C;D,TRUE
D,75,matcher,NA,1516,A;B;C;D,TRUE
A,75,matcher,NA,1517,A;B;C;D,TRUE
B,75,matcher,NA,1518,A;B;C;D,TRUE
C,73,matcher,NA,1519,A;B;C;D,TRUE
B,73,matcher,NA,1520,A;B;C;D,TRUE
A,73,matcher,NA,1524,A;B;C;D,TRUE
D,75,matcher,NA,1523,A;B;C;D,TRUE
D,73,matcher,NA,1521,A;B;C;D,TRUE
C,75,matcher,NA,1522,A;B;C;D,TRUE
B,75,matcher,NA,1525,A;B;C;D,TRUE
A,75,matcher,NA,1526,A;B;C;D,TRUE
D,73,matcher,NA,1527,A;B;C;D,TRUE
B,73,matcher,NA,1528,A;B;C;D,TRUE
A,73,matcher,NA,1529,A;B;C;D,TRUE
C,73,matcher,NA,1530,A;B;C;D,TRUE
B,75,matcher,NA,1531,A;B;C;D,TRUE
C,75,matcher,NA,1532,A;B;C;D,TRUE
D,75,matcher,NA,1533,A;B;C;D,TRUE
A,75,matcher,NA,1534,A;B;C;D,TRUE
B,76,matcher,NA,1535,A;B;C;D,TRUE
D,76,matcher,NA,1536,A;B;C;D,TRUE
C,76,matcher,NA,1539,A;B;C;D,TRUE
A,76,matcher,NA,1540,A;B;C;D,TRUE
B,74,matcher,NA,1537,A;B;C;D,TRUE
C,74,matcher,NA,1538,A;B;C;D,TRUE
D,74,matcher,NA,1541,A;B;C;D,TRUE
A,74,matcher,NA,1542,A;B;C;D,TRUE
B,76,matcher,NA,1543,A;B;C;D,TRUE
D,76,matcher,NA,1550,A;B;C;D,TRUE
A,76,matcher,NA,1549,A;B;C;D,TRUE
C,76,matcher,NA,1544,A;B;C;D,TRUE
B,74,matcher,NA,1545,A;B;C;D,TRUE
A,74,matcher,NA,1546,A;B;C;D,TRUE
C,74,matcher,NA,1547,A;B;C;D,TRUE
D,74,matcher,NA,1548,A;B;C;D,TRUE
C,76,matcher,NA,1551,A;B;C;D,TRUE
D,76,matcher,NA,1552,A;B;C;D,TRUE
B,76,matcher,NA,1555,A;B;C;D,TRUE
A,76,matcher,NA,1554,A;B;C;D,TRUE
C,73,matcher,NA,1556,A;B;C;D,TRUE
B,73,matcher,NA,1553,A;B;C;D,TRUE
D,73,matcher,NA,1557,A;B;C;D,TRUE
A,73,matcher,NA,1558,A;B;C;D,TRUE
C,76,matcher,NA,1559,A;B;C;D,TRUE
D,76,matcher,NA,1563,A;B;C;D,TRUE
A,76,matcher,NA,1564,A;B;C;D,TRUE
B,73,matcher,NA,1561,A;B;C;D,TRUE
D,73,matcher,NA,1565,A;B;C;D,TRUE
C,73,matcher,NA,1562,A;B;C;D,TRUE
B,76,matcher,NA,1560,A;B;C;D,TRUE
A,73,matcher,NA,1566,A;B;C;D,TRUE
B,75,matcher,NA,1567,A;B;C;D,TRUE
C,75,matcher,NA,1568,A;B;C;D,TRUE
D,75,matcher,NA,1569,A;B;C;D,TRUE
B,74,matcher,NA,1571,A;B;C;D,TRUE
A,75,matcher,NA,1570,A;B;C;D,TRUE
D,74,matcher,NA,1573,A;B;C;D,TRUE
A,74,matcher,NA,1572,A;B;C;D,TRUE
C,74,matcher,NA,1574,A;B;C;D,TRUE
A,75,matcher,NA,1575,A;B;C;D,TRUE
C,74,matcher,NA,1580,A;B;C;D,TRUE
B,75,matcher,NA,1577,A;B;C;D,TRUE
D,75,matcher,NA,1578,A;B;C;D,TRUE
C,75,matcher,NA,1579,A;B;C;D,TRUE
D,74,matcher,NA,1576,A;B;C;D,TRUE
B,74,matcher,NA,1581,A;B;C;D,TRUE
A,74,matcher,NA,1582,A;B;C;D,TRUE
A,112,matcher,NA,1583,A;B;C;D,TRUE
H,80,matcher,NA,1585,I;J;K;H,TRUE
I,80,matcher,NA,1586,I;J;K;H,TRUE
K,80,matcher,NA,1588,I;J;K;H,TRUE
J,81,matcher,NA,1589,I;J;K;H,TRUE
J,80,matcher,NA,1587,I;J;K;H,TRUE
I,81,matcher,NA,1590,I;J;K;H,TRUE
H,81,matcher,NA,1591,I;J;K;H,TRUE
K,81,matcher,NA,1592,I;J;K;H,TRUE
H,80,matcher,NA,1593,I;J;K;H,TRUE
I,80,matcher,NA,1594,I;J;K;H,TRUE
K,80,matcher,NA,1595,I;J;K;H,TRUE
J,80,matcher,NA,1596,I;J;K;H,TRUE
H,81,matcher,NA,1597,I;J;K;H,TRUE
J,81,matcher,NA,1598,I;J;K;H,TRUE
I,81,matcher,NA,1599,I;J;K;H,TRUE
K,81,matcher,NA,1600,I;J;K;H,TRUE
K,83,matcher,NA,1601,I;J;K;H,TRUE
J,83,matcher,NA,1602,I;J;K;H,TRUE
H,83,matcher,NA,1603,I;J;K;H,TRUE
I,83,matcher,NA,1604,I;J;K;H,TRUE
J,82,matcher,NA,1610,I;J;K;H,TRUE
K,83,matcher,NA,1611,I;J;K;H,TRUE
H,83,matcher,NA,1612,I;J;K;H,TRUE
I,83,matcher,NA,1613,I;J;K;H,TRUE
K,83,matcher,NA,1615,I;J;K;H,TRUE
H,82,matcher,NA,1605,I;J;K;H,TRUE
K,82,matcher,NA,1606,I;J;K;H,TRUE
I,82,matcher,NA,1607,I;J;K;H,TRUE
J,83,matcher,NA,1614,I;J;K;H,TRUE
I,83,matcher,NA,1616,I;J;K;H,TRUE
H,83,matcher,NA,1608,I;J;K;H,TRUE
J,83,matcher,NA,1609,I;J;K;H,TRUE
I,80,matcher,NA,1617,I;J;K;H,TRUE
H,80,matcher,NA,1618,I;J;K;H,TRUE
K,80,matcher,NA,1620,I;J;K;H,TRUE
J,80,matcher,NA,1621,I;J;K;H,TRUE
I,82,matcher,NA,1622,I;J;K;H,TRUE
K,82,matcher,NA,1619,I;J;K;H,TRUE
H,82,matcher,NA,1623,I;J;K;H,TRUE
J,82,matcher,NA,1624,I;J;K;H,TRUE
H,80,matcher,NA,1625,I;J;K;H,TRUE
J,80,matcher,NA,1626,I;J;K;H,TRUE
I,80,matcher,NA,1627,I;J;K;H,TRUE
K,80,matcher,NA,1630,I;J;K;H,TRUE
I,82,matcher,NA,1628,I;J;K;H,TRUE
K,82,matcher,NA,1631,I;J;K;H,TRUE
H,82,matcher,NA,1632,I;J;K;H,TRUE
J,82,matcher,NA,1629,I;J;K;H,TRUE
H,83,matcher,NA,1636,I;J;K;H,TRUE
J,83,matcher,NA,1633,I;J;K;H,TRUE
K,83,matcher,NA,1634,I;J;K;H,TRUE
I,83,matcher,NA,1635,I;J;K;H,TRUE
H,81,matcher,NA,1637,I;J;K;H,TRUE
J,81,matcher,NA,1638,I;J;K;H,TRUE
K,81,matcher,NA,1639,I;J;K;H,TRUE
K,83,matcher,NA,1642,I;J;K;H,TRUE
J,83,matcher,NA,1643,I;J;K;H,TRUE
H,83,matcher,NA,1644,I;J;K;H,TRUE
J,81,matcher,NA,1645,I;J;K;H,TRUE
I,81,matcher,NA,1641,I;J;K;H,TRUE
I,83,matcher,NA,1640,I;J;K;H,TRUE
I,81,matcher,NA,1646,I;J;K;H,TRUE
NA,81,matcher,NA,1647,I;J;K;H,TRUE
NA,81,matcher,NA,1648,I;J;K;H,TRUE
I,83,matcher,NA,1649,I;J;K;H,TRUE
K,83,matcher,NA,1650,I;J;K;H,TRUE
J,83,matcher,NA,1653,I;J;K;H,TRUE
H,83,matcher,NA,1652,I;J;K;H,TRUE
I,80,matcher,NA,1651,I;J;K;H,TRUE
H,80,matcher,NA,1654,I;J;K;H,TRUE
K,80,matcher,NA,1655,I;J;K;H,TRUE
J,80,matcher,NA,1657,I;J;K;H,TRUE
H,83,matcher,NA,1656,I;J;K;H,TRUE
J,83,matcher,NA,1658,I;J;K;H,TRUE
I,83,matcher,NA,1661,I;J;K;H,TRUE
K,80,matcher,NA,1662,I;J;K;H,TRUE
H,80,matcher,NA,1664,I;J;K;H,TRUE
K,83,matcher,NA,1660,I;J;K;H,TRUE
I,80,matcher,NA,1663,I;J;K;H,TRUE
J,80,matcher,NA,1659,I;J;K;H,TRUE
K,81,matcher,NA,1665,I;J;K;H,TRUE
I,81,matcher,NA,1668,I;J;K;H,TRUE
H,81,matcher,NA,1667,I;J;K;H,TRUE
J,81,matcher,NA,1666,I;J;K;H,TRUE
I,82,matcher,NA,1669,I;J;K;H,TRUE
J,82,matcher,NA,1670,I;J;K;H,TRUE
NA,82,matcher,NA,1672,I;J;K;H,TRUE
H,82,matcher,NA,1671,I;J;K;H,TRUE
K,81,matcher,NA,1674,I;J;K;H,TRUE
I,81,matcher,NA,1675,I;J;K;H,TRUE
H,81,matcher,NA,1676,I;J;K;H,TRUE
J,81,matcher,NA,1673,I;J;K;H,TRUE
J,82,matcher,NA,1678,I;J;K;H,TRUE
NA,82,matcher,NA,1679,I;J;K;H,TRUE
I,82,matcher,NA,1677,I;J;K;H,TRUE
K,82,matcher,NA,1680,I;J;K;H,TRUE
D,85,matcher,NA,1681,A;B;C;D,TRUE
C,85,matcher,NA,1682,A;B;C;D,TRUE
A,85,matcher,NA,1683,A;B;C;D,TRUE
NA,85,matcher,NA,1684,A;B;C;D,TRUE
D,84,matcher,NA,1685,A;B;C;D,TRUE
C,84,matcher,NA,1686,A;B;C;D,TRUE
A,84,matcher,NA,1687,A;B;C;D,TRUE
B,84,matcher,NA,1688,A;B;C;D,TRUE
D,85,matcher,NA,1689,A;B;C;D,TRUE
A,85,matcher,NA,1690,A;B;C;D,TRUE
B,84,matcher,NA,1694,A;B;C;D,TRUE
C,85,matcher,NA,1691,A;B;C;D,TRUE
B,85,matcher,NA,1693,A;B;C;D,TRUE
C,84,matcher,NA,1692,A;B;C;D,TRUE
D,84,matcher,NA,1695,A;B;C;D,TRUE
A,84,matcher,NA,1696,A;B;C;D,TRUE
C,86,matcher,NA,1697,A;B;C;D,TRUE
NA,86,matcher,NA,1698,A;B;C;D,TRUE
A,86,matcher,NA,1699,A;B;C;D,TRUE
B,86,matcher,NA,1701,A;B;C;D,TRUE
A,87,matcher,NA,1700,A;B;C;D,TRUE
B,87,matcher,NA,1702,A;B;C;D,TRUE
D,87,matcher,NA,1703,A;B;C;D,TRUE
A,86,matcher,NA,1705,A;B;C;D,TRUE
C,86,matcher,NA,1706,A;B;C;D,TRUE
C,87,matcher,NA,1704,A;B;C;D,TRUE
D,86,matcher,NA,1707,A;B;C;D,TRUE
B,86,matcher,NA,1708,A;B;C;D,TRUE
D,87,matcher,NA,1709,A;B;C;D,TRUE
B,87,matcher,NA,1711,A;B;C;D,TRUE
C,87,matcher,NA,1710,A;B;C;D,TRUE
A,87,matcher,NA,1712,A;B;C;D,TRUE
C,84,matcher,NA,1714,A;B;C;D,TRUE
B,84,matcher,NA,1713,A;B;C;D,TRUE
D,84,matcher,NA,1715,A;B;C;D,TRUE
A,84,matcher,NA,1716,A;B;C;D,TRUE
A,87,matcher,NA,1717,A;B;C;D,TRUE
C,87,matcher,NA,1719,A;B;C;D,TRUE
D,87,matcher,NA,1718,A;B;C;D,TRUE
B,87,matcher,NA,1720,A;B;C;D,TRUE
D,84,matcher,NA,1721,A;B;C;D,TRUE
B,84,matcher,NA,1722,A;B;C;D,TRUE
A,84,matcher,NA,1724,A;B;C;D,TRUE
C,84,matcher,NA,1725,A;B;C;D,TRUE
A,87,matcher,NA,1726,A;B;C;D,TRUE
D,87,matcher,NA,1723,A;B;C;D,TRUE
C,87,matcher,NA,1727,A;B;C;D,TRUE
B,87,matcher,NA,1728,A;B;C;D,TRUE
D,85,matcher,NA,1729,A;B;C;D,TRUE
A,85,matcher,NA,1730,A;B;C;D,TRUE
B,85,matcher,NA,1731,A;B;C;D,TRUE
A,86,matcher,NA,1734,A;B;C;D,TRUE
C,85,matcher,NA,1733,A;B;C;D,TRUE
D,86,matcher,NA,1732,A;B;C;D,TRUE
C,86,matcher,NA,1735,A;B;C;D,TRUE
B,86,matcher,NA,1736,A;B;C;D,TRUE
D,85,matcher,NA,1737,A;B;C;D,TRUE
A,85,matcher,NA,1739,A;B;C;D,TRUE
C,85,matcher,NA,1738,A;B;C;D,TRUE
B,85,matcher,NA,1740,A;B;C;D,TRUE
A,86,matcher,NA,1742,A;B;C;D,TRUE
C,86,matcher,NA,1741,A;B;C;D,TRUE
B,86,matcher,NA,1743,A;B;C;D,TRUE
D,86,matcher,NA,1744,A;B;C;D,TRUE
B,86,matcher,NA,1745,A;B;C;D,TRUE
C,86,matcher,NA,1746,A;B;C;D,TRUE
A,86,matcher,NA,1748,A;B;C;D,TRUE
D,86,matcher,NA,1747,A;B;C;D,TRUE
A,84,matcher,NA,1752,A;B;C;D,TRUE
D,84,matcher,NA,1753,A;B;C;D,TRUE
B,86,matcher,NA,1751,A;B;C;D,TRUE
B,84,matcher,NA,1749,A;B;C;D,TRUE
C,84,matcher,NA,1750,A;B;C;D,TRUE
D,86,matcher,NA,1754,A;B;C;D,TRUE
A,86,matcher,NA,1756,A;B;C;D,TRUE
B,84,matcher,NA,1758,A;B;C;D,TRUE
C,84,matcher,NA,1760,A;B;C;D,TRUE
C,86,matcher,NA,1755,A;B;C;D,TRUE
D,84,matcher,NA,1757,A;B;C;D,TRUE
A,84,matcher,NA,1759,A;B;C;D,TRUE
A,85,matcher,NA,1761,A;B;C;D,TRUE
C,87,matcher,NA,1766,A;B;C;D,TRUE
D,87,matcher,NA,1767,A;B;C;D,TRUE
C,85,matcher,NA,1762,A;B;C;D,TRUE
B,85,matcher,NA,1763,A;B;C;D,TRUE
D,85,matcher,NA,1765,A;B;C;D,TRUE
B,87,matcher,NA,1764,A;B;C;D,TRUE
A,87,matcher,NA,1768,A;B;C;D,TRUE
B,85,matcher,NA,1769,A;B;C;D,TRUE
C,85,matcher,NA,1770,A;B;C;D,TRUE
A,85,matcher,NA,1771,A;B;C;D,TRUE
D,85,matcher,NA,1772,A;B;C;D,TRUE
B,87,matcher,NA,1773,A;B;C;D,TRUE
A,87,matcher,NA,1774,A;B;C;D,TRUE
D,87,matcher,NA,1775,A;B;C;D,TRUE
C,87,matcher,NA,1776,A;B;C;D,TRUE
NA,88,matcher,NA,1777,E;F;G;L,TRUE
NA,88,matcher,NA,1778,E;F;G;L,TRUE
E,88,matcher,NA,1779,E;F;G;L,TRUE
L,88,matcher,NA,1780,E;F;G;L,TRUE
F,89,matcher,NA,1781,E;F;G;L,TRUE
L,89,matcher,NA,1784,E;F;G;L,TRUE
G,89,matcher,NA,1785,E;F;G;L,TRUE
E,89,matcher,NA,1782,E;F;G;L,TRUE
F,88,matcher,NA,1783,E;F;G;L,TRUE
NA,88,matcher,NA,1786,E;F;G;L,TRUE
E,88,matcher,NA,1788,E;F;G;L,TRUE
F,89,matcher,NA,1790,E;F;G;L,TRUE
L,88,matcher,NA,1787,E;F;G;L,TRUE
G,89,matcher,NA,1789,E;F;G;L,TRUE
E,89,matcher,NA,1791,E;F;G;L,TRUE
L,89,matcher,NA,1792,E;F;G;L,TRUE
L,90,matcher,NA,1793,E;F;G;L,TRUE
G,90,matcher,NA,1794,E;F;G;L,TRUE
NA,90,matcher,NA,1795,E;F;G;L,TRUE
F,90,matcher,NA,1796,E;F;G;L,TRUE
L,91,matcher,NA,1798,E;F;G;L,TRUE
NA,91,matcher,NA,1797,E;F;G;L,TRUE
NA,90,matcher,NA,1801,E;F;G;L,TRUE
NA,91,matcher,NA,1799,E;F;G;L,TRUE
F,91,matcher,NA,1800,E;F;G;L,TRUE
G,90,matcher,NA,1802,E;F;G;L,TRUE
NA,90,matcher,NA,1803,E;F;G;L,TRUE
L,90,matcher,NA,1804,E;F;G;L,TRUE
G,91,matcher,NA,1805,E;F;G;L,TRUE
NA,91,matcher,NA,1806,E;F;G;L,TRUE
L,91,matcher,NA,1807,E;F;G;L,TRUE
NA,91,matcher,NA,1808,E;F;G;L,TRUE
F,90,matcher,NA,1809,E;F;G;L,TRUE
E,90,matcher,NA,1810,E;F;G;L,TRUE
G,90,matcher,NA,1811,E;F;G;L,TRUE
L,90,matcher,NA,1813,E;F;G;L,TRUE
E,88,matcher,NA,1814,E;F;G;L,TRUE
NA,88,matcher,NA,1815,E;F;G;L,TRUE
NA,88,matcher,NA,1812,E;F;G;L,TRUE
L,88,matcher,NA,1816,E;F;G;L,TRUE
G,90,matcher,NA,1817,E;F;G;L,TRUE
L,90,matcher,NA,1818,E;F;G;L,TRUE
F,90,matcher,NA,1820,E;F;G;L,TRUE
E,90,matcher,NA,1819,E;F;G;L,TRUE
G,88,matcher,NA,1823,E;F;G;L,TRUE
E,88,matcher,NA,1821,E;F;G;L,TRUE
L,88,matcher,NA,1822,E;F;G;L,TRUE
F,88,matcher,NA,1824,E;F;G;L,TRUE
L,89,matcher,NA,1825,E;F;G;L,TRUE
F,89,matcher,NA,1827,E;F;G;L,TRUE
G,89,matcher,NA,1826,E;F;G;L,TRUE
E,89,matcher,NA,1828,E;F;G;L,TRUE
E,91,matcher,NA,1830,E;F;G;L,TRUE
L,91,matcher,NA,1831,E;F;G;L,TRUE
F,91,matcher,NA,1832,E;F;G;L,TRUE
NA,91,matcher,NA,1829,E;F;G;L,TRUE
NA,89,matcher,NA,1835,E;F;G;L,TRUE
F,89,matcher,NA,1833,E;F;G;L,TRUE
E,89,matcher,NA,1834,E;F;G;L,TRUE
G,89,matcher,NA,1836,E;F;G;L,TRUE
NA,91,matcher,NA,1837,E;F;G;L,TRUE
E,91,matcher,NA,1838,E;F;G;L,TRUE
G,91,matcher,NA,1839,E;F;G;L,TRUE
L,91,matcher,NA,1840,E;F;G;L,TRUE
NA,88,matcher,NA,1842,E;F;G;L,TRUE
NA,88,matcher,NA,1841,E;F;G;L,TRUE
NA,88,matcher,NA,1843,E;F;G;L,TRUE
L,88,matcher,NA,1844,E;F;G;L,TRUE
F,91,matcher,NA,1845,E;F;G;L,TRUE
NA,91,matcher,NA,1847,E;F;G;L,TRUE
NA,91,matcher,NA,1846,E;F;G;L,TRUE
NA,91,matcher,NA,1848,E;F;G;L,TRUE
L,88,matcher,NA,1850,E;F;G;L,TRUE
NA,88,matcher,NA,1849,E;F;G;L,TRUE
NA,88,matcher,NA,1852,E;F;G;L,TRUE
NA,88,matcher,NA,1851,E;F;G;L,TRUE
L,91,matcher,NA,1853,E;F;G;L,TRUE
E,91,matcher,NA,1854,E;F;G;L,TRUE
G,91,matcher,NA,1855,E;F;G;L,TRUE
F,91,matcher,NA,1856,E;F;G;L,TRUE
F,89,matcher,NA,1859,E;F;G;L,TRUE
E,89,matcher,NA,1858,E;F;G;L,TRUE
G,89,matcher,NA,1860,E;F;G;L,TRUE
L,89,matcher,NA,1857,E;F;G;L,TRUE
E,90,matcher,NA,1861,E;F;G;L,TRUE
L,90,matcher,NA,1862,E;F;G;L,TRUE
F,90,matcher,NA,1863,E;F;G;L,TRUE
G,90,matcher,NA,1865,E;F;G;L,TRUE
L,89,matcher,NA,1864,E;F;G;L,TRUE
G,89,matcher,NA,1866,E;F;G;L,TRUE
F,89,matcher,NA,1867,E;F;G;L,TRUE
L,90,matcher,NA,1869,E;F;G;L,TRUE
E,90,matcher,NA,1870,E;F;G;L,TRUE
E,89,matcher,NA,1868,E;F;G;L,TRUE
G,90,matcher,NA,1872,E;F;G;L,TRUE
F,90,matcher,NA,1871,E;F;G;L,TRUE
NA,93,matcher,NA,1875,E;F;G;L,TRUE
F,93,matcher,NA,1873,E;F;G;L,TRUE
NA,93,matcher,NA,1874,E;F;G;L,TRUE
L,93,matcher,NA,1876,E;F;G;L,TRUE
E,92,matcher,NA,1877,E;F;G;L,TRUE
F,92,matcher,NA,1878,E;F;G;L,TRUE
NA,92,matcher,NA,1879,E;F;G;L,TRUE
L,92,matcher,NA,1880,E;F;G;L,TRUE
E,93,matcher,NA,1882,E;F;G;L,TRUE
F,93,matcher,NA,1881,E;F;G;L,TRUE
L,93,matcher,NA,1883,E;F;G;L,TRUE
NA,93,matcher,NA,1884,E;F;G;L,TRUE
E,92,matcher,NA,1885,E;F;G;L,TRUE
G,92,matcher,NA,1886,E;F;G;L,TRUE
F,92,matcher,NA,1887,E;F;G;L,TRUE
L,92,matcher,NA,1888,E;F;G;L,TRUE
E,95,matcher,NA,1889,E;F;G;L,TRUE
NA,95,matcher,NA,1890,E;F;G;L,TRUE
NA,95,matcher,NA,1891,E;F;G;L,TRUE
F,95,matcher,NA,1892,E;F;G;L,TRUE
E,94,matcher,NA,1893,E;F;G;L,TRUE
NA,94,matcher,NA,1894,E;F;G;L,TRUE
G,94,matcher,NA,1898,E;F;G;L,TRUE
L,94,matcher,NA,1895,E;F;G;L,TRUE
G,95,matcher,NA,1896,E;F;G;L,TRUE
L,95,matcher,NA,1897,E;F;G;L,TRUE
F,95,matcher,NA,1900,E;F;G;L,TRUE
E,95,matcher,NA,1899,E;F;G;L,TRUE
L,94,matcher,NA,1901,E;F;G;L,TRUE
E,94,matcher,NA,1902,E;F;G;L,TRUE
G,94,matcher,NA,1903,E;F;G;L,TRUE
F,94,matcher,NA,1904,E;F;G;L,TRUE
F,95,matcher,NA,1906,E;F;G;L,TRUE
NA,95,matcher,NA,1908,E;F;G;L,TRUE
L,95,matcher,NA,1905,E;F;G;L,TRUE
NA,95,matcher,NA,1907,E;F;G;L,TRUE
L,93,matcher,NA,1909,E;F;G;L,TRUE
F,93,matcher,NA,1910,E;F;G;L,TRUE
E,93,matcher,NA,1911,E;F;G;L,TRUE
G,93,matcher,NA,1912,E;F;G;L,TRUE
L,95,matcher,NA,1914,E;F;G;L,TRUE
F,95,matcher,NA,1913,E;F;G;L,TRUE
E,95,matcher,NA,1916,E;F;G;L,TRUE
G,95,matcher,NA,1915,E;F;G;L,TRUE
E,93,matcher,NA,1918,E;F;G;L,TRUE
F,93,matcher,NA,1919,E;F;G;L,TRUE
G,93,matcher,NA,1920,E;F;G;L,TRUE
L,93,matcher,NA,1917,E;F;G;L,TRUE
G,94,matcher,NA,1921,E;F;G;L,TRUE
L,94,matcher,NA,1922,E;F;G;L,TRUE
F,94,matcher,NA,1923,E;F;G;L,TRUE
E,94,matcher,NA,1925,E;F;G;L,TRUE
G,92,matcher,NA,1924,E;F;G;L,TRUE
L,94,matcher,NA,1930,E;F;G;L,TRUE
F,92,matcher,NA,1926,E;F;G;L,TRUE
L,92,matcher,NA,1929,E;F;G;L,TRUE
E,92,matcher,NA,1927,E;F;G;L,TRUE
G,94,matcher,NA,1928,E;F;G;L,TRUE
E,94,matcher,NA,1931,E;F;G;L,TRUE
F,94,matcher,NA,1932,E;F;G;L,TRUE
E,92,matcher,NA,1933,E;F;G;L,TRUE
F,92,matcher,NA,1934,E;F;G;L,TRUE
L,92,matcher,NA,1935,E;F;G;L,TRUE
G,92,matcher,NA,1936,E;F;G;L,TRUE
F,94,matcher,NA,1937,E;F;G;L,TRUE
E,94,matcher,NA,1938,E;F;G;L,TRUE
L,94,matcher,NA,1942,E;F;G;L,TRUE
G,94,matcher,NA,1939,E;F;G;L,TRUE
F,93,matcher,NA,1940,E;F;G;L,TRUE
E,93,matcher,NA,1943,E;F;G;L,TRUE
L,93,matcher,NA,1944,E;F;G;L,TRUE
G,93,matcher,NA,1941,E;F;G;L,TRUE
NA,94,matcher,NA,1945,E;F;G;L,TRUE
E,94,matcher,NA,1946,E;F;G;L,TRUE
G,94,matcher,NA,1949,E;F;G;L,TRUE
L,94,matcher,NA,1947,E;F;G;L,TRUE
F,93,matcher,NA,1950,E;F;G;L,TRUE
E,93,matcher,NA,1948,E;F;G;L,TRUE
G,93,matcher,NA,1951,E;F;G;L,TRUE
L,93,matcher,NA,1952,E;F;G;L,TRUE
F,92,matcher,NA,1953,E;F;G;L,TRUE
NA,92,matcher,NA,1954,E;F;G;L,TRUE
L,95,matcher,NA,1956,E;F;G;L,TRUE
E,92,matcher,NA,1957,E;F;G;L,TRUE
G,92,matcher,NA,1955,E;F;G;L,TRUE
NA,95,matcher,NA,1958,E;F;G;L,TRUE
E,95,matcher,NA,1959,E;F;G;L,TRUE
G,95,matcher,NA,1960,E;F;G;L,TRUE
L,92,matcher,NA,1961,E;F;G;L,TRUE
G,92,matcher,NA,1962,E;F;G;L,TRUE
E,92,matcher,NA,1963,E;F;G;L,TRUE
F,92,matcher,NA,1964,E;F;G;L,TRUE
E,95,matcher,NA,1967,E;F;G;L,TRUE
L,95,matcher,NA,1968,E;F;G;L,TRUE
G,95,matcher,NA,1966,E;F;G;L,TRUE
F,95,matcher,NA,1965,E;F;G;L,TRUE
D,97,matcher,NA,1971,A;B;C;D,TRUE
C,97,matcher,NA,1969,A;B;C;D,TRUE
A,97,matcher,NA,1970,A;B;C;D,TRUE
B,97,matcher,NA,1972,A;B;C;D,TRUE
A,96,matcher,NA,1973,A;B;C;D,TRUE
C,96,matcher,NA,1974,A;B;C;D,TRUE
D,96,matcher,NA,1977,A;B;C;D,TRUE
B,96,matcher,NA,1975,A;B;C;D,TRUE
A,97,matcher,NA,1976,A;B;C;D,TRUE
B,97,matcher,NA,1979,A;B;C;D,TRUE
A,96,matcher,NA,1980,A;B;C;D,TRUE
C,97,matcher,NA,1982,A;B;C;D,TRUE
D,97,matcher,NA,1978,A;B;C;D,TRUE
B,96,matcher,NA,1981,A;B;C;D,TRUE
D,96,matcher,NA,1983,A;B;C;D,TRUE
C,96,matcher,NA,1984,A;B;C;D,TRUE
C,98,matcher,NA,1985,A;B;C;D,TRUE
B,98,matcher,NA,1986,A;B;C;D,TRUE
A,98,matcher,NA,1987,A;B;C;D,TRUE
C,99,matcher,NA,1989,A;B;C;D,TRUE
B,99,matcher,NA,1991,A;B;C;D,TRUE
D,98,matcher,NA,1988,A;B;C;D,TRUE
A,99,matcher,NA,1990,A;B;C;D,TRUE
D,99,matcher,NA,1993,A;B;C;D,TRUE
C,98,matcher,NA,1994,A;B;C;D,TRUE
D,98,matcher,NA,1995,A;B;C;D,TRUE
B,98,matcher,NA,1992,A;B;C;D,TRUE
A,98,matcher,NA,1996,A;B;C;D,TRUE
C,99,matcher,NA,1999,A;B;C;D,TRUE
D,99,matcher,NA,1997,A;B;C;D,TRUE
A,99,matcher,NA,1998,A;B;C;D,TRUE
B,99,matcher,NA,2000,A;B;C;D,TRUE
A,96,matcher,NA,2001,A;B;C;D,TRUE
NA,96,matcher,NA,2002,A;B;C;D,TRUE
B,96,matcher,NA,2003,A;B;C;D,TRUE
D,96,matcher,NA,2007,A;B;C;D,TRUE
C,99,matcher,NA,2004,A;B;C;D,TRUE
A,99,matcher,NA,2005,A;B;C;D,TRUE
NA,99,matcher,NA,2008,A;B;C;D,TRUE
D,99,matcher,NA,2006,A;B;C;D,TRUE
A,96,matcher,NA,2009,A;B;C;D,TRUE
C,96,matcher,NA,2010,A;B;C;D,TRUE
B,96,matcher,NA,2016,A;B;C;D,TRUE
C,99,matcher,NA,2015,A;B;C;D,TRUE
D,96,matcher,NA,2011,A;B;C;D,TRUE
A,99,matcher,NA,2013,A;B;C;D,TRUE
B,99,matcher,NA,2014,A;B;C;D,TRUE
D,99,matcher,NA,2012,A;B;C;D,TRUE
A,98,matcher,NA,2017,A;B;C;D,TRUE
C,98,matcher,NA,2018,A;B;C;D,TRUE
D,98,matcher,NA,2019,A;B;C;D,TRUE
B,98,matcher,NA,2020,A;B;C;D,TRUE
A,97,matcher,NA,2022,A;B;C;D,TRUE
D,97,matcher,NA,2021,A;B;C;D,TRUE
C,97,matcher,NA,2024,A;B;C;D,TRUE
B,97,matcher,NA,2023,A;B;C;D,TRUE
A,98,matcher,NA,2025,A;B;C;D,TRUE
C,98,matcher,NA,2026,A;B;C;D,TRUE
B,98,matcher,NA,2027,A;B;C;D,TRUE
D,98,matcher,NA,2028,A;B;C;D,TRUE
C,97,matcher,NA,2030,A;B;C;D,TRUE
D,97,matcher,NA,2031,A;B;C;D,TRUE
B,97,matcher,NA,2029,A;B;C;D,TRUE
A,97,matcher,NA,2032,A;B;C;D,TRUE
A,98,matcher,NA,2033,A;B;C;D,TRUE
B,98,matcher,NA,2034,A;B;C;D,TRUE
C,98,matcher,NA,2035,A;B;C;D,TRUE
C,96,matcher,NA,2039,A;B;C;D,TRUE
B,96,matcher,NA,2036,A;B;C;D,TRUE
D,98,matcher,NA,2038,A;B;C;D,TRUE
D,96,matcher,NA,2037,A;B;C;D,TRUE
A,96,matcher,NA,2040,A;B;C;D,TRUE
C,98,matcher,NA,2041,A;B;C;D,TRUE
A,98,matcher,NA,2045,A;B;C;D,TRUE
D,96,matcher,NA,2043,A;B;C;D,TRUE
D,98,matcher,NA,2044,A;B;C;D,TRUE
B,98,matcher,NA,2042,A;B;C;D,TRUE
A,96,matcher,NA,2046,A;B;C;D,TRUE
B,96,matcher,NA,2048,A;B;C;D,TRUE
C,96,matcher,NA,2047,A;B;C;D,TRUE
A,99,matcher,NA,2051,A;B;C;D,TRUE
C,99,matcher,NA,2053,A;B;C;D,TRUE
NA,99,matcher,NA,2049,A;B;C;D,TRUE
D,99,matcher,NA,2050,A;B;C;D,TRUE
NA,97,matcher,NA,2052,A;B;C;D,TRUE
B,99,matcher,NA,2056,A;B;C;D,TRUE
C,97,matcher,NA,2054,A;B;C;D,TRUE
B,97,matcher,NA,2055,A;B;C;D,TRUE
D,97,matcher,NA,2057,A;B;C;D,TRUE
A,99,matcher,NA,2061,A;B;C;D,TRUE
D,99,matcher,NA,2058,A;B;C;D,TRUE
C,99,matcher,NA,2062,A;B;C;D,TRUE
C,97,matcher,NA,2063,A;B;C;D,TRUE
D,97,matcher,NA,2059,A;B;C;D,TRUE
B,97,matcher,NA,2060,A;B;C;D,TRUE
A,97,matcher,NA,2064,A;B;C;D,TRUE
B,100,matcher,NA,2065,A;B;C;D,TRUE
A,100,matcher,NA,2066,A;B;C;D,TRUE
C,100,matcher,NA,2067,A;B;C;D,TRUE
D,100,matcher,NA,2069,A;B;C;D,TRUE
A,101,matcher,NA,2068,A;B;C;D,TRUE
NA,101,matcher,NA,2070,A;B;C;D,TRUE
B,101,matcher,NA,2072,A;B;C;D,TRUE
C,101,matcher,NA,2071,A;B;C;D,TRUE
D,100,matcher,NA,2073,A;B;C;D,TRUE
A,100,matcher,NA,2074,A;B;C;D,TRUE
B,100,matcher,NA,2075,A;B;C;D,TRUE
C,101,matcher,NA,2078,A;B;C;D,TRUE
C,100,matcher,NA,2077,A;B;C;D,TRUE
B,101,matcher,NA,2076,A;B;C;D,TRUE
A,101,matcher,NA,2080,A;B;C;D,TRUE
D,101,matcher,NA,2079,A;B;C;D,TRUE
NA,102,matcher,NA,2081,A;B;C;D,TRUE
NA,102,matcher,NA,2083,A;B;C;D,TRUE
NA,102,matcher,NA,2082,A;B;C;D,TRUE
NA,102,matcher,NA,2084,A;B;C;D,TRUE
D,103,matcher,NA,2086,A;B;C;D,TRUE
C,103,matcher,NA,2085,A;B;C;D,TRUE
A,103,matcher,NA,2087,A;B;C;D,TRUE
B,103,matcher,NA,2090,A;B;C;D,TRUE
B,102,matcher,NA,2088,A;B;C;D,TRUE
NA,102,matcher,NA,2089,A;B;C;D,TRUE
A,102,matcher,NA,2092,A;B;C;D,TRUE
D,102,matcher,NA,2091,A;B;C;D,TRUE
B,103,matcher,NA,2093,A;B;C;D,TRUE
D,103,matcher,NA,2094,A;B;C;D,TRUE
C,103,matcher,NA,2095,A;B;C;D,TRUE
A,103,matcher,NA,2096,A;B;C;D,TRUE
C,100,matcher,NA,2097,A;B;C;D,TRUE
A,100,matcher,NA,2099,A;B;C;D,TRUE
B,100,matcher,NA,2098,A;B;C;D,TRUE
D,100,matcher,NA,2100,A;B;C;D,TRUE
A,102,matcher,NA,2101,A;B;C;D,TRUE
B,102,matcher,NA,2104,A;B;C;D,TRUE
C,102,matcher,NA,2102,A;B;C;D,TRUE
D,102,matcher,NA,2103,A;B;C;D,TRUE
C,100,matcher,NA,2105,A;B;C;D,TRUE
A,100,matcher,NA,2107,A;B;C;D,TRUE
B,100,matcher,NA,2106,A;B;C;D,TRUE
D,100,matcher,NA,2108,A;B;C;D,TRUE
C,102,matcher,NA,2109,A;B;C;D,TRUE
A,102,matcher,NA,2111,A;B;C;D,TRUE
D,102,matcher,NA,2112,A;B;C;D,TRUE
B,102,matcher,NA,2110,A;B;C;D,TRUE
NA,101,matcher,NA,2113,A;B;C;D,TRUE
C,101,matcher,NA,2115,A;B;C;D,TRUE
B,101,matcher,NA,2114,A;B;C;D,TRUE
A,103,matcher,NA,2117,A;B;C;D,TRUE
D,103,matcher,NA,2118,A;B;C;D,TRUE
A,101,matcher,NA,2116,A;B;C;D,TRUE
B,103,matcher,NA,2119,A;B;C;D,TRUE
C,103,matcher,NA,2120,A;B;C;D,TRUE
A,101,matcher,NA,2123,A;B;C;D,TRUE
C,101,matcher,NA,2122,A;B;C;D,TRUE
D,101,matcher,NA,2124,A;B;C;D,TRUE
B,101,matcher,NA,2121,A;B;C;D,TRUE
B,103,matcher,NA,2125,A;B;C;D,TRUE
C,103,matcher,NA,2128,A;B;C;D,TRUE
A,103,matcher,NA,2126,A;B;C;D,TRUE
D,103,matcher,NA,2127,A;B;C;D,TRUE
A,103,matcher,NA,2133,A;B;C;D,TRUE
B,103,matcher,NA,2132,A;B;C;D,TRUE
C,103,matcher,NA,2129,A;B;C;D,TRUE
A,100,matcher,NA,2131,A;B;C;D,TRUE
D,100,matcher,NA,2135,A;B;C;D,TRUE
D,103,matcher,NA,2130,A;B;C;D,TRUE
C,100,matcher,NA,2139,A;B;C;D,TRUE
C,103,matcher,NA,2136,A;B;C;D,TRUE
A,103,matcher,NA,2140,A;B;C;D,TRUE
B,100,matcher,NA,2134,A;B;C;D,TRUE
A,100,matcher,NA,2138,A;B;C;D,TRUE
D,103,matcher,NA,2137,A;B;C;D,TRUE
B,103,matcher,NA,2141,A;B;C;D,TRUE
B,100,matcher,NA,2142,A;B;C;D,TRUE
D,100,matcher,NA,2143,A;B;C;D,TRUE
C,100,matcher,NA,2144,A;B;C;D,TRUE
D,101,matcher,NA,2146,A;B;C;D,TRUE
C,101,matcher,NA,2145,A;B;C;D,TRUE
A,101,matcher,NA,2147,A;B;C;D,TRUE
C,102,matcher,NA,2150,A;B;C;D,TRUE
B,101,matcher,NA,2148,A;B;C;D,TRUE
A,102,matcher,NA,2149,A;B;C;D,TRUE
D,102,matcher,NA,2153,A;B;C;D,TRUE
C,101,matcher,NA,2152,A;B;C;D,TRUE
D,101,matcher,NA,2156,A;B;C;D,TRUE
B,102,matcher,NA,2151,A;B;C;D,TRUE
B,101,matcher,NA,2157,A;B;C;D,TRUE
B,102,matcher,NA,2158,A;B;C;D,TRUE
A,101,matcher,NA,2155,A;B;C;D,TRUE
C,102,matcher,NA,2154,A;B;C;D,TRUE
A,102,matcher,NA,2159,A;B;C;D,TRUE
D,102,matcher,NA,2160,A;B;C;D,TRUE
NA,105,matcher,NA,2161,E;F;G;L,TRUE
NA,105,matcher,NA,2162,E;F;G;L,TRUE
L,105,matcher,NA,2163,E;F;G;L,TRUE
F,105,matcher,NA,2164,E;F;G;L,TRUE
NA,104,matcher,NA,2165,E;F;G;L,TRUE
L,104,matcher,NA,2166,E;F;G;L,TRUE
F,104,matcher,NA,2168,E;F;G;L,TRUE
NA,104,matcher,NA,2169,E;F;G;L,TRUE
L,105,matcher,NA,2170,E;F;G;L,TRUE
E,105,matcher,NA,2167,E;F;G;L,TRUE
F,105,matcher,NA,2171,E;F;G;L,TRUE
NA,105,matcher,NA,2172,E;F;G;L,TRUE
F,104,matcher,NA,2173,E;F;G;L,TRUE
L,104,matcher,NA,2174,E;F;G;L,TRUE
E,104,matcher,NA,2175,E;F;G;L,TRUE
G,104,matcher,NA,2176,E;F;G;L,TRUE
E,107,matcher,NA,2177,E;F;G;L,TRUE
G,107,matcher,NA,2179,E;F;G;L,TRUE
L,107,matcher,NA,2178,E;F;G;L,TRUE
F,107,matcher,NA,2181,E;F;G;L,TRUE
L,106,matcher,NA,2182,E;F;G;L,TRUE
E,106,matcher,NA,2180,E;F;G;L,TRUE
L,107,matcher,NA,2184,E;F;G;L,TRUE
F,106,matcher,NA,2183,E;F;G;L,TRUE
G,106,matcher,NA,2185,E;F;G;L,TRUE
E,106,matcher,NA,2188,E;F;G;L,TRUE
E,107,matcher,NA,2186,E;F;G;L,TRUE
F,107,matcher,NA,2187,E;F;G;L,TRUE
G,107,matcher,NA,2190,E;F;G;L,TRUE
G,106,matcher,NA,2189,E;F;G;L,TRUE
L,106,matcher,NA,2191,E;F;G;L,TRUE
F,106,matcher,NA,2192,E;F;G;L,TRUE
L,107,matcher,NA,2197,E;F;G;L,TRUE
F,107,matcher,NA,2193,E;F;G;L,TRUE
G,107,matcher,NA,2195,E;F;G;L,TRUE
E,107,matcher,NA,2198,E;F;G;L,TRUE
F,105,matcher,NA,2194,E;F;G;L,TRUE
L,105,matcher,NA,2196,E;F;G;L,TRUE
G,105,matcher,NA,2201,E;F;G;L,TRUE
E,105,matcher,NA,2199,E;F;G;L,TRUE
G,107,matcher,NA,2202,E;F;G;L,TRUE
L,107,matcher,NA,2206,E;F;G;L,TRUE
F,107,matcher,NA,2200,E;F;G;L,TRUE
F,107,matcher,NA,2203,E;F;G;L,TRUE
E,107,matcher,NA,2204,E;F;G;L,TRUE
E,107,matcher,NA,2205,E;F;G;L,TRUE
G,107,matcher,NA,2207,E;F;G;L,TRUE
L,107,matcher,NA,2208,E;F;G;L,TRUE
G,104,matcher,NA,2211,E;F;G;L,TRUE
L,104,matcher,NA,2212,E;F;G;L,TRUE
NA,104,matcher,NA,2210,E;F;G;L,TRUE
NA,104,matcher,NA,2209,E;F;G;L,TRUE
L,106,matcher,NA,2214,E;F;G;L,TRUE
G,104,matcher,NA,2217,E;F;G;L,TRUE
NA,106,matcher,NA,2213,E;F;G;L,TRUE
F,106,matcher,NA,2216,E;F;G;L,TRUE
E,106,matcher,NA,2215,E;F;G;L,TRUE
E,104,matcher,NA,2218,E;F;G;L,TRUE
F,104,matcher,NA,2219,E;F;G;L,TRUE
L,104,matcher,NA,2220,E;F;G;L,TRUE
F,106,matcher,NA,2221,E;F;G;L,TRUE
G,106,matcher,NA,2222,E;F;G;L,TRUE
E,106,matcher,NA,2223,E;F;G;L,TRUE
L,106,matcher,NA,2224,E;F;G;L,TRUE
F,105,matcher,NA,2225,E;F;G;L,TRUE
L,105,matcher,NA,2226,E;F;G;L,TRUE
NA,105,matcher,NA,2227,E;F;G;L,TRUE
E,105,matcher,NA,2228,E;F;G;L,TRUE
G,106,matcher,NA,2231,E;F;G;L,TRUE
L,106,matcher,NA,2230,E;F;G;L,TRUE
F,106,matcher,NA,2232,E;F;G;L,TRUE
E,106,matcher,NA,2229,E;F;G;L,TRUE
L,106,matcher,NA,2240,E;F;G;L,TRUE
E,106,matcher,NA,2237,E;F;G;L,TRUE
E,105,matcher,NA,2239,E;F;G;L,TRUE
G,106,matcher,NA,2235,E;F;G;L,TRUE
G,105,matcher,NA,2233,E;F;G;L,TRUE
L,105,matcher,NA,2236,E;F;G;L,TRUE
F,105,matcher,NA,2234,E;F;G;L,TRUE
F,106,matcher,NA,2238,E;F;G;L,TRUE
L,107,matcher,NA,2245,E;F;G;L,TRUE
E,107,matcher,NA,2246,E;F;G;L,TRUE
L,104,matcher,NA,2250,E;F;G;L,TRUE
G,107,matcher,NA,2248,E;F;G;L,TRUE
G,107,matcher,NA,2249,E;F;G;L,TRUE
F,104,matcher,NA,2251,E;F;G;L,TRUE
L,107,matcher,NA,2243,E;F;G;L,TRUE
E,107,matcher,NA,2244,E;F;G;L,TRUE
F,107,matcher,NA,2252,E;F;G;L,TRUE
F,107,matcher,NA,2241,E;F;G;L,TRUE
G,104,matcher,NA,2247,E;F;G;L,TRUE
E,104,matcher,NA,2242,E;F;G;L,TRUE
G,104,matcher,NA,2256,E;F;G;L,TRUE
L,104,matcher,NA,2253,E;F;G;L,TRUE
E,104,matcher,NA,2254,E;F;G;L,TRUE
F,104,matcher,NA,2255,E;F;G;L,TRUE
J,109,matcher,NA,2257,I;J;K;H,TRUE
K,109,matcher,NA,2258,I;J;K;H,TRUE
I,109,matcher,NA,2260,I;J;K;H,TRUE
H,109,matcher,NA,2259,I;J;K;H,TRUE
J,108,matcher,NA,2261,I;J;K;H,TRUE
NA,108,matcher,NA,2262,I;J;K;H,TRUE
NA,108,matcher,NA,2263,I;J;K;H,TRUE
J,109,matcher,NA,2266,I;J;K;H,TRUE
H,108,matcher,NA,2264,I;J;K;H,TRUE
I,109,matcher,NA,2265,I;J;K;H,TRUE
K,109,matcher,NA,2267,I;J;K;H,TRUE
H,109,matcher,NA,2268,I;J;K;H,TRUE
K,111,matcher,NA,2273,I;J;K;H,TRUE
NA,111,matcher,NA,2270,I;J;K;H,TRUE
K,110,matcher,NA,2274,I;J;K;H,TRUE
I,111,matcher,NA,2271,I;J;K;H,TRUE
J,111,matcher,NA,2269,I;J;K;H,TRUE
I,110,matcher,NA,2272,I;J;K;H,TRUE
NA,110,matcher,NA,2275,I;J;K;H,TRUE
J,110,matcher,NA,2276,I;J;K;H,TRUE
J,111,matcher,NA,2283,I;J;K;H,TRUE
I,111,matcher,NA,2282,I;J;K;H,TRUE
K,111,matcher,NA,2277,I;J;K;H,TRUE
K,111,matcher,NA,2279,I;J;K;H,TRUE
H,111,matcher,NA,2280,I;J;K;H,TRUE
NA,111,matcher,NA,2278,I;J;K;H,TRUE
J,111,matcher,NA,2281,I;J;K;H,TRUE
I,111,matcher,NA,2284,I;J;K;H,TRUE
