room_num,option_set,target,stage_num,trial_num,rep_num,exclude,exclusion_reason,condition_id,describer,matchers,trial_id,game_id
1,I;J;K;H,I,1,1,1,FALSE,NA,1,1,2,1,1
1,I;J;K;H,K,1,2,1,FALSE,NA,1,1,2,2,1
1,I;J;K;H,H,1,3,1,FALSE,NA,1,1,2,3,1
1,I;J;K;H,J,1,4,1,FALSE,NA,1,1,2,4,1
1,I;J;K;H,H,1,5,2,FALSE,NA,1,2,1,5,1
1,I;J;K;H,K,1,6,2,FALSE,NA,1,2,1,6,1
1,I;J;K;H,J,1,7,2,FALSE,NA,1,2,1,7,1
1,I;J;K;H,I,1,8,2,FALSE,NA,1,2,1,8,1
1,I;J;K;H,J,1,9,3,FALSE,NA,1,1,2,9,1
1,I;J;K;H,K,1,10,3,FALSE,NA,1,1,2,10,1
1,I;J;K;H,I,1,11,3,FALSE,NA,1,1,2,11,1
1,I;J;K;H,H,1,12,3,FALSE,NA,1,1,2,12,1
1,I;J;K;H,K,1,13,4,FALSE,NA,1,2,1,13,1
1,I;J;K;H,I,1,14,4,FALSE,NA,1,2,1,14,1
1,I;J;K;H,H,1,15,4,FALSE,NA,1,2,1,15,1
1,I;J;K;H,J,1,16,4,FALSE,NA,1,2,1,16,1
2,I;J;K;H,K,1,1,1,FALSE,NA,1,4,3,17,1
2,I;J;K;H,H,1,2,1,FALSE,NA,1,4,3,18,1
2,I;J;K;H,J,1,3,1,FALSE,NA,1,4,3,19,1
2,I;J;K;H,I,1,4,1,FALSE,NA,1,4,3,20,1
2,I;J;K;H,K,1,5,2,FALSE,NA,1,3,4,21,1
2,I;J;K;H,H,1,6,2,FALSE,NA,1,3,4,22,1
2,I;J;K;H,I,1,7,2,FALSE,NA,1,3,4,23,1
2,I;J;K;H,J,1,8,2,FALSE,NA,1,3,4,24,1
2,I;J;K;H,K,1,9,3,FALSE,NA,1,4,3,25,1
2,I;J;K;H,H,1,10,3,FALSE,NA,1,4,3,26,1
2,I;J;K;H,I,1,11,3,FALSE,NA,1,4,3,27,1
2,I;J;K;H,J,1,12,3,FALSE,NA,1,4,3,28,1
2,I;J;K;H,I,1,13,4,FALSE,NA,1,3,4,29,1
2,I;J;K;H,K,1,14,4,FALSE,NA,1,3,4,30,1
2,I;J;K;H,H,1,15,4,FALSE,NA,1,3,4,31,1
2,I;J;K;H,J,1,16,4,FALSE,NA,1,3,4,32,1
1,I;J;K;H,K,2,17,5,FALSE,NA,1,2,4,33,1
1,I;J;K;H,H,2,18,5,FALSE,NA,1,2,4,34,1
1,I;J;K;H,J,2,19,5,FALSE,NA,1,2,4,35,1
1,I;J;K;H,I,2,20,5,FALSE,NA,1,2,4,36,1
1,I;J;K;H,H,2,21,6,FALSE,NA,1,4,2,37,1
1,I;J;K;H,K,2,22,6,FALSE,NA,1,4,2,38,1
1,I;J;K;H,I,2,23,6,FALSE,NA,1,4,2,39,1
1,I;J;K;H,J,2,24,6,FALSE,NA,1,4,2,40,1
1,I;J;K;H,I,2,25,7,FALSE,NA,1,2,4,41,1
1,I;J;K;H,K,2,26,7,FALSE,NA,1,2,4,42,1
1,I;J;K;H,H,2,27,7,FALSE,NA,1,2,4,43,1
1,I;J;K;H,J,2,28,7,FALSE,NA,1,2,4,44,1
1,I;J;K;H,H,2,29,8,FALSE,NA,1,4,2,45,1
1,I;J;K;H,K,2,30,8,FALSE,NA,1,4,2,46,1
1,I;J;K;H,J,2,31,8,FALSE,NA,1,4,2,47,1
1,I;J;K;H,I,2,32,8,FALSE,NA,1,4,2,48,1
2,I;J;K;H,J,2,17,5,FALSE,NA,1,3,1,49,1
2,I;J;K;H,H,2,18,5,FALSE,NA,1,3,1,50,1
2,I;J;K;H,I,2,19,5,FALSE,NA,1,3,1,51,1
2,I;J;K;H,K,2,20,5,FALSE,NA,1,3,1,52,1
2,I;J;K;H,I,2,21,6,FALSE,NA,1,1,3,53,1
2,I;J;K;H,K,2,22,6,FALSE,NA,1,1,3,54,1
2,I;J;K;H,J,2,23,6,FALSE,NA,1,1,3,55,1
2,I;J;K;H,H,2,24,6,FALSE,NA,1,1,3,56,1
2,I;J;K;H,I,2,25,7,FALSE,NA,1,3,1,57,1
2,I;J;K;H,K,2,26,7,FALSE,NA,1,3,1,58,1
2,I;J;K;H,J,2,27,7,FALSE,NA,1,3,1,59,1
2,I;J;K;H,H,2,28,7,FALSE,NA,1,3,1,60,1
2,I;J;K;H,J,2,29,8,FALSE,NA,1,1,3,61,1
2,I;J;K;H,K,2,30,8,FALSE,NA,1,1,3,62,1
2,I;J;K;H,H,2,31,8,FALSE,NA,1,1,3,63,1
2,I;J;K;H,I,2,32,8,FALSE,NA,1,1,3,64,1
1,I;J;K;H,H,3,33,9,FALSE,NA,1,3,2,65,1
1,I;J;K;H,J,3,34,9,FALSE,NA,1,3,2,66,1
1,I;J;K;H,K,3,35,9,FALSE,NA,1,3,2,67,1
1,I;J;K;H,I,3,36,9,FALSE,NA,1,3,2,68,1
1,I;J;K;H,J,3,37,10,FALSE,NA,1,2,3,69,1
1,I;J;K;H,H,3,38,10,FALSE,NA,1,2,3,70,1
1,I;J;K;H,K,3,39,10,FALSE,NA,1,2,3,71,1
1,I;J;K;H,I,3,40,10,FALSE,NA,1,2,3,72,1
1,I;J;K;H,H,3,41,11,FALSE,NA,1,3,2,73,1
1,I;J;K;H,K,3,42,11,FALSE,NA,1,3,2,74,1
1,I;J;K;H,I,3,43,11,FALSE,NA,1,3,2,75,1
1,I;J;K;H,J,3,44,11,FALSE,NA,1,3,2,76,1
1,I;J;K;H,K,3,45,12,FALSE,NA,1,2,3,77,1
1,I;J;K;H,I,3,46,12,FALSE,NA,1,2,3,78,1
1,I;J;K;H,J,3,47,12,FALSE,NA,1,2,3,79,1
1,I;J;K;H,H,3,48,12,FALSE,NA,1,2,3,80,1
2,I;J;K;H,J,3,33,9,FALSE,NA,1,1,4,81,1
2,I;J;K;H,I,3,34,9,FALSE,NA,1,1,4,82,1
2,I;J;K;H,H,3,35,9,FALSE,NA,1,1,4,83,1
2,I;J;K;H,K,3,36,9,FALSE,NA,1,1,4,84,1
2,I;J;K;H,I,3,37,10,FALSE,NA,1,4,1,85,1
2,I;J;K;H,K,3,38,10,FALSE,NA,1,4,1,86,1
2,I;J;K;H,J,3,39,10,FALSE,NA,1,4,1,87,1
2,I;J;K;H,H,3,40,10,FALSE,NA,1,4,1,88,1
2,I;J;K;H,I,3,41,11,FALSE,NA,1,1,4,89,1
2,I;J;K;H,H,3,42,11,FALSE,NA,1,1,4,90,1
2,I;J;K;H,K,3,43,11,FALSE,NA,1,1,4,91,1
2,I;J;K;H,J,3,44,11,FALSE,NA,1,1,4,92,1
2,I;J;K;H,H,3,45,12,FALSE,NA,1,4,1,93,1
2,I;J;K;H,J,3,46,12,FALSE,NA,1,4,1,94,1
2,I;J;K;H,I,3,47,12,FALSE,NA,1,4,1,95,1
2,I;J;K;H,K,3,48,12,FALSE,NA,1,4,1,96,1
1,E;F;G;L,L,1,1,1,FALSE,NA,1,5,6,97,2
1,E;F;G;L,G,1,2,1,FALSE,NA,1,5,6,98,2
1,E;F;G;L,E,1,3,1,FALSE,NA,1,5,6,99,2
1,E;F;G;L,F,1,4,1,FALSE,NA,1,5,6,100,2
1,E;F;G;L,L,1,5,2,FALSE,NA,1,6,5,101,2
1,E;F;G;L,F,1,6,2,FALSE,NA,1,6,5,102,2
1,E;F;G;L,E,1,7,2,FALSE,NA,1,6,5,103,2
1,E;F;G;L,G,1,8,2,FALSE,NA,1,6,5,104,2
1,E;F;G;L,L,1,9,3,FALSE,NA,1,5,6,105,2
1,E;F;G;L,E,1,10,3,FALSE,NA,1,5,6,106,2
1,E;F;G;L,F,1,11,3,FALSE,NA,1,5,6,107,2
1,E;F;G;L,G,1,12,3,FALSE,NA,1,5,6,108,2
1,E;F;G;L,F,1,13,4,FALSE,NA,1,6,5,109,2
1,E;F;G;L,G,1,14,4,FALSE,NA,1,6,5,110,2
1,E;F;G;L,L,1,15,4,FALSE,NA,1,6,5,111,2
1,E;F;G;L,E,1,16,4,FALSE,NA,1,6,5,112,2
2,E;F;G;L,F,1,1,1,FALSE,NA,1,7,8,113,2
2,E;F;G;L,G,1,2,1,FALSE,NA,1,7,8,114,2
2,E;F;G;L,E,1,3,1,FALSE,NA,1,7,8,115,2
2,E;F;G;L,L,1,4,1,FALSE,NA,1,7,8,116,2
2,E;F;G;L,E,1,5,2,FALSE,NA,1,8,7,117,2
2,E;F;G;L,F,1,6,2,FALSE,NA,1,8,7,118,2
2,E;F;G;L,L,1,7,2,FALSE,NA,1,8,7,119,2
2,E;F;G;L,G,1,8,2,FALSE,NA,1,8,7,120,2
2,E;F;G;L,L,1,9,3,FALSE,NA,1,7,8,121,2
2,E;F;G;L,G,1,10,3,FALSE,NA,1,7,8,122,2
2,E;F;G;L,E,1,11,3,FALSE,NA,1,7,8,123,2
2,E;F;G;L,F,1,12,3,FALSE,NA,1,7,8,124,2
2,E;F;G;L,E,1,13,4,FALSE,NA,1,8,7,125,2
2,E;F;G;L,L,1,14,4,FALSE,NA,1,8,7,126,2
2,E;F;G;L,G,1,15,4,FALSE,NA,1,8,7,127,2
2,E;F;G;L,F,1,16,4,FALSE,NA,1,8,7,128,2
1,E;F;G;L,E,2,17,5,FALSE,NA,1,7,5,129,2
1,E;F;G;L,F,2,18,5,FALSE,NA,1,7,5,130,2
1,E;F;G;L,L,2,19,5,FALSE,NA,1,7,5,131,2
1,E;F;G;L,G,2,20,5,FALSE,NA,1,7,5,132,2
1,E;F;G;L,L,2,21,6,FALSE,NA,1,5,7,133,2
1,E;F;G;L,G,2,22,6,FALSE,NA,1,5,7,134,2
1,E;F;G;L,E,2,23,6,FALSE,NA,1,5,7,135,2
1,E;F;G;L,F,2,24,6,FALSE,NA,1,5,7,136,2
1,E;F;G;L,L,2,25,7,FALSE,NA,1,7,5,137,2
1,E;F;G;L,F,2,26,7,FALSE,NA,1,7,5,138,2
1,E;F;G;L,G,2,27,7,FALSE,NA,1,7,5,139,2
1,E;F;G;L,E,2,28,7,FALSE,NA,1,7,5,140,2
1,E;F;G;L,L,2,29,8,FALSE,NA,1,5,7,141,2
1,E;F;G;L,E,2,30,8,FALSE,NA,1,5,7,142,2
1,E;F;G;L,F,2,31,8,FALSE,NA,1,5,7,143,2
1,E;F;G;L,G,2,32,8,FALSE,NA,1,5,7,144,2
2,E;F;G;L,L,2,17,5,FALSE,NA,1,8,6,145,2
2,E;F;G;L,G,2,18,5,FALSE,NA,1,8,6,146,2
2,E;F;G;L,F,2,19,5,FALSE,NA,1,8,6,147,2
2,E;F;G;L,E,2,20,5,FALSE,NA,1,8,6,148,2
2,E;F;G;L,L,2,21,6,FALSE,NA,1,6,8,149,2
2,E;F;G;L,E,2,22,6,FALSE,NA,1,6,8,150,2
2,E;F;G;L,F,2,23,6,FALSE,NA,1,6,8,151,2
2,E;F;G;L,G,2,24,6,FALSE,NA,1,6,8,152,2
2,E;F;G;L,L,2,25,7,FALSE,NA,1,8,6,153,2
2,E;F;G;L,F,2,26,7,FALSE,NA,1,8,6,154,2
2,E;F;G;L,G,2,27,7,FALSE,NA,1,8,6,155,2
2,E;F;G;L,E,2,28,7,FALSE,NA,1,8,6,156,2
2,E;F;G;L,F,2,29,8,FALSE,NA,1,6,8,157,2
2,E;F;G;L,L,2,30,8,FALSE,NA,1,6,8,158,2
2,E;F;G;L,G,2,31,8,FALSE,NA,1,6,8,159,2
2,E;F;G;L,E,2,32,8,FALSE,NA,1,6,8,160,2
1,E;F;G;L,L,3,33,9,FALSE,NA,1,5,8,161,2
1,E;F;G;L,G,3,34,9,FALSE,NA,1,5,8,162,2
1,E;F;G;L,F,3,35,9,FALSE,NA,1,5,8,163,2
1,E;F;G;L,E,3,36,9,FALSE,NA,1,5,8,164,2
1,E;F;G;L,L,3,37,10,FALSE,NA,1,8,5,165,2
1,E;F;G;L,G,3,38,10,FALSE,NA,1,8,5,166,2
1,E;F;G;L,F,3,39,10,FALSE,NA,1,8,5,167,2
1,E;F;G;L,E,3,40,10,FALSE,NA,1,8,5,168,2
1,E;F;G;L,G,3,41,11,FALSE,NA,1,5,8,169,2
1,E;F;G;L,E,3,42,11,FALSE,NA,1,5,8,170,2
1,E;F;G;L,F,3,43,11,FALSE,NA,1,5,8,171,2
1,E;F;G;L,L,3,44,11,FALSE,NA,1,5,8,172,2
1,E;F;G;L,G,3,45,12,FALSE,NA,1,8,5,173,2
1,E;F;G;L,L,3,46,12,FALSE,NA,1,8,5,174,2
1,E;F;G;L,E,3,47,12,FALSE,NA,1,8,5,175,2
1,E;F;G;L,F,3,48,12,FALSE,NA,1,8,5,176,2
2,E;F;G;L,F,3,33,9,FALSE,NA,1,7,6,177,2
2,E;F;G;L,L,3,34,9,FALSE,NA,1,7,6,178,2
2,E;F;G;L,G,3,35,9,FALSE,NA,1,7,6,179,2
2,E;F;G;L,E,3,36,9,FALSE,NA,1,7,6,180,2
2,E;F;G;L,F,3,37,10,FALSE,NA,1,6,7,181,2
2,E;F;G;L,E,3,38,10,FALSE,NA,1,6,7,182,2
2,E;F;G;L,L,3,39,10,FALSE,NA,1,6,7,183,2
2,E;F;G;L,G,3,40,10,FALSE,NA,1,6,7,184,2
2,E;F;G;L,F,3,41,11,FALSE,NA,1,7,6,185,2
2,E;F;G;L,E,3,42,11,FALSE,NA,1,7,6,186,2
2,E;F;G;L,L,3,43,11,FALSE,NA,1,7,6,187,2
2,E;F;G;L,G,3,44,11,FALSE,NA,1,7,6,188,2
2,E;F;G;L,F,3,45,12,FALSE,NA,1,6,7,189,2
2,E;F;G;L,G,3,46,12,FALSE,NA,1,6,7,190,2
2,E;F;G;L,E,3,47,12,FALSE,NA,1,6,7,191,2
2,E;F;G;L,L,3,48,12,FALSE,NA,1,6,7,192,2
1,A;B;C;D,D,1,1,1,FALSE,NA,1,9,10,193,3
1,A;B;C;D,A,1,2,1,FALSE,NA,1,9,10,194,3
1,A;B;C;D,C,1,3,1,FALSE,NA,1,9,10,195,3
1,A;B;C;D,B,1,4,1,FALSE,NA,1,9,10,196,3
1,A;B;C;D,D,1,5,2,FALSE,NA,1,10,9,197,3
1,A;B;C;D,B,1,6,2,FALSE,NA,1,10,9,198,3
1,A;B;C;D,C,1,7,2,FALSE,NA,1,10,9,199,3
1,A;B;C;D,A,1,8,2,FALSE,NA,1,10,9,200,3
1,A;B;C;D,D,1,9,3,FALSE,NA,1,9,10,201,3
1,A;B;C;D,A,1,10,3,FALSE,NA,1,9,10,202,3
1,A;B;C;D,C,1,11,3,FALSE,NA,1,9,10,203,3
1,A;B;C;D,B,1,12,3,FALSE,NA,1,9,10,204,3
1,A;B;C;D,C,1,13,4,FALSE,NA,1,10,9,205,3
1,A;B;C;D,B,1,14,4,FALSE,NA,1,10,9,206,3
1,A;B;C;D,A,1,15,4,FALSE,NA,1,10,9,207,3
1,A;B;C;D,D,1,16,4,FALSE,NA,1,10,9,208,3
2,A;B;C;D,C,1,1,1,FALSE,NA,1,11,12,209,3
2,A;B;C;D,A,1,2,1,FALSE,NA,1,11,12,210,3
2,A;B;C;D,D,1,3,1,FALSE,NA,1,11,12,211,3
2,A;B;C;D,B,1,4,1,FALSE,NA,1,11,12,212,3
2,A;B;C;D,C,1,5,2,FALSE,NA,1,12,11,213,3
2,A;B;C;D,D,1,6,2,FALSE,NA,1,12,11,214,3
2,A;B;C;D,A,1,7,2,FALSE,NA,1,12,11,215,3
2,A;B;C;D,B,1,8,2,FALSE,NA,1,12,11,216,3
2,A;B;C;D,A,1,9,3,FALSE,NA,1,11,12,217,3
2,A;B;C;D,C,1,10,3,FALSE,NA,1,11,12,218,3
2,A;B;C;D,D,1,11,3,FALSE,NA,1,11,12,219,3
2,A;B;C;D,B,1,12,3,FALSE,NA,1,11,12,220,3
2,A;B;C;D,A,1,13,4,FALSE,NA,1,12,11,221,3
2,A;B;C;D,D,1,14,4,FALSE,NA,1,12,11,222,3
2,A;B;C;D,B,1,15,4,FALSE,NA,1,12,11,223,3
2,A;B;C;D,C,1,16,4,FALSE,NA,1,12,11,224,3
1,A;B;C;D,C,2,17,5,FALSE,NA,1,11,9,225,3
1,A;B;C;D,B,2,18,5,FALSE,NA,1,11,9,226,3
1,A;B;C;D,D,2,19,5,FALSE,NA,1,11,9,227,3
1,A;B;C;D,A,2,20,5,FALSE,NA,1,11,9,228,3
1,A;B;C;D,D,2,21,6,FALSE,NA,1,9,11,229,3
1,A;B;C;D,C,2,22,6,FALSE,NA,1,9,11,230,3
1,A;B;C;D,B,2,23,6,FALSE,NA,1,9,11,231,3
1,A;B;C;D,A,2,24,6,FALSE,NA,1,9,11,232,3
1,A;B;C;D,C,2,25,7,FALSE,NA,1,11,9,233,3
1,A;B;C;D,D,2,26,7,FALSE,NA,1,11,9,234,3
1,A;B;C;D,B,2,27,7,FALSE,NA,1,11,9,235,3
1,A;B;C;D,A,2,28,7,FALSE,NA,1,11,9,236,3
1,A;B;C;D,C,2,29,8,FALSE,NA,1,9,11,237,3
1,A;B;C;D,B,2,30,8,FALSE,NA,1,9,11,238,3
1,A;B;C;D,D,2,31,8,FALSE,NA,1,9,11,239,3
1,A;B;C;D,A,2,32,8,FALSE,NA,1,9,11,240,3
2,A;B;C;D,C,2,17,5,FALSE,NA,1,10,12,241,3
2,A;B;C;D,A,2,18,5,FALSE,NA,1,10,12,242,3
2,A;B;C;D,D,2,19,5,FALSE,NA,1,10,12,243,3
2,A;B;C;D,B,2,20,5,FALSE,NA,1,10,12,244,3
2,A;B;C;D,D,2,21,6,FALSE,NA,1,12,10,245,3
2,A;B;C;D,B,2,22,6,FALSE,NA,1,12,10,246,3
2,A;B;C;D,C,2,23,6,FALSE,NA,1,12,10,247,3
2,A;B;C;D,A,2,24,6,FALSE,NA,1,12,10,248,3
2,A;B;C;D,C,2,25,7,FALSE,NA,1,10,12,249,3
2,A;B;C;D,A,2,26,7,FALSE,NA,1,10,12,250,3
2,A;B;C;D,D,2,27,7,FALSE,NA,1,10,12,251,3
2,A;B;C;D,B,2,28,7,FALSE,NA,1,10,12,252,3
2,A;B;C;D,C,2,29,8,FALSE,NA,1,12,10,253,3
2,A;B;C;D,A,2,30,8,FALSE,NA,1,12,10,254,3
2,A;B;C;D,B,2,31,8,FALSE,NA,1,12,10,255,3
2,A;B;C;D,D,2,32,8,FALSE,NA,1,12,10,256,3
1,A;B;C;D,D,3,33,9,FALSE,NA,1,9,12,257,3
1,A;B;C;D,A,3,34,9,FALSE,NA,1,9,12,258,3
1,A;B;C;D,B,3,35,9,FALSE,NA,1,9,12,259,3
1,A;B;C;D,C,3,36,9,FALSE,NA,1,9,12,260,3
1,A;B;C;D,D,3,37,10,FALSE,NA,1,12,9,261,3
1,A;B;C;D,C,3,38,10,FALSE,NA,1,12,9,262,3
1,A;B;C;D,B,3,39,10,FALSE,NA,1,12,9,263,3
1,A;B;C;D,A,3,40,10,FALSE,NA,1,12,9,264,3
1,A;B;C;D,D,3,41,11,FALSE,NA,1,9,12,265,3
1,A;B;C;D,A,3,42,11,FALSE,NA,1,9,12,266,3
1,A;B;C;D,B,3,43,11,FALSE,NA,1,9,12,267,3
1,A;B;C;D,C,3,44,11,FALSE,NA,1,9,12,268,3
1,A;B;C;D,D,3,45,12,FALSE,NA,1,12,9,269,3
1,A;B;C;D,A,3,46,12,FALSE,NA,1,12,9,270,3
1,A;B;C;D,C,3,47,12,FALSE,NA,1,12,9,271,3
1,A;B;C;D,B,3,48,12,FALSE,NA,1,12,9,272,3
2,A;B;C;D,B,3,33,9,FALSE,NA,1,11,10,273,3
2,A;B;C;D,A,3,34,9,FALSE,NA,1,11,10,274,3
2,A;B;C;D,D,3,35,9,FALSE,NA,1,11,10,275,3
2,A;B;C;D,C,3,36,9,FALSE,NA,1,11,10,276,3
2,A;B;C;D,D,3,37,10,FALSE,NA,1,10,11,277,3
2,A;B;C;D,C,3,38,10,FALSE,NA,1,10,11,278,3
2,A;B;C;D,B,3,39,10,FALSE,NA,1,10,11,279,3
2,A;B;C;D,A,3,40,10,FALSE,NA,1,10,11,280,3
2,A;B;C;D,C,3,41,11,FALSE,NA,1,11,10,281,3
2,A;B;C;D,A,3,42,11,FALSE,NA,1,11,10,282,3
2,A;B;C;D,B,3,43,11,FALSE,NA,1,11,10,283,3
2,A;B;C;D,D,3,44,11,FALSE,NA,1,11,10,284,3
2,A;B;C;D,B,3,45,12,FALSE,NA,1,10,11,285,3
2,A;B;C;D,C,3,46,12,FALSE,NA,1,10,11,286,3
2,A;B;C;D,A,3,47,12,FALSE,NA,1,10,11,287,3
2,A;B;C;D,D,3,48,12,FALSE,NA,1,10,11,288,3
1,I;J;K;H,I,1,1,1,FALSE,NA,1,14,13,289,4
1,I;J;K;H,H,1,2,1,FALSE,NA,1,14,13,290,4
1,I;J;K;H,K,1,3,1,FALSE,NA,1,14,13,291,4
1,I;J;K;H,J,1,4,1,FALSE,NA,1,14,13,292,4
1,I;J;K;H,H,1,5,2,FALSE,NA,1,13,14,293,4
1,I;J;K;H,J,1,6,2,FALSE,NA,1,13,14,294,4
1,I;J;K;H,K,1,7,2,FALSE,NA,1,13,14,295,4
1,I;J;K;H,I,1,8,2,FALSE,NA,1,13,14,296,4
1,I;J;K;H,K,1,9,3,FALSE,NA,1,14,13,297,4
1,I;J;K;H,J,1,10,3,FALSE,NA,1,14,13,298,4
1,I;J;K;H,I,1,11,3,FALSE,NA,1,14,13,299,4
1,I;J;K;H,H,1,12,3,FALSE,NA,1,14,13,300,4
1,I;J;K;H,J,1,13,4,FALSE,NA,1,13,14,301,4
1,I;J;K;H,I,1,14,4,FALSE,NA,1,13,14,302,4
1,I;J;K;H,H,1,15,4,FALSE,NA,1,13,14,303,4
1,I;J;K;H,K,1,16,4,FALSE,NA,1,13,14,304,4
2,I;J;K;H,I,1,1,1,FALSE,NA,1,15,16,305,4
2,I;J;K;H,H,1,2,1,FALSE,NA,1,15,16,306,4
2,I;J;K;H,J,1,3,1,FALSE,NA,1,15,16,307,4
2,I;J;K;H,K,1,4,1,FALSE,NA,1,15,16,308,4
2,I;J;K;H,H,1,5,2,FALSE,NA,1,16,15,309,4
2,I;J;K;H,K,1,6,2,FALSE,NA,1,16,15,310,4
2,I;J;K;H,J,1,7,2,FALSE,NA,1,16,15,311,4
2,I;J;K;H,I,1,8,2,FALSE,NA,1,16,15,312,4
2,I;J;K;H,K,1,9,3,FALSE,NA,1,15,16,313,4
2,I;J;K;H,I,1,10,3,FALSE,NA,1,15,16,314,4
2,I;J;K;H,H,1,11,3,FALSE,NA,1,15,16,315,4
2,I;J;K;H,J,1,12,3,FALSE,NA,1,15,16,316,4
2,I;J;K;H,K,1,13,4,FALSE,NA,1,16,15,317,4
2,I;J;K;H,J,1,14,4,FALSE,NA,1,16,15,318,4
2,I;J;K;H,I,1,15,4,FALSE,NA,1,16,15,319,4
2,I;J;K;H,H,1,16,4,FALSE,NA,1,16,15,320,4
1,I;J;K;H,J,2,17,5,FALSE,NA,1,13,15,321,4
1,I;J;K;H,K,2,18,5,FALSE,NA,1,13,15,322,4
1,I;J;K;H,I,2,19,5,FALSE,NA,1,13,15,323,4
1,I;J;K;H,H,2,20,5,FALSE,NA,1,13,15,324,4
1,I;J;K;H,I,2,21,6,FALSE,NA,1,15,13,325,4
1,I;J;K;H,H,2,22,6,FALSE,NA,1,15,13,326,4
1,I;J;K;H,K,2,23,6,FALSE,NA,1,15,13,327,4
1,I;J;K;H,J,2,24,6,FALSE,NA,1,15,13,328,4
1,I;J;K;H,K,2,25,7,FALSE,NA,1,13,15,329,4
1,I;J;K;H,J,2,26,7,FALSE,NA,1,13,15,330,4
1,I;J;K;H,I,2,27,7,FALSE,NA,1,13,15,331,4
1,I;J;K;H,H,2,28,7,FALSE,NA,1,13,15,332,4
1,I;J;K;H,I,2,29,8,FALSE,NA,1,15,13,333,4
1,I;J;K;H,K,2,30,8,FALSE,NA,1,15,13,334,4
1,I;J;K;H,H,2,31,8,FALSE,NA,1,15,13,335,4
1,I;J;K;H,J,2,32,8,FALSE,NA,1,15,13,336,4
2,I;J;K;H,J,2,17,5,FALSE,NA,1,14,16,337,4
2,I;J;K;H,I,2,18,5,FALSE,NA,1,14,16,338,4
2,I;J;K;H,K,2,19,5,FALSE,NA,1,14,16,339,4
2,I;J;K;H,H,2,20,5,FALSE,NA,1,14,16,340,4
2,I;J;K;H,K,2,21,6,FALSE,NA,1,16,14,341,4
2,I;J;K;H,H,2,22,6,FALSE,NA,1,16,14,342,4
2,I;J;K;H,I,2,23,6,FALSE,NA,1,16,14,343,4
2,I;J;K;H,J,2,24,6,FALSE,NA,1,16,14,344,4
2,I;J;K;H,H,2,25,7,FALSE,NA,1,14,16,345,4
2,I;J;K;H,I,2,26,7,FALSE,NA,1,14,16,346,4
2,I;J;K;H,K,2,27,7,FALSE,NA,1,14,16,347,4
2,I;J;K;H,J,2,28,7,FALSE,NA,1,14,16,348,4
2,I;J;K;H,K,2,29,8,FALSE,NA,1,16,14,349,4
2,I;J;K;H,I,2,30,8,FALSE,NA,1,16,14,350,4
2,I;J;K;H,J,2,31,8,FALSE,NA,1,16,14,351,4
2,I;J;K;H,H,2,32,8,FALSE,NA,1,16,14,352,4
1,I;J;K;H,K,3,33,9,FALSE,NA,1,13,16,353,4
1,I;J;K;H,H,3,34,9,FALSE,NA,1,13,16,354,4
1,I;J;K;H,J,3,35,9,FALSE,NA,1,13,16,355,4
1,I;J;K;H,I,3,36,9,FALSE,NA,1,13,16,356,4
1,I;J;K;H,K,3,37,10,FALSE,NA,1,16,13,357,4
1,I;J;K;H,J,3,38,10,FALSE,NA,1,16,13,358,4
1,I;J;K;H,I,3,39,10,FALSE,NA,1,16,13,359,4
1,I;J;K;H,H,3,40,10,FALSE,NA,1,16,13,360,4
1,I;J;K;H,I,3,41,11,FALSE,NA,1,13,16,361,4
1,I;J;K;H,J,3,42,11,FALSE,NA,1,13,16,362,4
1,I;J;K;H,H,3,43,11,FALSE,NA,1,13,16,363,4
1,I;J;K;H,K,3,44,11,FALSE,NA,1,13,16,364,4
1,I;J;K;H,H,3,45,12,FALSE,NA,1,16,13,365,4
1,I;J;K;H,K,3,46,12,FALSE,NA,1,16,13,366,4
1,I;J;K;H,I,3,47,12,FALSE,NA,1,16,13,367,4
1,I;J;K;H,J,3,48,12,FALSE,NA,1,16,13,368,4
2,I;J;K;H,J,3,33,9,FALSE,NA,1,14,15,369,4
2,I;J;K;H,H,3,34,9,FALSE,NA,1,14,15,370,4
2,I;J;K;H,K,3,35,9,FALSE,NA,1,14,15,371,4
2,I;J;K;H,I,3,36,9,FALSE,NA,1,14,15,372,4
2,I;J;K;H,H,3,37,10,FALSE,NA,1,15,14,373,4
2,I;J;K;H,I,3,38,10,FALSE,NA,1,15,14,374,4
2,I;J;K;H,K,3,39,10,FALSE,NA,1,15,14,375,4
2,I;J;K;H,J,3,40,10,FALSE,NA,1,15,14,376,4
2,I;J;K;H,K,3,41,11,FALSE,NA,1,14,15,377,4
2,I;J;K;H,J,3,42,11,FALSE,NA,1,14,15,378,4
2,I;J;K;H,H,3,43,11,FALSE,NA,1,14,15,379,4
2,I;J;K;H,I,3,44,11,FALSE,NA,1,14,15,380,4
2,I;J;K;H,H,3,45,12,FALSE,NA,1,15,14,381,4
2,I;J;K;H,J,3,46,12,FALSE,NA,1,15,14,382,4
2,I;J;K;H,I,3,47,12,FALSE,NA,1,15,14,383,4
2,I;J;K;H,K,3,48,12,FALSE,NA,1,15,14,384,4
1,I;J;K;H,K,1,1,1,FALSE,NA,1,17,18,385,5
1,I;J;K;H,I,1,2,1,FALSE,NA,1,17,18,386,5
1,I;J;K;H,H,1,3,1,FALSE,NA,1,17,18,387,5
1,I;J;K;H,J,1,4,1,FALSE,NA,1,17,18,388,5
1,I;J;K;H,H,1,5,2,FALSE,NA,1,18,17,389,5
1,I;J;K;H,K,1,6,2,FALSE,NA,1,18,17,390,5
1,I;J;K;H,J,1,7,2,FALSE,NA,1,18,17,391,5
1,I;J;K;H,I,1,8,2,FALSE,NA,1,18,17,392,5
1,I;J;K;H,H,1,9,3,FALSE,NA,1,17,18,393,5
1,I;J;K;H,I,1,10,3,FALSE,NA,1,17,18,394,5
1,I;J;K;H,J,1,11,3,FALSE,NA,1,17,18,395,5
1,I;J;K;H,K,1,12,3,FALSE,NA,1,17,18,396,5
1,I;J;K;H,H,1,13,4,FALSE,NA,1,18,17,397,5
1,I;J;K;H,I,1,14,4,FALSE,NA,1,18,17,398,5
1,I;J;K;H,J,1,15,4,FALSE,NA,1,18,17,399,5
1,I;J;K;H,K,1,16,4,FALSE,NA,1,18,17,400,5
2,I;J;K;H,J,1,1,1,FALSE,NA,1,19,20,401,5
2,I;J;K;H,K,1,2,1,FALSE,NA,1,19,20,402,5
2,I;J;K;H,I,1,3,1,FALSE,NA,1,19,20,403,5
2,I;J;K;H,H,1,4,1,FALSE,NA,1,19,20,404,5
2,I;J;K;H,K,1,5,2,FALSE,NA,1,20,19,405,5
2,I;J;K;H,J,1,6,2,FALSE,NA,1,20,19,406,5
2,I;J;K;H,H,1,7,2,FALSE,NA,1,20,19,407,5
2,I;J;K;H,I,1,8,2,FALSE,NA,1,20,19,408,5
2,I;J;K;H,J,1,9,3,FALSE,NA,1,19,20,409,5
2,I;J;K;H,H,1,10,3,FALSE,NA,1,19,20,410,5
2,I;J;K;H,I,1,11,3,FALSE,NA,1,19,20,411,5
2,I;J;K;H,K,1,12,3,FALSE,NA,1,19,20,412,5
2,I;J;K;H,H,1,13,4,FALSE,NA,1,20,19,413,5
2,I;J;K;H,K,1,14,4,FALSE,NA,1,20,19,414,5
2,I;J;K;H,J,1,15,4,FALSE,NA,1,20,19,415,5
2,I;J;K;H,I,1,16,4,FALSE,NA,1,20,19,416,5
1,I;J;K;H,K,2,17,5,FALSE,NA,1,19,17,417,5
1,I;J;K;H,I,2,18,5,FALSE,NA,1,19,17,418,5
1,I;J;K;H,J,2,19,5,FALSE,NA,1,19,17,419,5
1,I;J;K;H,H,2,20,5,FALSE,NA,1,19,17,420,5
1,I;J;K;H,I,2,21,6,FALSE,NA,1,17,19,421,5
1,I;J;K;H,J,2,22,6,FALSE,NA,1,17,19,422,5
1,I;J;K;H,K,2,23,6,FALSE,NA,1,17,19,423,5
1,I;J;K;H,H,2,24,6,FALSE,NA,1,17,19,424,5
1,I;J;K;H,J,2,25,7,FALSE,NA,1,19,17,425,5
1,I;J;K;H,K,2,26,7,FALSE,NA,1,19,17,426,5
1,I;J;K;H,H,2,27,7,FALSE,NA,1,19,17,427,5
1,I;J;K;H,I,2,28,7,FALSE,NA,1,19,17,428,5
1,I;J;K;H,H,2,29,8,FALSE,NA,1,17,19,429,5
1,I;J;K;H,J,2,30,8,FALSE,NA,1,17,19,430,5
1,I;J;K;H,I,2,31,8,FALSE,NA,1,17,19,431,5
1,I;J;K;H,K,2,32,8,FALSE,NA,1,17,19,432,5
2,I;J;K;H,H,2,17,5,FALSE,NA,1,20,18,433,5
2,I;J;K;H,I,2,18,5,FALSE,NA,1,20,18,434,5
2,I;J;K;H,K,2,19,5,FALSE,NA,1,20,18,435,5
2,I;J;K;H,J,2,20,5,FALSE,NA,1,20,18,436,5
2,I;J;K;H,I,2,21,6,FALSE,NA,1,18,20,437,5
2,I;J;K;H,J,2,22,6,FALSE,NA,1,18,20,438,5
2,I;J;K;H,K,2,23,6,FALSE,NA,1,18,20,439,5
2,I;J;K;H,H,2,24,6,FALSE,NA,1,18,20,440,5
2,I;J;K;H,I,2,25,7,FALSE,NA,1,20,18,441,5
2,I;J;K;H,J,2,26,7,FALSE,NA,1,20,18,442,5
2,I;J;K;H,H,2,27,7,FALSE,NA,1,20,18,443,5
2,I;J;K;H,K,2,28,7,FALSE,NA,1,20,18,444,5
2,I;J;K;H,J,2,29,8,FALSE,NA,1,18,20,445,5
2,I;J;K;H,I,2,30,8,FALSE,NA,1,18,20,446,5
2,I;J;K;H,H,2,31,8,FALSE,NA,1,18,20,447,5
2,I;J;K;H,K,2,32,8,FALSE,NA,1,18,20,448,5
1,I;J;K;H,H,3,33,9,FALSE,NA,1,20,17,449,5
1,I;J;K;H,K,3,34,9,FALSE,NA,1,20,17,450,5
1,I;J;K;H,I,3,35,9,FALSE,NA,1,20,17,451,5
1,I;J;K;H,J,3,36,9,FALSE,NA,1,20,17,452,5
1,I;J;K;H,I,3,37,10,FALSE,NA,1,17,20,453,5
1,I;J;K;H,K,3,38,10,FALSE,NA,1,17,20,454,5
1,I;J;K;H,J,3,39,10,FALSE,NA,1,17,20,455,5
1,I;J;K;H,H,3,40,10,FALSE,NA,1,17,20,456,5
1,I;J;K;H,I,3,41,11,FALSE,NA,1,20,17,457,5
1,I;J;K;H,H,3,42,11,FALSE,NA,1,20,17,458,5
1,I;J;K;H,K,3,43,11,FALSE,NA,1,20,17,459,5
1,I;J;K;H,J,3,44,11,FALSE,NA,1,20,17,460,5
1,I;J;K;H,K,3,45,12,FALSE,NA,1,17,20,461,5
1,I;J;K;H,I,3,46,12,FALSE,NA,1,17,20,462,5
1,I;J;K;H,J,3,47,12,FALSE,NA,1,17,20,463,5
1,I;J;K;H,H,3,48,12,FALSE,NA,1,17,20,464,5
2,I;J;K;H,I,3,33,9,FALSE,NA,1,18,19,465,5
2,I;J;K;H,J,3,34,9,FALSE,NA,1,18,19,466,5
2,I;J;K;H,H,3,35,9,FALSE,NA,1,18,19,467,5
2,I;J;K;H,K,3,36,9,FALSE,NA,1,18,19,468,5
2,I;J;K;H,I,3,37,10,FALSE,NA,1,19,18,469,5
2,I;J;K;H,H,3,38,10,FALSE,NA,1,19,18,470,5
2,I;J;K;H,J,3,39,10,FALSE,NA,1,19,18,471,5
2,I;J;K;H,K,3,40,10,FALSE,NA,1,19,18,472,5
2,I;J;K;H,I,3,41,11,FALSE,NA,1,18,19,473,5
2,I;J;K;H,H,3,42,11,FALSE,NA,1,18,19,474,5
2,I;J;K;H,J,3,43,11,FALSE,NA,1,18,19,475,5
2,I;J;K;H,K,3,44,11,FALSE,NA,1,18,19,476,5
2,I;J;K;H,I,3,45,12,FALSE,NA,1,19,18,477,5
2,I;J;K;H,K,3,46,12,FALSE,NA,1,19,18,478,5
2,I;J;K;H,J,3,47,12,FALSE,NA,1,19,18,479,5
2,I;J;K;H,H,3,48,12,FALSE,NA,1,19,18,480,5
1,A;B;C;D,A,1,1,1,FALSE,NA,1,22,21,481,6
1,A;B;C;D,C,1,2,1,FALSE,NA,1,22,21,482,6
1,A;B;C;D,D,1,3,1,FALSE,NA,1,22,21,483,6
1,A;B;C;D,B,1,4,1,FALSE,NA,1,22,21,484,6
1,A;B;C;D,D,1,5,2,FALSE,NA,1,21,22,485,6
1,A;B;C;D,A,1,6,2,FALSE,NA,1,21,22,486,6
1,A;B;C;D,C,1,7,2,FALSE,NA,1,21,22,487,6
1,A;B;C;D,B,1,8,2,FALSE,NA,1,21,22,488,6
1,A;B;C;D,D,1,9,3,FALSE,NA,1,22,21,489,6
1,A;B;C;D,A,1,10,3,FALSE,NA,1,22,21,490,6
1,A;B;C;D,C,1,11,3,FALSE,NA,1,22,21,491,6
1,A;B;C;D,B,1,12,3,FALSE,NA,1,22,21,492,6
1,A;B;C;D,C,1,13,4,FALSE,NA,1,21,22,493,6
1,A;B;C;D,D,1,14,4,FALSE,NA,1,21,22,494,6
1,A;B;C;D,A,1,15,4,FALSE,NA,1,21,22,495,6
1,A;B;C;D,B,1,16,4,FALSE,NA,1,21,22,496,6
2,A;B;C;D,D,1,1,1,FALSE,NA,1,23,24,497,6
2,A;B;C;D,A,1,2,1,FALSE,NA,1,23,24,498,6
2,A;B;C;D,C,1,3,1,FALSE,NA,1,23,24,499,6
2,A;B;C;D,B,1,4,1,FALSE,NA,1,23,24,500,6
2,A;B;C;D,D,1,5,2,FALSE,NA,1,24,23,501,6
2,A;B;C;D,B,1,6,2,FALSE,NA,1,24,23,502,6
2,A;B;C;D,A,1,7,2,FALSE,NA,1,24,23,503,6
2,A;B;C;D,C,1,8,2,FALSE,NA,1,24,23,504,6
2,A;B;C;D,D,1,9,3,FALSE,NA,1,23,24,505,6
2,A;B;C;D,A,1,10,3,FALSE,NA,1,23,24,506,6
2,A;B;C;D,B,1,11,3,FALSE,NA,1,23,24,507,6
2,A;B;C;D,C,1,12,3,FALSE,NA,1,23,24,508,6
2,A;B;C;D,B,1,13,4,FALSE,NA,1,24,23,509,6
2,A;B;C;D,C,1,14,4,FALSE,NA,1,24,23,510,6
2,A;B;C;D,A,1,15,4,FALSE,NA,1,24,23,511,6
2,A;B;C;D,D,1,16,4,FALSE,NA,1,24,23,512,6
1,A;B;C;D,A,2,17,5,FALSE,NA,1,21,24,513,6
1,A;B;C;D,D,2,18,5,FALSE,NA,1,21,24,514,6
1,A;B;C;D,C,2,19,5,FALSE,NA,1,21,24,515,6
1,A;B;C;D,B,2,20,5,FALSE,NA,1,21,24,516,6
1,A;B;C;D,D,2,21,6,FALSE,NA,1,24,21,517,6
1,A;B;C;D,B,2,22,6,FALSE,NA,1,24,21,518,6
1,A;B;C;D,A,2,24,6,FALSE,NA,1,24,21,519,6
1,A;B;C;D,C,2,23,6,FALSE,NA,1,24,21,520,6
1,A;B;C;D,B,2,25,7,FALSE,NA,1,21,24,521,6
1,A;B;C;D,A,2,27,7,FALSE,NA,1,21,24,522,6
1,A;B;C;D,C,2,28,7,FALSE,NA,1,21,24,523,6
1,A;B;C;D,D,2,26,7,FALSE,NA,1,21,24,524,6
1,A;B;C;D,B,2,29,8,FALSE,NA,1,24,21,525,6
1,A;B;C;D,D,2,30,8,FALSE,NA,1,24,21,526,6
1,A;B;C;D,A,2,31,8,FALSE,NA,1,24,21,527,6
1,A;B;C;D,C,2,32,8,FALSE,NA,1,24,21,528,6
2,A;B;C;D,B,2,17,5,FALSE,NA,1,23,22,529,6
2,A;B;C;D,C,2,19,5,FALSE,NA,1,23,22,530,6
2,A;B;C;D,A,2,18,5,FALSE,NA,1,23,22,531,6
2,A;B;C;D,D,2,22,6,FALSE,NA,1,22,23,532,6
2,A;B;C;D,D,2,20,5,FALSE,NA,1,23,22,533,6
2,A;B;C;D,B,2,21,6,FALSE,NA,1,22,23,534,6
2,A;B;C;D,C,2,23,6,FALSE,NA,1,22,23,535,6
2,A;B;C;D,A,2,24,6,FALSE,NA,1,22,23,536,6
2,A;B;C;D,B,2,25,7,FALSE,NA,1,23,22,537,6
2,A;B;C;D,D,2,26,7,FALSE,NA,1,23,22,538,6
2,A;B;C;D,A,2,27,7,FALSE,NA,1,23,22,539,6
2,A;B;C;D,C,2,28,7,FALSE,NA,1,23,22,540,6
2,A;B;C;D,A,2,29,8,FALSE,NA,1,22,23,541,6
2,A;B;C;D,D,2,30,8,FALSE,NA,1,22,23,542,6
2,A;B;C;D,B,2,31,8,FALSE,NA,1,22,23,543,6
2,A;B;C;D,C,2,32,8,FALSE,NA,1,22,23,544,6
1,A;B;C;D,C,3,34,9,FALSE,NA,1,23,21,545,6
1,A;B;C;D,B,3,36,9,FALSE,NA,1,23,21,546,6
1,A;B;C;D,A,3,33,9,FALSE,NA,1,23,21,547,6
1,A;B;C;D,D,3,35,9,FALSE,NA,1,23,21,548,6
1,A;B;C;D,A,3,38,10,FALSE,NA,1,21,23,549,6
1,A;B;C;D,D,3,37,10,FALSE,NA,1,21,23,550,6
1,A;B;C;D,C,3,40,10,FALSE,NA,1,21,23,551,6
1,A;B;C;D,B,3,39,10,FALSE,NA,1,21,23,552,6
1,A;B;C;D,D,3,42,11,FALSE,NA,1,23,21,553,6
1,A;B;C;D,B,3,43,11,FALSE,NA,1,23,21,554,6
1,A;B;C;D,A,3,41,11,FALSE,NA,1,23,21,555,6
1,A;B;C;D,C,3,44,11,FALSE,NA,1,23,21,556,6
1,A;B;C;D,C,3,46,12,FALSE,NA,1,21,23,557,6
1,A;B;C;D,D,3,45,12,FALSE,NA,1,21,23,558,6
1,A;B;C;D,B,3,47,12,FALSE,NA,1,21,23,559,6
1,A;B;C;D,A,3,48,12,FALSE,NA,1,21,23,560,6
2,A;B;C;D,C,3,35,9,FALSE,NA,1,22,24,561,6
2,A;B;C;D,B,3,33,9,FALSE,NA,1,22,24,562,6
2,A;B;C;D,A,3,34,9,FALSE,NA,1,22,24,563,6
2,A;B;C;D,D,3,36,9,FALSE,NA,1,22,24,564,6
2,A;B;C;D,A,3,37,10,FALSE,NA,1,24,22,565,6
2,A;B;C;D,C,3,43,11,FALSE,NA,1,22,24,566,6
2,A;B;C;D,D,3,41,11,FALSE,NA,1,22,24,567,6
2,A;B;C;D,C,3,38,10,FALSE,NA,1,24,22,568,6
2,A;B;C;D,D,3,39,10,FALSE,NA,1,24,22,569,6
2,A;B;C;D,B,3,40,10,FALSE,NA,1,24,22,570,6
2,A;B;C;D,A,3,42,11,FALSE,NA,1,22,24,571,6
2,A;B;C;D,B,3,44,11,FALSE,NA,1,22,24,572,6
2,A;B;C;D,C,3,45,12,FALSE,NA,1,24,22,573,6
2,A;B;C;D,D,3,46,12,FALSE,NA,1,24,22,574,6
2,A;B;C;D,B,3,47,12,FALSE,NA,1,24,22,575,6
2,A;B;C;D,A,3,48,12,FALSE,NA,1,24,22,576,6
1,A;B;C;D,C,1,1,1,FALSE,NA,1,26,25,577,7
1,A;B;C;D,B,1,2,1,FALSE,NA,1,26,25,578,7
1,A;B;C;D,A,1,3,1,FALSE,NA,1,26,25,579,7
1,A;B;C;D,D,1,4,1,FALSE,NA,1,26,25,580,7
1,A;B;C;D,A,1,5,2,FALSE,NA,1,25,26,581,7
1,A;B;C;D,B,1,6,2,FALSE,NA,1,25,26,582,7
1,A;B;C;D,C,1,7,2,FALSE,NA,1,25,26,583,7
1,A;B;C;D,D,1,8,2,FALSE,NA,1,25,26,584,7
1,A;B;C;D,B,1,9,3,FALSE,NA,1,26,25,585,7
1,A;B;C;D,A,1,10,3,FALSE,NA,1,26,25,586,7
1,A;B;C;D,D,1,11,3,FALSE,NA,1,26,25,587,7
1,A;B;C;D,C,1,12,3,FALSE,NA,1,26,25,588,7
1,A;B;C;D,B,1,13,4,FALSE,NA,1,25,26,589,7
1,A;B;C;D,A,1,14,4,FALSE,NA,1,25,26,590,7
1,A;B;C;D,C,1,15,4,FALSE,NA,1,25,26,591,7
1,A;B;C;D,D,1,16,4,FALSE,NA,1,25,26,592,7
2,A;B;C;D,D,1,1,1,FALSE,NA,1,27,28,593,7
2,A;B;C;D,B,1,2,1,FALSE,NA,1,27,28,594,7
2,A;B;C;D,A,1,3,1,FALSE,NA,1,27,28,595,7
2,A;B;C;D,C,1,4,1,FALSE,NA,1,27,28,596,7
2,A;B;C;D,A,1,5,2,FALSE,NA,1,28,27,597,7
2,A;B;C;D,C,1,6,2,FALSE,NA,1,28,27,598,7
2,A;B;C;D,D,1,7,2,FALSE,NA,1,28,27,599,7
2,A;B;C;D,B,1,8,2,FALSE,NA,1,28,27,600,7
2,A;B;C;D,A,1,9,3,FALSE,NA,1,27,28,601,7
2,A;B;C;D,B,1,10,3,FALSE,NA,1,27,28,602,7
2,A;B;C;D,D,1,11,3,FALSE,NA,1,27,28,603,7
2,A;B;C;D,C,1,12,3,FALSE,NA,1,27,28,604,7
2,A;B;C;D,B,1,13,4,FALSE,NA,1,28,27,605,7
2,A;B;C;D,D,1,14,4,FALSE,NA,1,28,27,606,7
2,A;B;C;D,C,1,15,4,FALSE,NA,1,28,27,607,7
2,A;B;C;D,A,1,16,4,FALSE,NA,1,28,27,608,7
1,A;B;C;D,A,2,17,5,FALSE,NA,1,25,28,609,7
1,A;B;C;D,C,2,19,5,FALSE,NA,1,25,28,610,7
1,A;B;C;D,B,2,20,5,FALSE,NA,1,25,28,611,7
1,A;B;C;D,D,2,18,5,FALSE,NA,1,25,28,612,7
1,A;B;C;D,C,2,21,6,FALSE,NA,1,28,25,613,7
1,A;B;C;D,D,2,23,6,FALSE,NA,1,28,25,614,7
1,A;B;C;D,A,2,24,6,FALSE,NA,1,28,25,615,7
1,A;B;C;D,B,2,22,6,FALSE,NA,1,28,25,616,7
1,A;B;C;D,B,2,25,7,FALSE,NA,1,25,28,617,7
1,A;B;C;D,A,2,27,7,FALSE,NA,1,25,28,618,7
1,A;B;C;D,C,2,26,7,FALSE,NA,1,25,28,619,7
1,A;B;C;D,D,2,28,7,FALSE,NA,1,25,28,620,7
1,A;B;C;D,B,2,29,8,FALSE,NA,1,28,25,621,7
1,A;B;C;D,A,2,30,8,FALSE,NA,1,28,25,622,7
1,A;B;C;D,D,2,31,8,FALSE,NA,1,28,25,623,7
1,A;B;C;D,C,2,32,8,FALSE,NA,1,28,25,624,7
2,A;B;C;D,C,2,17,5,FALSE,NA,1,26,27,625,7
2,A;B;C;D,B,2,18,5,FALSE,NA,1,26,27,626,7
2,A;B;C;D,A,2,19,5,FALSE,NA,1,26,27,627,7
2,A;B;C;D,D,2,20,5,FALSE,NA,1,26,27,628,7
2,A;B;C;D,B,2,21,6,FALSE,NA,1,27,26,629,7
2,A;B;C;D,C,2,22,6,FALSE,NA,1,27,26,630,7
2,A;B;C;D,D,2,23,6,FALSE,NA,1,27,26,631,7
2,A;B;C;D,A,2,24,6,FALSE,NA,1,27,26,632,7
2,A;B;C;D,B,2,25,7,FALSE,NA,1,26,27,633,7
2,A;B;C;D,D,2,26,7,FALSE,NA,1,26,27,634,7
2,A;B;C;D,C,2,28,7,FALSE,NA,1,26,27,635,7
2,A;B;C;D,D,2,29,8,FALSE,NA,1,27,26,636,7
2,A;B;C;D,C,2,30,8,FALSE,NA,1,27,26,637,7
2,A;B;C;D,A,2,27,7,FALSE,NA,1,26,27,638,7
2,A;B;C;D,A,2,31,8,FALSE,NA,1,27,26,639,7
2,A;B;C;D,B,2,32,8,FALSE,NA,1,27,26,640,7
1,A;B;C;D,A,3,33,9,FALSE,NA,1,27,25,641,7
1,A;B;C;D,D,3,34,9,FALSE,NA,1,27,25,642,7
1,A;B;C;D,C,3,35,9,FALSE,NA,1,27,25,643,7
1,A;B;C;D,B,3,36,9,FALSE,NA,1,27,25,644,7
1,A;B;C;D,D,3,37,10,FALSE,NA,1,25,27,645,7
1,A;B;C;D,A,3,38,10,FALSE,NA,1,25,27,646,7
1,A;B;C;D,C,3,39,10,FALSE,NA,1,25,27,647,7
1,A;B;C;D,C,3,41,11,FALSE,NA,1,27,25,648,7
1,A;B;C;D,B,3,40,10,FALSE,NA,1,25,27,649,7
1,A;B;C;D,D,3,42,11,FALSE,NA,1,27,25,650,7
1,A;B;C;D,A,3,43,11,FALSE,NA,1,27,25,651,7
1,A;B;C;D,B,3,44,11,FALSE,NA,1,27,25,652,7
1,A;B;C;D,D,3,45,12,FALSE,NA,1,25,27,653,7
1,A;B;C;D,C,3,46,12,FALSE,NA,1,25,27,654,7
1,A;B;C;D,B,3,47,12,FALSE,NA,1,25,27,655,7
1,A;B;C;D,A,3,48,12,FALSE,NA,1,25,27,656,7
2,A;B;C;D,C,3,33,9,FALSE,NA,1,28,26,657,7
2,A;B;C;D,B,3,34,9,FALSE,NA,1,28,26,658,7
2,A;B;C;D,A,3,35,9,FALSE,NA,1,28,26,659,7
2,A;B;C;D,D,3,36,9,FALSE,NA,1,28,26,660,7
2,A;B;C;D,A,3,37,10,FALSE,NA,1,26,28,661,7
2,A;B;C;D,B,3,38,10,FALSE,NA,1,26,28,662,7
2,A;B;C;D,D,3,39,10,FALSE,NA,1,26,28,663,7
2,A;B;C;D,B,3,42,11,FALSE,NA,1,28,26,664,7
2,A;B;C;D,D,3,41,11,FALSE,NA,1,28,26,665,7
2,A;B;C;D,C,3,40,10,FALSE,NA,1,26,28,666,7
2,A;B;C;D,A,3,43,11,FALSE,NA,1,28,26,667,7
2,A;B;C;D,B,3,45,12,FALSE,NA,1,26,28,668,7
2,A;B;C;D,C,3,44,11,FALSE,NA,1,28,26,669,7
2,A;B;C;D,D,3,47,12,FALSE,NA,1,26,28,670,7
2,A;B;C;D,C,3,46,12,FALSE,NA,1,26,28,671,7
2,A;B;C;D,A,3,48,12,FALSE,NA,1,26,28,672,7
1,A;B;C;D,C,1,1,1,TRUE,incomplete game,1,30,29,673,8
1,A;B;C;D,D,1,2,1,TRUE,incomplete game,1,30,29,674,8
1,A;B;C;D,A,1,3,1,TRUE,incomplete game,1,30,29,675,8
1,A;B;C;D,B,1,4,1,TRUE,incomplete game,1,30,29,676,8
1,A;B;C;D,D,1,5,2,TRUE,incomplete game,1,29,30,677,8
1,A;B;C;D,C,1,6,2,TRUE,incomplete game,1,29,30,678,8
1,A;B;C;D,B,1,7,2,TRUE,incomplete game,1,29,30,679,8
2,A;B;C;D,C,1,1,1,TRUE,incomplete game,1,31,32,680,8
2,A;B;C;D,A,1,2,1,TRUE,incomplete game,1,31,32,681,8
2,A;B;C;D,D,1,3,1,TRUE,incomplete game,1,31,32,682,8
2,A;B;C;D,B,1,4,1,TRUE,incomplete game,1,31,32,683,8
2,A;B;C;D,A,1,5,2,TRUE,incomplete game,1,32,31,684,8
2,A;B;C;D,B,1,6,2,TRUE,incomplete game,1,32,31,685,8
2,A;B;C;D,D,1,7,2,TRUE,incomplete game,1,32,31,686,8
2,A;B;C;D,C,1,8,2,TRUE,incomplete game,1,32,31,687,8
2,A;B;C;D,A,1,9,3,TRUE,incomplete game,1,31,32,688,8
2,A;B;C;D,B,1,10,3,TRUE,incomplete game,1,31,32,689,8
2,A;B;C;D,C,1,11,3,TRUE,incomplete game,1,31,32,690,8
2,A;B;C;D,D,1,12,3,TRUE,incomplete game,1,31,32,691,8
2,A;B;C;D,C,1,13,4,TRUE,incomplete game,1,32,31,692,8
2,A;B;C;D,D,1,14,4,TRUE,incomplete game,1,32,31,693,8
2,A;B;C;D,B,1,15,4,TRUE,incomplete game,1,32,31,694,8
2,A;B;C;D,A,1,16,4,TRUE,incomplete game,1,32,31,695,8
1,A;B;C;D,B,1,1,1,FALSE,NA,1,33,34,696,9
1,A;B;C;D,D,1,2,1,FALSE,NA,1,33,34,697,9
1,A;B;C;D,C,1,3,1,FALSE,NA,1,33,34,698,9
1,A;B;C;D,A,1,4,1,FALSE,NA,1,33,34,699,9
1,A;B;C;D,B,1,5,2,FALSE,NA,1,34,33,700,9
1,A;B;C;D,A,1,6,2,FALSE,NA,1,34,33,701,9
1,A;B;C;D,D,1,7,2,FALSE,NA,1,34,33,702,9
1,A;B;C;D,C,1,8,2,FALSE,NA,1,34,33,703,9
1,A;B;C;D,A,1,9,3,FALSE,NA,1,33,34,704,9
1,A;B;C;D,C,1,10,3,FALSE,NA,1,33,34,705,9
1,A;B;C;D,D,1,11,3,FALSE,NA,1,33,34,706,9
1,A;B;C;D,A,1,13,4,FALSE,NA,1,34,33,707,9
1,A;B;C;D,B,1,12,3,FALSE,NA,1,33,34,708,9
1,A;B;C;D,B,1,14,4,FALSE,NA,1,34,33,709,9
1,A;B;C;D,C,1,15,4,FALSE,NA,1,34,33,710,9
1,A;B;C;D,D,1,16,4,FALSE,NA,1,34,33,711,9
2,A;B;C;D,B,1,1,1,FALSE,NA,1,35,36,712,9
2,A;B;C;D,C,1,2,1,FALSE,NA,1,35,36,713,9
2,A;B;C;D,D,1,3,1,FALSE,NA,1,35,36,714,9
2,A;B;C;D,D,1,5,2,FALSE,NA,1,36,35,715,9
2,A;B;C;D,A,1,4,1,FALSE,NA,1,35,36,716,9
2,A;B;C;D,C,1,6,2,FALSE,NA,1,36,35,717,9
2,A;B;C;D,A,1,8,2,FALSE,NA,1,36,35,718,9
2,A;B;C;D,B,1,7,2,FALSE,NA,1,36,35,719,9
2,A;B;C;D,D,1,9,3,FALSE,NA,1,35,36,720,9
2,A;B;C;D,A,1,10,3,FALSE,NA,1,35,36,721,9
2,A;B;C;D,B,1,11,3,FALSE,NA,1,35,36,722,9
2,A;B;C;D,C,1,12,3,FALSE,NA,1,35,36,723,9
2,A;B;C;D,D,1,13,4,FALSE,NA,1,36,35,724,9
2,A;B;C;D,A,1,14,4,FALSE,NA,1,36,35,725,9
2,A;B;C;D,B,1,15,4,FALSE,NA,1,36,35,726,9
2,A;B;C;D,C,1,16,4,FALSE,NA,1,36,35,727,9
1,A;B;C;D,B,2,18,5,FALSE,NA,1,34,35,728,9
1,A;B;C;D,A,2,17,5,FALSE,NA,1,34,35,729,9
1,A;B;C;D,D,2,19,5,FALSE,NA,1,34,35,730,9
1,A;B;C;D,C,2,20,5,FALSE,NA,1,34,35,731,9
1,A;B;C;D,A,2,21,6,FALSE,NA,1,35,34,732,9
1,A;B;C;D,C,2,22,6,FALSE,NA,1,35,34,733,9
1,A;B;C;D,D,2,23,6,FALSE,NA,1,35,34,734,9
1,A;B;C;D,B,2,24,6,FALSE,NA,1,35,34,735,9
1,A;B;C;D,D,2,26,7,FALSE,NA,1,34,35,736,9
1,A;B;C;D,C,2,25,7,FALSE,NA,1,34,35,737,9
1,A;B;C;D,A,2,27,7,FALSE,NA,1,34,35,738,9
1,A;B;C;D,B,2,28,7,FALSE,NA,1,34,35,739,9
1,A;B;C;D,C,2,29,8,FALSE,NA,1,35,34,740,9
1,A;B;C;D,A,2,30,8,FALSE,NA,1,35,34,741,9
1,A;B;C;D,B,2,31,8,FALSE,NA,1,35,34,742,9
1,A;B;C;D,D,2,32,8,FALSE,NA,1,35,34,743,9
2,A;B;C;D,A,2,17,5,FALSE,NA,1,33,36,744,9
2,A;B;C;D,C,2,18,5,FALSE,NA,1,33,36,745,9
2,A;B;C;D,D,2,23,6,FALSE,NA,1,36,33,746,9
2,A;B;C;D,B,2,19,5,FALSE,NA,1,33,36,747,9
2,A;B;C;D,D,2,20,5,FALSE,NA,1,33,36,748,9
2,A;B;C;D,C,2,21,6,FALSE,NA,1,36,33,749,9
2,A;B;C;D,A,2,22,6,FALSE,NA,1,36,33,750,9
2,A;B;C;D,B,2,24,6,FALSE,NA,1,36,33,751,9
2,A;B;C;D,C,2,27,7,FALSE,NA,1,33,36,752,9
2,A;B;C;D,A,2,25,7,FALSE,NA,1,33,36,753,9
2,A;B;C;D,B,2,26,7,FALSE,NA,1,33,36,754,9
2,A;B;C;D,D,2,28,7,FALSE,NA,1,33,36,755,9
2,A;B;C;D,D,2,31,8,FALSE,NA,1,36,33,756,9
2,A;B;C;D,C,2,32,8,FALSE,NA,1,36,33,757,9
2,A;B;C;D,B,2,29,8,FALSE,NA,1,36,33,758,9
2,A;B;C;D,A,2,30,8,FALSE,NA,1,36,33,759,9
1,A;B;C;D,D,3,33,9,FALSE,NA,1,36,34,760,9
1,A;B;C;D,A,3,34,9,FALSE,NA,1,36,34,761,9
1,A;B;C;D,D,3,37,10,FALSE,NA,1,34,36,762,9
1,A;B;C;D,B,3,36,9,FALSE,NA,1,36,34,763,9
1,A;B;C;D,C,3,35,9,FALSE,NA,1,36,34,764,9
1,A;B;C;D,B,3,39,10,FALSE,NA,1,34,36,765,9
1,A;B;C;D,A,3,38,10,FALSE,NA,1,34,36,766,9
1,A;B;C;D,C,3,40,10,FALSE,NA,1,34,36,767,9
1,A;B;C;D,B,3,41,11,FALSE,NA,1,36,34,768,9
1,A;B;C;D,D,3,43,11,FALSE,NA,1,36,34,769,9
1,A;B;C;D,C,3,44,11,FALSE,NA,1,36,34,770,9
1,A;B;C;D,A,3,42,11,FALSE,NA,1,36,34,771,9
1,A;B;C;D,B,3,45,12,FALSE,NA,1,34,36,772,9
1,A;B;C;D,A,3,46,12,FALSE,NA,1,34,36,773,9
1,A;B;C;D,D,3,47,12,FALSE,NA,1,34,36,774,9
1,A;B;C;D,C,3,48,12,FALSE,NA,1,34,36,775,9
2,A;B;C;D,C,3,33,9,FALSE,NA,1,33,35,776,9
2,A;B;C;D,C,3,37,10,FALSE,NA,1,35,33,777,9
2,A;B;C;D,A,3,34,9,FALSE,NA,1,33,35,778,9
2,A;B;C;D,B,3,35,9,FALSE,NA,1,33,35,779,9
2,A;B;C;D,D,3,36,9,FALSE,NA,1,33,35,780,9
2,A;B;C;D,A,3,38,10,FALSE,NA,1,35,33,781,9
2,A;B;C;D,B,3,39,10,FALSE,NA,1,35,33,782,9
2,A;B;C;D,D,3,40,10,FALSE,NA,1,35,33,783,9
2,A;B;C;D,A,3,41,11,FALSE,NA,1,33,35,784,9
2,A;B;C;D,B,3,42,11,FALSE,NA,1,33,35,785,9
2,A;B;C;D,D,3,43,11,FALSE,NA,1,33,35,786,9
2,A;B;C;D,C,3,44,11,FALSE,NA,1,33,35,787,9
2,A;B;C;D,B,3,45,12,FALSE,NA,1,35,33,788,9
2,A;B;C;D,D,3,46,12,FALSE,NA,1,35,33,789,9
2,A;B;C;D,A,3,47,12,FALSE,NA,1,35,33,790,9
2,A;B;C;D,C,3,48,12,FALSE,NA,1,35,33,791,9
2,E;F;G;L,F,1,1,1,TRUE,incomplete game,1,NA,37,792,10
1,E;F;G;L,E,1,1,1,TRUE,incomplete game,1,38,NA,793,11
1,I;J;K;H,H,1,1,1,FALSE,NA,1,39,40,794,12
1,I;J;K;H,J,1,2,1,FALSE,NA,1,39,40,795,12
1,I;J;K;H,I,1,3,1,FALSE,NA,1,39,40,796,12
1,I;J;K;H,K,1,4,1,FALSE,NA,1,39,40,797,12
1,I;J;K;H,H,1,5,2,FALSE,NA,1,40,39,798,12
1,I;J;K;H,J,1,7,2,FALSE,NA,1,40,39,799,12
1,I;J;K;H,I,1,6,2,FALSE,NA,1,40,39,800,12
1,I;J;K;H,I,1,9,3,FALSE,NA,1,39,40,801,12
1,I;J;K;H,K,1,8,2,FALSE,NA,1,40,39,802,12
1,I;J;K;H,H,1,10,3,FALSE,NA,1,39,40,803,12
1,I;J;K;H,K,1,11,3,FALSE,NA,1,39,40,804,12
1,I;J;K;H,J,1,12,3,FALSE,NA,1,39,40,805,12
1,I;J;K;H,K,1,14,4,FALSE,NA,1,40,39,806,12
1,I;J;K;H,H,1,13,4,FALSE,NA,1,40,39,807,12
1,I;J;K;H,I,1,15,4,FALSE,NA,1,40,39,808,12
1,I;J;K;H,J,1,16,4,FALSE,NA,1,40,39,809,12
2,I;J;K;H,K,1,1,1,FALSE,NA,1,41,42,810,12
2,I;J;K;H,H,1,2,1,FALSE,NA,1,41,42,811,12
2,I;J;K;H,J,1,3,1,FALSE,NA,1,41,42,812,12
2,I;J;K;H,I,1,4,1,FALSE,NA,1,41,42,813,12
2,I;J;K;H,J,1,6,2,FALSE,NA,1,42,41,814,12
2,I;J;K;H,K,1,5,2,FALSE,NA,1,42,41,815,12
2,I;J;K;H,I,1,7,2,FALSE,NA,1,42,41,816,12
2,I;J;K;H,H,1,8,2,FALSE,NA,1,42,41,817,12
2,I;J;K;H,K,1,10,3,FALSE,NA,1,41,42,818,12
2,I;J;K;H,J,1,9,3,FALSE,NA,1,41,42,819,12
2,I;J;K;H,I,1,11,3,FALSE,NA,1,41,42,820,12
2,I;J;K;H,K,1,14,4,FALSE,NA,1,42,41,821,12
2,I;J;K;H,J,1,13,4,FALSE,NA,1,42,41,822,12
2,I;J;K;H,H,1,12,3,FALSE,NA,1,41,42,823,12
2,I;J;K;H,H,1,16,4,FALSE,NA,1,42,41,824,12
2,I;J;K;H,I,1,15,4,FALSE,NA,1,42,41,825,12
1,I;J;K;H,J,2,17,5,FALSE,NA,1,39,42,826,12
1,I;J;K;H,K,2,18,5,FALSE,NA,1,39,42,827,12
1,I;J;K;H,H,2,19,5,FALSE,NA,1,39,42,828,12
1,I;J;K;H,I,2,20,5,FALSE,NA,1,39,42,829,12
1,I;J;K;H,H,2,23,6,FALSE,NA,1,42,39,830,12
1,I;J;K;H,K,2,21,6,FALSE,NA,1,42,39,831,12
1,I;J;K;H,J,2,22,6,FALSE,NA,1,42,39,832,12
1,I;J;K;H,I,2,24,6,FALSE,NA,1,42,39,833,12
1,I;J;K;H,J,2,25,7,FALSE,NA,1,39,42,834,12
1,I;J;K;H,I,2,27,7,FALSE,NA,1,39,42,835,12
1,I;J;K;H,I,2,31,8,FALSE,NA,1,42,39,836,12
1,I;J;K;H,J,2,32,8,FALSE,NA,1,42,39,837,12
1,I;J;K;H,H,2,26,7,FALSE,NA,1,39,42,838,12
1,I;J;K;H,K,2,28,7,FALSE,NA,1,39,42,839,12
1,I;J;K;H,H,2,29,8,FALSE,NA,1,42,39,840,12
1,I;J;K;H,K,2,30,8,FALSE,NA,1,42,39,841,12
2,I;J;K;H,H,2,18,5,FALSE,NA,1,40,41,842,12
2,I;J;K;H,I,2,17,5,FALSE,NA,1,40,41,843,12
2,I;J;K;H,K,2,19,5,FALSE,NA,1,40,41,844,12
2,I;J;K;H,K,2,21,6,FALSE,NA,1,41,40,845,12
2,I;J;K;H,I,2,24,6,FALSE,NA,1,41,40,846,12
2,I;J;K;H,J,2,20,5,FALSE,NA,1,40,41,847,12
2,I;J;K;H,J,2,22,6,FALSE,NA,1,41,40,848,12
2,I;J;K;H,H,2,23,6,FALSE,NA,1,41,40,849,12
2,I;J;K;H,H,2,27,7,FALSE,NA,1,40,41,850,12
2,I;J;K;H,J,2,28,7,FALSE,NA,1,40,41,851,12
2,I;J;K;H,I,2,29,8,FALSE,NA,1,41,40,852,12
2,I;J;K;H,K,2,30,8,FALSE,NA,1,41,40,853,12
2,I;J;K;H,K,2,25,7,FALSE,NA,1,40,41,854,12
2,I;J;K;H,I,2,26,7,FALSE,NA,1,40,41,855,12
2,I;J;K;H,J,2,31,8,FALSE,NA,1,41,40,856,12
2,I;J;K;H,H,2,32,8,FALSE,NA,1,41,40,857,12
1,I;J;K;H,K,3,33,9,FALSE,NA,1,39,41,858,12
1,I;J;K;H,H,3,34,9,FALSE,NA,1,39,41,859,12
1,I;J;K;H,J,3,35,9,FALSE,NA,1,39,41,860,12
1,I;J;K;H,I,3,36,9,FALSE,NA,1,39,41,861,12
1,I;J;K;H,J,3,37,10,FALSE,NA,1,41,39,862,12
1,I;J;K;H,I,3,38,10,FALSE,NA,1,41,39,863,12
1,I;J;K;H,K,3,39,10,FALSE,NA,1,41,39,864,12
1,I;J;K;H,H,3,40,10,FALSE,NA,1,41,39,865,12
1,I;J;K;H,I,3,41,11,FALSE,NA,1,39,41,866,12
1,I;J;K;H,J,3,45,12,FALSE,NA,1,41,39,867,12
1,I;J;K;H,H,3,48,12,FALSE,NA,1,41,39,868,12
1,I;J;K;H,K,3,42,11,FALSE,NA,1,39,41,869,12
1,I;J;K;H,J,3,43,11,FALSE,NA,1,39,41,870,12
1,I;J;K;H,I,3,46,12,FALSE,NA,1,41,39,871,12
1,I;J;K;H,K,3,47,12,FALSE,NA,1,41,39,872,12
1,I;J;K;H,H,3,44,11,FALSE,NA,1,39,41,873,12
2,I;J;K;H,K,3,33,9,FALSE,NA,1,40,42,874,12
2,I;J;K;H,I,3,34,9,FALSE,NA,1,40,42,875,12
2,I;J;K;H,J,3,35,9,FALSE,NA,1,40,42,876,12
2,I;J;K;H,I,3,37,10,FALSE,NA,1,42,40,877,12
2,I;J;K;H,H,3,38,10,FALSE,NA,1,42,40,878,12
2,I;J;K;H,H,3,36,9,FALSE,NA,1,40,42,879,12
2,I;J;K;H,J,3,39,10,FALSE,NA,1,42,40,880,12
2,I;J;K;H,K,3,40,10,FALSE,NA,1,42,40,881,12
2,I;J;K;H,J,3,41,11,FALSE,NA,1,40,42,882,12
2,I;J;K;H,K,3,42,11,FALSE,NA,1,40,42,883,12
2,I;J;K;H,H,3,43,11,FALSE,NA,1,40,42,884,12
2,I;J;K;H,I,3,44,11,FALSE,NA,1,40,42,885,12
2,I;J;K;H,H,3,45,12,FALSE,NA,1,42,40,886,12
2,I;J;K;H,K,3,46,12,FALSE,NA,1,42,40,887,12
2,I;J;K;H,I,3,47,12,FALSE,NA,1,42,40,888,12
2,I;J;K;H,J,3,48,12,FALSE,NA,1,42,40,889,12
1,E;F;G;L,F,1,1,1,FALSE,NA,1,43,44,890,13
1,E;F;G;L,L,1,2,1,FALSE,NA,1,43,44,891,13
1,E;F;G;L,G,1,3,1,FALSE,NA,1,43,44,892,13
1,E;F;G;L,E,1,4,1,FALSE,NA,1,43,44,893,13
1,E;F;G;L,L,1,5,2,FALSE,NA,1,44,43,894,13
1,E;F;G;L,F,1,6,2,FALSE,NA,1,44,43,895,13
1,E;F;G;L,E,1,7,2,FALSE,NA,1,44,43,896,13
1,E;F;G;L,G,1,8,2,FALSE,NA,1,44,43,897,13
1,E;F;G;L,E,1,10,3,FALSE,NA,1,43,44,898,13
1,E;F;G;L,F,1,9,3,FALSE,NA,1,43,44,899,13
1,E;F;G;L,L,1,12,3,FALSE,NA,1,43,44,900,13
1,E;F;G;L,G,1,11,3,FALSE,NA,1,43,44,901,13
1,E;F;G;L,F,1,13,4,FALSE,NA,1,44,43,902,13
1,E;F;G;L,E,1,14,4,FALSE,NA,1,44,43,903,13
1,E;F;G;L,L,1,16,4,FALSE,NA,1,44,43,904,13
1,E;F;G;L,G,1,15,4,FALSE,NA,1,44,43,905,13
2,E;F;G;L,F,1,1,1,FALSE,NA,1,45,46,906,13
2,E;F;G;L,G,1,2,1,FALSE,NA,1,45,46,907,13
2,E;F;G;L,L,1,3,1,FALSE,NA,1,45,46,908,13
2,E;F;G;L,E,1,4,1,FALSE,NA,1,45,46,909,13
2,E;F;G;L,L,1,5,2,FALSE,NA,1,46,45,910,13
2,E;F;G;L,G,1,6,2,FALSE,NA,1,46,45,911,13
2,E;F;G;L,F,1,7,2,FALSE,NA,1,46,45,912,13
2,E;F;G;L,E,1,8,2,FALSE,NA,1,46,45,913,13
2,E;F;G;L,F,1,9,3,FALSE,NA,1,45,46,914,13
2,E;F;G;L,G,1,15,4,FALSE,NA,1,46,45,915,13
2,E;F;G;L,E,1,16,4,FALSE,NA,1,46,45,916,13
2,E;F;G;L,G,1,11,3,FALSE,NA,1,45,46,917,13
2,E;F;G;L,E,1,12,3,FALSE,NA,1,45,46,918,13
2,E;F;G;L,F,1,14,4,FALSE,NA,1,46,45,919,13
2,E;F;G;L,L,1,10,3,FALSE,NA,1,45,46,920,13
2,E;F;G;L,L,1,13,4,FALSE,NA,1,46,45,921,13
1,E;F;G;L,G,2,17,5,FALSE,NA,1,43,46,922,13
1,E;F;G;L,L,2,18,5,FALSE,NA,1,43,46,923,13
1,E;F;G;L,E,2,19,5,FALSE,NA,1,43,46,924,13
1,E;F;G;L,F,2,20,5,FALSE,NA,1,43,46,925,13
1,E;F;G;L,L,2,23,6,FALSE,NA,1,46,43,926,13
1,E;F;G;L,E,2,24,6,FALSE,NA,1,46,43,927,13
1,E;F;G;L,G,2,21,6,FALSE,NA,1,46,43,928,13
1,E;F;G;L,F,2,22,6,FALSE,NA,1,46,43,929,13
1,E;F;G;L,F,2,30,8,FALSE,NA,1,46,46,930,13
1,E;F;G;L,L,2,26,7,FALSE,NA,1,43,46,931,13
1,E;F;G;L,E,2,27,7,FALSE,NA,1,43,46,932,13
1,E;F;G;L,F,2,28,7,FALSE,NA,1,43,46,933,13
1,E;F;G;L,L,2,29,8,FALSE,NA,1,46,46,934,13
1,E;F;G;L,E,2,31,8,FALSE,NA,1,46,46,935,13
1,E;F;G;L,G,2,32,8,FALSE,NA,1,46,46,936,13
1,E;F;G;L,G,2,25,7,FALSE,NA,1,43,46,937,13
2,E;F;G;L,G,2,17,5,FALSE,NA,1,44,45,938,13
2,E;F;G;L,E,2,18,5,FALSE,NA,1,44,45,939,13
2,E;F;G;L,L,2,19,5,FALSE,NA,1,44,45,940,13
2,E;F;G;L,G,2,21,6,FALSE,NA,1,45,44,941,13
2,E;F;G;L,F,2,22,6,FALSE,NA,1,45,44,942,13
2,E;F;G;L,E,2,23,6,FALSE,NA,1,45,44,943,13
2,E;F;G;L,F,2,25,7,FALSE,NA,1,44,45,944,13
2,E;F;G;L,F,2,20,5,FALSE,NA,1,44,45,945,13
2,E;F;G;L,L,2,24,6,FALSE,NA,1,45,44,946,13
2,E;F;G;L,E,2,27,7,FALSE,NA,1,44,45,947,13
2,E;F;G;L,L,2,29,8,FALSE,NA,1,45,44,948,13
2,E;F;G;L,G,2,31,8,FALSE,NA,1,45,44,949,13
2,E;F;G;L,G,2,28,7,FALSE,NA,1,44,45,950,13
2,E;F;G;L,E,2,30,8,FALSE,NA,1,45,44,951,13
2,E;F;G;L,L,2,26,7,FALSE,NA,1,44,45,952,13
2,E;F;G;L,F,2,32,8,FALSE,NA,1,45,44,953,13
1,E;F;G;L,F,3,33,9,FALSE,NA,1,45,43,954,13
1,E;F;G;L,L,3,34,9,FALSE,NA,1,45,43,955,13
1,E;F;G;L,G,3,35,9,FALSE,NA,1,45,43,956,13
1,E;F;G;L,E,3,36,9,FALSE,NA,1,45,43,957,13
1,E;F;G;L,F,3,37,10,FALSE,NA,1,43,45,958,13
1,E;F;G;L,L,3,38,10,FALSE,NA,1,43,45,959,13
1,E;F;G;L,E,3,45,12,FALSE,NA,1,43,43,960,13
1,E;F;G;L,G,3,46,12,FALSE,NA,1,43,43,961,13
1,E;F;G;L,E,3,39,10,FALSE,NA,1,43,45,962,13
1,E;F;G;L,F,3,43,11,FALSE,NA,1,45,43,963,13
1,E;F;G;L,G,3,40,10,FALSE,NA,1,43,45,964,13
1,E;F;G;L,E,3,41,11,FALSE,NA,1,45,43,965,13
1,E;F;G;L,G,3,42,11,FALSE,NA,1,45,43,966,13
1,E;F;G;L,L,3,44,11,FALSE,NA,1,45,43,967,13
1,E;F;G;L,F,3,48,12,FALSE,NA,1,43,43,968,13
1,E;F;G;L,L,3,47,12,FALSE,NA,1,43,43,969,13
2,E;F;G;L,G,3,33,9,FALSE,NA,1,44,46,970,13
2,E;F;G;L,F,3,34,9,FALSE,NA,1,44,46,971,13
2,E;F;G;L,E,3,35,9,FALSE,NA,1,44,46,972,13
2,E;F;G;L,L,3,36,9,FALSE,NA,1,44,46,973,13
2,E;F;G;L,E,3,37,10,FALSE,NA,1,46,44,974,13
2,E;F;G;L,L,3,38,10,FALSE,NA,1,46,44,975,13
2,E;F;G;L,F,3,39,10,FALSE,NA,1,46,44,976,13
2,E;F;G;L,G,3,40,10,FALSE,NA,1,46,44,977,13
2,E;F;G;L,L,3,44,11,FALSE,NA,1,44,46,978,13
2,E;F;G;L,F,3,41,11,FALSE,NA,1,44,46,979,13
2,E;F;G;L,G,3,42,11,FALSE,NA,1,44,46,980,13
2,E;F;G;L,E,3,43,11,FALSE,NA,1,44,46,981,13
2,E;F;G;L,F,3,45,12,FALSE,NA,1,46,44,982,13
2,E;F;G;L,G,3,46,12,FALSE,NA,1,46,44,983,13
2,E;F;G;L,L,3,47,12,FALSE,NA,1,46,44,984,13
2,E;F;G;L,E,3,48,12,FALSE,NA,1,46,44,985,13
1,E;F;G;L,E,1,1,1,TRUE,incomplete game,1,47,NA,986,14
1,I;J;K;H,I,1,1,1,TRUE,incomplete game,1,48,NA,987,15
1,I;J;K;H,K,1,1,1,FALSE,NA,1,50,49,988,16
1,I;J;K;H,I,1,2,1,FALSE,NA,1,50,49,989,16
1,I;J;K;H,J,1,3,1,FALSE,NA,1,50,49,990,16
1,I;J;K;H,H,1,4,1,FALSE,NA,1,50,49,991,16
1,I;J;K;H,K,1,7,2,FALSE,NA,1,49,50,992,16
1,I;J;K;H,H,1,6,2,FALSE,NA,1,49,50,993,16
1,I;J;K;H,J,1,8,2,FALSE,NA,1,49,50,994,16
1,I;J;K;H,I,1,10,3,FALSE,NA,1,50,49,995,16
1,I;J;K;H,I,1,5,2,FALSE,NA,1,49,50,996,16
1,I;J;K;H,K,1,9,3,FALSE,NA,1,50,49,997,16
1,I;J;K;H,J,1,11,3,FALSE,NA,1,50,49,998,16
1,I;J;K;H,H,1,12,3,FALSE,NA,1,50,49,999,16
1,I;J;K;H,J,1,13,4,FALSE,NA,1,49,50,1000,16
1,I;J;K;H,H,1,15,4,FALSE,NA,1,49,50,1001,16
1,I;J;K;H,I,1,14,4,FALSE,NA,1,49,50,1002,16
1,I;J;K;H,K,1,16,4,FALSE,NA,1,49,50,1003,16
2,I;J;K;H,J,1,1,1,FALSE,NA,1,51,52,1004,16
2,I;J;K;H,H,1,2,1,FALSE,NA,1,51,52,1005,16
2,I;J;K;H,I,1,3,1,FALSE,NA,1,51,52,1006,16
2,I;J;K;H,I,1,5,2,FALSE,NA,1,52,51,1007,16
2,I;J;K;H,K,1,10,3,FALSE,NA,1,51,52,1008,16
2,I;J;K;H,K,1,4,1,FALSE,NA,1,51,52,1009,16
2,I;J;K;H,J,1,11,3,FALSE,NA,1,51,52,1010,16
2,I;J;K;H,H,1,6,2,FALSE,NA,1,52,51,1011,16
2,I;J;K;H,J,1,7,2,FALSE,NA,1,52,51,1012,16
2,I;J;K;H,K,1,8,2,FALSE,NA,1,52,51,1013,16
2,I;J;K;H,I,1,9,3,FALSE,NA,1,51,52,1014,16
2,I;J;K;H,H,1,12,3,FALSE,NA,1,51,52,1015,16
2,I;J;K;H,H,1,14,4,FALSE,NA,1,52,51,1016,16
2,I;J;K;H,I,1,15,4,FALSE,NA,1,52,51,1017,16
2,I;J;K;H,K,1,13,4,FALSE,NA,1,52,51,1018,16
2,I;J;K;H,J,1,16,4,FALSE,NA,1,52,51,1019,16
1,I;J;K;H,H,2,18,5,FALSE,NA,1,49,51,1020,16
1,I;J;K;H,K,2,17,5,FALSE,NA,1,49,51,1021,16
1,I;J;K;H,J,2,19,5,FALSE,NA,1,49,51,1022,16
1,I;J;K;H,I,2,20,5,FALSE,NA,1,49,51,1023,16
1,I;J;K;H,I,2,24,6,FALSE,NA,1,51,49,1024,16
1,I;J;K;H,J,2,25,7,FALSE,NA,1,49,51,1025,16
1,I;J;K;H,K,2,23,6,FALSE,NA,1,51,49,1026,16
1,I;J;K;H,J,2,21,6,FALSE,NA,1,51,49,1027,16
1,I;J;K;H,H,2,22,6,FALSE,NA,1,51,49,1028,16
1,I;J;K;H,J,2,30,8,FALSE,NA,1,51,49,1029,16
1,I;J;K;H,K,2,26,7,FALSE,NA,1,49,51,1030,16
1,I;J;K;H,H,2,27,7,FALSE,NA,1,49,51,1031,16
1,I;J;K;H,I,2,28,7,FALSE,NA,1,49,51,1032,16
1,I;J;K;H,K,2,29,8,FALSE,NA,1,51,49,1033,16
1,I;J;K;H,I,2,31,8,FALSE,NA,1,51,49,1034,16
1,I;J;K;H,H,2,32,8,FALSE,NA,1,51,49,1035,16
2,I;J;K;H,K,2,18,5,FALSE,NA,1,50,52,1036,16
2,I;J;K;H,I,2,17,5,FALSE,NA,1,50,52,1037,16
2,I;J;K;H,H,2,19,5,FALSE,NA,1,50,52,1038,16
2,I;J;K;H,J,2,20,5,FALSE,NA,1,50,52,1039,16
2,I;J;K;H,K,2,21,6,FALSE,NA,1,52,50,1040,16
2,I;J;K;H,J,2,22,6,FALSE,NA,1,52,50,1041,16
2,I;J;K;H,H,2,24,6,FALSE,NA,1,52,50,1042,16
2,I;J;K;H,K,2,26,7,FALSE,NA,1,50,52,1043,16
2,I;J;K;H,I,2,23,6,FALSE,NA,1,52,50,1044,16
2,I;J;K;H,I,2,25,7,FALSE,NA,1,50,52,1045,16
2,I;J;K;H,I,2,29,8,FALSE,NA,1,52,50,1046,16
2,I;J;K;H,K,2,30,8,FALSE,NA,1,52,50,1047,16
2,I;J;K;H,J,2,28,7,FALSE,NA,1,50,52,1048,16
2,I;J;K;H,J,2,31,8,FALSE,NA,1,52,50,1049,16
2,I;J;K;H,H,2,27,7,FALSE,NA,1,50,52,1050,16
2,I;J;K;H,H,2,32,8,FALSE,NA,1,52,50,1051,16
1,I;J;K;H,J,3,35,9,FALSE,NA,1,52,49,1052,16
1,I;J;K;H,H,3,36,9,FALSE,NA,1,52,49,1053,16
1,I;J;K;H,I,3,33,9,FALSE,NA,1,52,49,1054,16
1,I;J;K;H,K,3,34,9,FALSE,NA,1,52,49,1055,16
1,I;J;K;H,J,3,37,10,FALSE,NA,1,49,52,1056,16
1,I;J;K;H,K,3,41,11,FALSE,NA,1,52,49,1057,16
1,I;J;K;H,K,3,38,10,FALSE,NA,1,49,52,1058,16
1,I;J;K;H,H,3,39,10,FALSE,NA,1,49,52,1059,16
1,I;J;K;H,I,3,40,10,FALSE,NA,1,49,52,1060,16
1,I;J;K;H,I,3,42,11,FALSE,NA,1,52,49,1061,16
1,I;J;K;H,H,3,43,11,FALSE,NA,1,52,49,1062,16
1,I;J;K;H,J,3,44,11,FALSE,NA,1,52,49,1063,16
1,I;J;K;H,I,3,45,12,FALSE,NA,1,49,52,1064,16
1,I;J;K;H,H,3,46,12,FALSE,NA,1,49,52,1065,16
1,I;J;K;H,J,3,47,12,FALSE,NA,1,49,52,1066,16
1,I;J;K;H,K,3,48,12,FALSE,NA,1,49,52,1067,16
2,I;J;K;H,K,3,33,9,FALSE,NA,1,50,51,1068,16
2,I;J;K;H,I,3,34,9,FALSE,NA,1,50,51,1069,16
2,I;J;K;H,J,3,35,9,FALSE,NA,1,50,51,1070,16
2,I;J;K;H,H,3,36,9,FALSE,NA,1,50,51,1071,16
2,I;J;K;H,I,3,37,10,FALSE,NA,1,51,50,1072,16
2,I;J;K;H,K,3,38,10,FALSE,NA,1,51,50,1073,16
2,I;J;K;H,K,3,42,11,FALSE,NA,1,50,51,1074,16
2,I;J;K;H,H,3,39,10,FALSE,NA,1,51,50,1075,16
2,I;J;K;H,J,3,40,10,FALSE,NA,1,51,50,1076,16
2,I;J;K;H,I,3,41,11,FALSE,NA,1,50,51,1077,16
2,I;J;K;H,K,3,47,12,FALSE,NA,1,51,50,1078,16
2,I;J;K;H,H,3,43,11,FALSE,NA,1,50,51,1079,16
2,I;J;K;H,J,3,44,11,FALSE,NA,1,50,51,1080,16
2,I;J;K;H,H,3,45,12,FALSE,NA,1,51,50,1081,16
2,I;J;K;H,I,3,46,12,FALSE,NA,1,51,50,1082,16
2,I;J;K;H,J,3,48,12,FALSE,NA,1,51,50,1083,16
1,I;J;K;H,K,1,1,1,FALSE,NA,1,54,53,1084,17
1,I;J;K;H,H,1,2,1,FALSE,NA,1,54,53,1085,17
1,I;J;K;H,I,1,3,1,FALSE,NA,1,54,53,1086,17
1,I;J;K;H,J,1,4,1,FALSE,NA,1,54,53,1087,17
1,I;J;K;H,K,1,5,2,FALSE,NA,1,53,54,1088,17
1,I;J;K;H,H,1,6,2,FALSE,NA,1,53,54,1089,17
1,I;J;K;H,J,1,7,2,FALSE,NA,1,53,54,1090,17
1,I;J;K;H,I,1,8,2,FALSE,NA,1,53,54,1091,17
1,I;J;K;H,K,1,10,3,FALSE,NA,1,54,53,1092,17
1,I;J;K;H,J,1,9,3,FALSE,NA,1,54,53,1093,17
1,I;J;K;H,I,1,11,3,FALSE,NA,1,54,53,1094,17
1,I;J;K;H,H,1,12,3,FALSE,NA,1,54,53,1095,17
1,I;J;K;H,J,1,13,4,FALSE,NA,1,53,54,1096,17
1,I;J;K;H,I,1,14,4,FALSE,NA,1,53,54,1097,17
1,I;J;K;H,H,1,16,4,FALSE,NA,1,53,54,1098,17
1,I;J;K;H,K,1,15,4,FALSE,NA,1,53,54,1099,17
2,I;J;K;H,I,1,1,1,FALSE,NA,1,55,56,1100,17
2,I;J;K;H,H,1,2,1,FALSE,NA,1,55,56,1101,17
2,I;J;K;H,K,1,3,1,FALSE,NA,1,55,56,1102,17
2,I;J;K;H,J,1,4,1,FALSE,NA,1,55,56,1103,17
2,I;J;K;H,I,1,5,2,FALSE,NA,1,56,55,1104,17
2,I;J;K;H,J,1,6,2,FALSE,NA,1,56,55,1105,17
2,I;J;K;H,H,1,7,2,FALSE,NA,1,56,55,1106,17
2,I;J;K;H,K,1,8,2,FALSE,NA,1,56,55,1107,17
2,I;J;K;H,J,1,9,3,FALSE,NA,1,55,56,1108,17
2,I;J;K;H,I,1,12,3,FALSE,NA,1,55,56,1109,17
2,I;J;K;H,K,1,10,3,FALSE,NA,1,55,56,1110,17
2,I;J;K;H,H,1,11,3,FALSE,NA,1,55,56,1111,17
2,I;J;K;H,J,1,13,4,FALSE,NA,1,56,55,1112,17
2,I;J;K;H,K,1,14,4,FALSE,NA,1,56,55,1113,17
2,I;J;K;H,I,1,16,4,FALSE,NA,1,56,55,1114,17
2,I;J;K;H,H,1,15,4,FALSE,NA,1,56,55,1115,17
1,I;J;K;H,H,2,17,5,FALSE,NA,1,55,53,1116,17
1,I;J;K;H,K,2,18,5,FALSE,NA,1,55,53,1117,17
1,I;J;K;H,I,2,19,5,FALSE,NA,1,55,53,1118,17
1,I;J;K;H,H,2,24,6,FALSE,NA,1,53,55,1119,17
1,I;J;K;H,J,2,20,5,FALSE,NA,1,55,53,1120,17
1,I;J;K;H,J,2,22,6,FALSE,NA,1,53,55,1121,17
1,I;J;K;H,I,2,23,6,FALSE,NA,1,53,55,1122,17
1,I;J;K;H,K,2,21,6,FALSE,NA,1,53,55,1123,17
1,I;J;K;H,K,2,25,7,FALSE,NA,1,55,53,1124,17
1,I;J;K;H,H,2,27,7,FALSE,NA,1,55,53,1125,17
1,I;J;K;H,J,2,28,7,FALSE,NA,1,55,53,1126,17
1,I;J;K;H,K,2,30,8,FALSE,NA,1,53,55,1127,17
1,I;J;K;H,I,2,26,7,FALSE,NA,1,55,53,1128,17
1,I;J;K;H,H,2,29,8,FALSE,NA,1,53,55,1129,17
1,I;J;K;H,I,2,31,8,FALSE,NA,1,53,55,1130,17
1,I;J;K;H,J,2,32,8,FALSE,NA,1,53,55,1131,17
2,I;J;K;H,H,2,17,5,FALSE,NA,1,54,56,1132,17
2,I;J;K;H,K,2,18,5,FALSE,NA,1,54,56,1133,17
2,I;J;K;H,I,2,21,6,FALSE,NA,1,56,54,1134,17
2,I;J;K;H,H,2,22,6,FALSE,NA,1,56,54,1135,17
2,I;J;K;H,J,2,23,6,FALSE,NA,1,56,54,1136,17
2,I;J;K;H,I,2,19,5,FALSE,NA,1,54,56,1137,17
2,I;J;K;H,J,2,20,5,FALSE,NA,1,54,56,1138,17
2,I;J;K;H,K,2,24,6,FALSE,NA,1,56,54,1139,17
2,I;J;K;H,H,2,29,8,FALSE,NA,1,56,56,1140,17
2,I;J;K;H,J,2,31,8,FALSE,NA,1,56,56,1141,17
2,I;J;K;H,H,2,27,7,FALSE,NA,1,54,56,1142,17
2,I;J;K;H,K,2,28,7,FALSE,NA,1,54,56,1143,17
2,I;J;K;H,J,2,25,7,FALSE,NA,1,54,56,1144,17
2,I;J;K;H,I,2,26,7,FALSE,NA,1,54,56,1145,17
2,I;J;K;H,K,2,30,8,FALSE,NA,1,56,56,1146,17
2,I;J;K;H,I,2,32,8,FALSE,NA,1,56,56,1147,17
1,I;J;K;H,K,3,33,9,FALSE,NA,1,56,53,1148,17
1,I;J;K;H,I,3,34,9,FALSE,NA,1,56,53,1149,17
1,I;J;K;H,H,3,35,9,FALSE,NA,1,56,53,1150,17
1,I;J;K;H,H,3,38,10,FALSE,NA,1,53,56,1151,17
1,I;J;K;H,I,3,39,10,FALSE,NA,1,53,56,1152,17
1,I;J;K;H,J,3,36,9,FALSE,NA,1,56,53,1153,17
1,I;J;K;H,J,3,40,10,FALSE,NA,1,53,56,1154,17
1,I;J;K;H,K,3,37,10,FALSE,NA,1,53,56,1155,17
1,I;J;K;H,H,3,41,11,FALSE,NA,1,56,53,1156,17
1,I;J;K;H,K,3,42,11,FALSE,NA,1,56,53,1157,17
1,I;J;K;H,J,3,43,11,FALSE,NA,1,56,53,1158,17
1,I;J;K;H,I,3,44,11,FALSE,NA,1,56,53,1159,17
1,I;J;K;H,J,3,45,12,FALSE,NA,1,53,56,1160,17
1,I;J;K;H,K,3,46,12,FALSE,NA,1,53,56,1161,17
1,I;J;K;H,H,3,47,12,FALSE,NA,1,53,56,1162,17
1,I;J;K;H,I,3,48,12,FALSE,NA,1,53,56,1163,17
2,I;J;K;H,I,3,33,9,FALSE,NA,1,55,54,1164,17
2,I;J;K;H,H,3,34,9,FALSE,NA,1,55,54,1165,17
2,I;J;K;H,J,3,35,9,FALSE,NA,1,55,54,1166,17
2,I;J;K;H,K,3,39,10,FALSE,NA,1,54,55,1167,17
2,I;J;K;H,J,3,40,10,FALSE,NA,1,54,55,1168,17
2,I;J;K;H,K,3,36,9,FALSE,NA,1,55,54,1169,17
2,I;J;K;H,H,3,38,10,FALSE,NA,1,54,55,1170,17
2,I;J;K;H,I,3,37,10,FALSE,NA,1,54,55,1171,17
2,I;J;K;H,I,3,42,11,FALSE,NA,1,55,54,1172,17
2,I;J;K;H,H,3,43,11,FALSE,NA,1,55,54,1173,17
2,I;J;K;H,K,3,41,11,FALSE,NA,1,55,54,1174,17
2,I;J;K;H,H,3,45,12,FALSE,NA,1,54,55,1175,17
2,I;J;K;H,I,3,47,12,FALSE,NA,1,54,55,1176,17
2,I;J;K;H,J,3,44,11,FALSE,NA,1,55,54,1177,17
2,I;J;K;H,K,3,46,12,FALSE,NA,1,54,55,1178,17
2,I;J;K;H,J,3,48,12,FALSE,NA,1,54,55,1179,17
1,I;J;K;H,H,1,1,1,FALSE,NA,1,57,58,1180,18
1,I;J;K;H,K,1,2,1,FALSE,NA,1,57,58,1181,18
1,I;J;K;H,J,1,3,1,FALSE,NA,1,57,58,1182,18
1,I;J;K;H,I,1,4,1,FALSE,NA,1,57,58,1183,18
1,I;J;K;H,H,1,5,2,FALSE,NA,1,58,57,1184,18
1,I;J;K;H,I,1,6,2,FALSE,NA,1,58,57,1185,18
1,I;J;K;H,K,1,7,2,FALSE,NA,1,58,57,1186,18
1,I;J;K;H,J,1,8,2,FALSE,NA,1,58,57,1187,18
1,I;J;K;H,J,1,10,3,FALSE,NA,1,57,58,1188,18
1,I;J;K;H,I,1,9,3,FALSE,NA,1,57,58,1189,18
1,I;J;K;H,K,1,12,3,FALSE,NA,1,57,58,1190,18
1,I;J;K;H,H,1,11,3,FALSE,NA,1,57,58,1191,18
1,I;J;K;H,I,1,13,4,FALSE,NA,1,58,57,1192,18
1,I;J;K;H,H,1,14,4,FALSE,NA,1,58,57,1193,18
1,I;J;K;H,J,1,15,4,FALSE,NA,1,58,57,1194,18
1,I;J;K;H,K,1,16,4,FALSE,NA,1,58,57,1195,18
2,I;J;K;H,I,1,1,1,FALSE,NA,1,59,60,1196,18
2,I;J;K;H,H,1,2,1,FALSE,NA,1,59,60,1197,18
2,I;J;K;H,K,1,3,1,FALSE,NA,1,59,60,1198,18
2,I;J;K;H,J,1,4,1,FALSE,NA,1,59,60,1199,18
2,I;J;K;H,H,1,5,2,FALSE,NA,1,60,59,1200,18
2,I;J;K;H,K,1,6,2,FALSE,NA,1,60,59,1201,18
2,I;J;K;H,J,1,7,2,FALSE,NA,1,60,59,1202,18
2,I;J;K;H,I,1,8,2,FALSE,NA,1,60,59,1203,18
2,I;J;K;H,J,1,9,3,FALSE,NA,1,59,60,1204,18
2,I;J;K;H,K,1,10,3,FALSE,NA,1,59,60,1205,18
2,I;J;K;H,I,1,11,3,FALSE,NA,1,59,60,1206,18
2,I;J;K;H,I,1,13,4,FALSE,NA,1,60,59,1207,18
2,I;J;K;H,H,1,12,3,FALSE,NA,1,59,60,1208,18
2,I;J;K;H,J,1,14,4,FALSE,NA,1,60,59,1209,18
2,I;J;K;H,K,1,15,4,FALSE,NA,1,60,59,1210,18
2,I;J;K;H,H,1,16,4,FALSE,NA,1,60,59,1211,18
1,I;J;K;H,H,2,17,5,FALSE,NA,1,59,57,1212,18
1,I;J;K;H,I,2,19,5,FALSE,NA,1,59,57,1213,18
1,I;J;K;H,J,2,18,5,FALSE,NA,1,59,57,1214,18
1,I;J;K;H,K,2,20,5,FALSE,NA,1,59,57,1215,18
1,I;J;K;H,J,2,21,6,FALSE,NA,1,57,59,1216,18
1,I;J;K;H,H,2,22,6,FALSE,NA,1,57,59,1217,18
1,I;J;K;H,K,2,24,6,FALSE,NA,1,57,59,1218,18
1,I;J;K;H,J,2,25,7,FALSE,NA,1,59,57,1219,18
1,I;J;K;H,I,2,26,7,FALSE,NA,1,59,57,1220,18
1,I;J;K;H,H,2,27,7,FALSE,NA,1,59,57,1221,18
1,I;J;K;H,I,2,29,8,FALSE,NA,1,57,59,1222,18
1,I;J;K;H,I,2,23,6,FALSE,NA,1,57,59,1223,18
1,I;J;K;H,K,2,31,8,FALSE,NA,1,57,59,1224,18
1,I;J;K;H,K,2,28,7,FALSE,NA,1,59,57,1225,18
1,I;J;K;H,J,2,30,8,FALSE,NA,1,57,59,1226,18
1,I;J;K;H,H,2,32,8,FALSE,NA,1,57,59,1227,18
2,I;J;K;H,J,2,17,5,FALSE,NA,1,58,60,1228,18
2,I;J;K;H,I,2,18,5,FALSE,NA,1,58,60,1229,18
2,I;J;K;H,K,2,20,5,FALSE,NA,1,58,60,1230,18
2,I;J;K;H,H,2,19,5,FALSE,NA,1,58,60,1231,18
2,I;J;K;H,H,2,23,6,FALSE,NA,1,60,58,1232,18
2,I;J;K;H,I,2,24,6,FALSE,NA,1,60,58,1233,18
2,I;J;K;H,J,2,21,6,FALSE,NA,1,60,58,1234,18
2,I;J;K;H,K,2,22,6,FALSE,NA,1,60,58,1235,18
2,I;J;K;H,K,2,26,7,FALSE,NA,1,58,60,1236,18
2,I;J;K;H,I,2,28,7,FALSE,NA,1,58,60,1237,18
2,I;J;K;H,I,2,32,8,FALSE,NA,1,60,58,1238,18
2,I;J;K;H,H,2,25,7,FALSE,NA,1,58,60,1239,18
2,I;J;K;H,J,2,30,8,FALSE,NA,1,60,58,1240,18
2,I;J;K;H,J,2,27,7,FALSE,NA,1,58,60,1241,18
2,I;J;K;H,H,2,29,8,FALSE,NA,1,60,58,1242,18
2,I;J;K;H,K,2,31,8,FALSE,NA,1,60,58,1243,18
1,I;J;K;H,J,3,33,9,FALSE,NA,1,57,60,1244,18
1,I;J;K;H,I,3,34,9,FALSE,NA,1,57,60,1245,18
1,I;J;K;H,K,3,35,9,FALSE,NA,1,57,60,1246,18
1,I;J;K;H,H,3,36,9,FALSE,NA,1,57,60,1247,18
1,I;J;K;H,I,3,37,10,FALSE,NA,1,60,57,1248,18
1,I;J;K;H,K,3,38,10,FALSE,NA,1,60,57,1249,18
1,I;J;K;H,I,3,43,11,FALSE,NA,1,57,60,1250,18
1,I;J;K;H,H,3,41,11,FALSE,NA,1,57,60,1251,18
1,I;J;K;H,J,3,42,11,FALSE,NA,1,57,60,1252,18
1,I;J;K;H,J,3,40,10,FALSE,NA,1,60,57,1253,18
1,I;J;K;H,K,3,44,11,FALSE,NA,1,57,60,1254,18
1,I;J;K;H,I,3,46,12,FALSE,NA,1,60,57,1255,18
1,I;J;K;H,K,3,47,12,FALSE,NA,1,60,57,1256,18
1,I;J;K;H,H,3,39,10,FALSE,NA,1,60,57,1257,18
1,I;J;K;H,H,3,45,12,FALSE,NA,1,60,57,1258,18
1,I;J;K;H,J,3,48,12,FALSE,NA,1,60,57,1259,18
2,I;J;K;H,I,3,33,9,FALSE,NA,1,58,59,1260,18
2,I;J;K;H,K,3,35,9,FALSE,NA,1,58,59,1261,18
2,I;J;K;H,H,3,34,9,FALSE,NA,1,58,59,1262,18
2,I;J;K;H,J,3,36,9,FALSE,NA,1,58,59,1263,18
2,I;J;K;H,I,3,37,10,FALSE,NA,1,59,58,1264,18
2,I;J;K;H,K,3,38,10,FALSE,NA,1,59,58,1265,18
2,I;J;K;H,H,3,39,10,FALSE,NA,1,59,58,1266,18
2,I;J;K;H,I,3,43,11,FALSE,NA,1,58,59,1267,18
2,I;J;K;H,J,3,48,12,FALSE,NA,1,59,58,1268,18
2,I;J;K;H,K,3,41,11,FALSE,NA,1,58,59,1269,18
2,I;J;K;H,K,3,47,12,FALSE,NA,1,59,58,1270,18
2,I;J;K;H,J,3,40,10,FALSE,NA,1,59,58,1271,18
2,I;J;K;H,H,3,42,11,FALSE,NA,1,58,59,1272,18
2,I;J;K;H,I,3,46,12,FALSE,NA,1,59,58,1273,18
2,I;J;K;H,J,3,44,11,FALSE,NA,1,58,59,1274,18
2,I;J;K;H,H,3,45,12,FALSE,NA,1,59,58,1275,18
1,A;B;C;D,B,1,1,1,FALSE,NA,1,61,62,1276,19
1,A;B;C;D,C,1,2,1,FALSE,NA,1,61,62,1277,19
1,A;B;C;D,D,1,3,1,FALSE,NA,1,61,62,1278,19
1,A;B;C;D,A,1,4,1,FALSE,NA,1,61,62,1279,19
1,A;B;C;D,B,1,5,2,FALSE,NA,1,62,61,1280,19
1,A;B;C;D,D,1,7,2,FALSE,NA,1,62,61,1281,19
1,A;B;C;D,C,1,8,2,FALSE,NA,1,62,61,1282,19
1,A;B;C;D,A,1,6,2,FALSE,NA,1,62,61,1283,19
1,A;B;C;D,B,1,9,3,FALSE,NA,1,61,62,1284,19
1,A;B;C;D,D,1,12,3,FALSE,NA,1,61,62,1285,19
1,A;B;C;D,A,1,11,3,FALSE,NA,1,61,62,1286,19
1,A;B;C;D,C,1,10,3,FALSE,NA,1,61,62,1287,19
1,A;B;C;D,A,1,13,4,FALSE,NA,1,62,61,1288,19
1,A;B;C;D,C,1,16,4,FALSE,NA,1,62,61,1289,19
1,A;B;C;D,D,1,14,4,FALSE,NA,1,62,61,1290,19
1,A;B;C;D,B,1,15,4,FALSE,NA,1,62,61,1291,19
2,A;B;C;D,A,1,1,1,FALSE,NA,1,63,64,1292,19
2,A;B;C;D,B,1,2,1,FALSE,NA,1,63,64,1293,19
2,A;B;C;D,D,1,3,1,FALSE,NA,1,63,64,1294,19
2,A;B;C;D,C,1,4,1,FALSE,NA,1,63,64,1295,19
2,A;B;C;D,D,1,5,2,FALSE,NA,1,64,63,1296,19
2,A;B;C;D,B,1,6,2,FALSE,NA,1,64,63,1297,19
2,A;B;C;D,A,1,9,3,FALSE,NA,1,63,64,1298,19
2,A;B;C;D,A,1,7,2,FALSE,NA,1,64,63,1299,19
2,A;B;C;D,C,1,8,2,FALSE,NA,1,64,63,1300,19
2,A;B;C;D,D,1,10,3,FALSE,NA,1,63,64,1301,19
2,A;B;C;D,B,1,11,3,FALSE,NA,1,63,64,1302,19
2,A;B;C;D,C,1,12,3,FALSE,NA,1,63,64,1303,19
2,A;B;C;D,D,1,13,4,FALSE,NA,1,64,63,1304,19
2,A;B;C;D,B,1,15,4,FALSE,NA,1,64,63,1305,19
2,A;B;C;D,C,1,14,4,FALSE,NA,1,64,63,1306,19
2,A;B;C;D,A,1,16,4,FALSE,NA,1,64,63,1307,19
1,A;B;C;D,A,2,18,5,FALSE,NA,1,63,62,1308,19
1,A;B;C;D,B,2,17,5,FALSE,NA,1,63,62,1309,19
1,A;B;C;D,D,2,19,5,FALSE,NA,1,63,62,1310,19
1,A;B;C;D,C,2,20,5,FALSE,NA,1,63,62,1311,19
1,A;B;C;D,D,2,21,6,FALSE,NA,1,62,63,1312,19
1,A;B;C;D,C,2,22,6,FALSE,NA,1,62,63,1313,19
1,A;B;C;D,A,2,23,6,FALSE,NA,1,62,63,1314,19
1,A;B;C;D,C,2,25,7,FALSE,NA,1,63,62,1315,19
1,A;B;C;D,B,2,24,6,FALSE,NA,1,62,63,1316,19
1,A;B;C;D,B,2,26,7,FALSE,NA,1,63,62,1317,19
1,A;B;C;D,A,2,27,7,FALSE,NA,1,63,62,1318,19
1,A;B;C;D,D,2,28,7,FALSE,NA,1,63,62,1319,19
1,A;B;C;D,B,2,29,8,FALSE,NA,1,62,63,1320,19
1,A;B;C;D,D,2,30,8,FALSE,NA,1,62,63,1321,19
1,A;B;C;D,C,2,31,8,FALSE,NA,1,62,63,1322,19
1,A;B;C;D,A,2,32,8,FALSE,NA,1,62,63,1323,19
2,A;B;C;D,D,2,17,5,FALSE,NA,1,61,64,1324,19
2,A;B;C;D,A,2,19,5,FALSE,NA,1,61,64,1325,19
2,A;B;C;D,C,2,18,5,FALSE,NA,1,61,64,1326,19
2,A;B;C;D,C,2,21,6,FALSE,NA,1,64,61,1327,19
2,A;B;C;D,B,2,20,5,FALSE,NA,1,61,64,1328,19
2,A;B;C;D,D,2,23,6,FALSE,NA,1,64,61,1329,19
2,A;B;C;D,A,2,22,6,FALSE,NA,1,64,61,1330,19
2,A;B;C;D,B,2,24,6,FALSE,NA,1,64,61,1331,19
2,A;B;C;D,C,2,27,7,FALSE,NA,1,61,64,1332,19
2,A;B;C;D,B,2,28,7,FALSE,NA,1,61,64,1333,19
2,A;B;C;D,A,2,26,7,FALSE,NA,1,61,64,1334,19
2,A;B;C;D,D,2,29,8,FALSE,NA,1,64,61,1335,19
2,A;B;C;D,B,2,31,8,FALSE,NA,1,64,61,1336,19
2,A;B;C;D,D,2,25,7,FALSE,NA,1,61,64,1337,19
2,A;B;C;D,C,2,30,8,FALSE,NA,1,64,61,1338,19
2,A;B;C;D,A,2,32,8,FALSE,NA,1,64,61,1339,19
1,A;B;C;D,D,3,34,9,FALSE,NA,1,62,64,1340,19
1,A;B;C;D,C,3,33,9,FALSE,NA,1,62,64,1341,19
1,A;B;C;D,A,3,35,9,FALSE,NA,1,62,64,1342,19
1,A;B;C;D,B,3,36,9,FALSE,NA,1,62,64,1343,19
1,A;B;C;D,B,3,39,10,FALSE,NA,1,64,62,1344,19
1,A;B;C;D,D,3,38,10,FALSE,NA,1,64,62,1345,19
1,A;B;C;D,C,3,40,10,FALSE,NA,1,64,62,1346,19
1,A;B;C;D,A,3,37,10,FALSE,NA,1,64,62,1347,19
1,A;B;C;D,B,3,41,11,FALSE,NA,1,62,64,1348,19
1,A;B;C;D,D,3,43,11,FALSE,NA,1,62,64,1349,19
1,A;B;C;D,A,3,44,11,FALSE,NA,1,62,64,1350,19
1,A;B;C;D,D,3,45,12,FALSE,NA,1,64,62,1351,19
1,A;B;C;D,C,3,47,12,FALSE,NA,1,64,62,1352,19
1,A;B;C;D,C,3,42,11,FALSE,NA,1,62,64,1353,19
1,A;B;C;D,A,3,46,12,FALSE,NA,1,64,62,1354,19
1,A;B;C;D,B,3,48,12,FALSE,NA,1,64,62,1355,19
2,A;B;C;D,C,3,33,9,FALSE,NA,1,61,61,1356,19
2,A;B;C;D,B,3,34,9,FALSE,NA,1,61,61,1357,19
2,A;B;C;D,D,3,35,9,FALSE,NA,1,61,61,1358,19
2,A;B;C;D,A,3,41,11,FALSE,NA,1,61,61,1359,19
2,A;B;C;D,A,3,36,9,FALSE,NA,1,61,61,1360,19
2,A;B;C;D,C,3,37,10,FALSE,NA,1,63,61,1361,19
2,A;B;C;D,A,3,39,10,FALSE,NA,1,63,61,1362,19
2,A;B;C;D,B,3,38,10,FALSE,NA,1,63,61,1363,19
2,A;B;C;D,D,3,40,10,FALSE,NA,1,63,61,1364,19
2,A;B;C;D,C,3,42,11,FALSE,NA,1,61,61,1365,19
2,A;B;C;D,D,3,43,11,FALSE,NA,1,61,61,1366,19
2,A;B;C;D,B,3,44,11,FALSE,NA,1,61,61,1367,19
2,A;B;C;D,B,3,46,12,FALSE,NA,1,63,63,1368,19
2,A;B;C;D,A,3,45,12,FALSE,NA,1,63,63,1369,19
2,A;B;C;D,D,3,47,12,FALSE,NA,1,63,63,1370,19
2,A;B;C;D,C,3,48,12,FALSE,NA,1,63,63,1371,19
1,I;J;K;H,K,1,1,1,TRUE,incomplete game,1,65,66,1372,20
1,I;J;K;H,H,1,2,1,TRUE,incomplete game,1,65,66,1373,20
1,I;J;K;H,J,1,3,1,TRUE,incomplete game,1,65,66,1374,20
1,I;J;K;H,I,1,4,1,TRUE,incomplete game,1,65,66,1375,20
1,I;J;K;H,K,1,6,2,TRUE,incomplete game,1,66,65,1376,20
1,I;J;K;H,J,1,5,2,TRUE,incomplete game,1,66,65,1377,20
1,I;J;K;H,I,1,8,2,TRUE,incomplete game,1,66,65,1378,20
1,I;J;K;H,H,1,7,2,TRUE,incomplete game,1,66,65,1379,20
1,I;J;K;H,H,1,9,3,TRUE,incomplete game,1,65,66,1380,20
2,I;J;K;H,I,1,1,1,TRUE,incomplete game,1,67,68,1381,20
2,I;J;K;H,J,1,2,1,TRUE,incomplete game,1,67,68,1382,20
2,I;J;K;H,H,1,3,1,TRUE,incomplete game,1,67,68,1383,20
2,I;J;K;H,K,1,4,1,TRUE,incomplete game,1,67,68,1384,20
2,I;J;K;H,J,1,5,2,TRUE,incomplete game,1,68,67,1385,20
2,I;J;K;H,H,1,6,2,TRUE,incomplete game,1,68,67,1386,20
2,I;J;K;H,K,1,7,2,TRUE,incomplete game,1,68,67,1387,20
2,I;J;K;H,J,1,10,3,TRUE,incomplete game,1,67,68,1388,20
2,I;J;K;H,I,1,8,2,TRUE,incomplete game,1,68,67,1389,20
2,I;J;K;H,K,1,9,3,TRUE,incomplete game,1,67,68,1390,20
1,E;F;G;L,G,1,1,1,FALSE,NA,1,70,69,1391,21
1,E;F;G;L,E,1,2,1,FALSE,NA,1,70,69,1392,21
1,E;F;G;L,F,1,3,1,FALSE,NA,1,70,69,1393,21
1,E;F;G;L,L,1,4,1,FALSE,NA,1,70,69,1394,21
1,E;F;G;L,G,1,5,2,FALSE,NA,1,69,70,1395,21
1,E;F;G;L,E,1,6,2,FALSE,NA,1,69,70,1396,21
1,E;F;G;L,L,1,7,2,FALSE,NA,1,69,70,1397,21
1,E;F;G;L,F,1,8,2,FALSE,NA,1,69,70,1398,21
1,E;F;G;L,E,1,9,3,FALSE,NA,1,70,69,1399,21
1,E;F;G;L,L,1,10,3,FALSE,NA,1,70,69,1400,21
1,E;F;G;L,G,1,11,3,FALSE,NA,1,70,69,1401,21
1,E;F;G;L,F,1,12,3,FALSE,NA,1,70,69,1402,21
1,E;F;G;L,E,1,13,4,FALSE,NA,1,69,70,1403,21
1,E;F;G;L,G,1,14,4,FALSE,NA,1,69,70,1404,21
1,E;F;G;L,L,1,15,4,FALSE,NA,1,69,70,1405,21
1,E;F;G;L,F,1,16,4,FALSE,NA,1,69,70,1406,21
2,E;F;G;L,L,1,1,1,FALSE,NA,1,71,72,1407,21
2,E;F;G;L,F,1,2,1,FALSE,NA,1,71,72,1408,21
2,E;F;G;L,G,1,3,1,FALSE,NA,1,71,72,1409,21
2,E;F;G;L,E,1,4,1,FALSE,NA,1,71,72,1410,21
2,E;F;G;L,G,1,5,2,FALSE,NA,1,72,71,1411,21
2,E;F;G;L,L,1,6,2,FALSE,NA,1,72,71,1412,21
2,E;F;G;L,E,1,7,2,FALSE,NA,1,72,71,1413,21
2,E;F;G;L,F,1,8,2,FALSE,NA,1,72,71,1414,21
2,E;F;G;L,L,1,9,3,FALSE,NA,1,71,72,1415,21
2,E;F;G;L,E,1,10,3,FALSE,NA,1,71,72,1416,21
2,E;F;G;L,F,1,11,3,FALSE,NA,1,71,72,1417,21
2,E;F;G;L,G,1,12,3,FALSE,NA,1,71,72,1418,21
2,E;F;G;L,E,1,13,4,FALSE,NA,1,72,71,1419,21
2,E;F;G;L,G,1,14,4,FALSE,NA,1,72,71,1420,21
2,E;F;G;L,F,1,15,4,FALSE,NA,1,72,71,1421,21
2,E;F;G;L,L,1,16,4,FALSE,NA,1,72,71,1422,21
1,E;F;G;L,F,2,17,5,FALSE,NA,1,69,72,1423,21
1,E;F;G;L,E,2,18,5,FALSE,NA,1,69,72,1424,21
1,E;F;G;L,L,2,19,5,FALSE,NA,1,69,72,1425,21
1,E;F;G;L,G,2,20,5,FALSE,NA,1,69,72,1426,21
1,E;F;G;L,F,2,21,6,FALSE,NA,1,72,69,1427,21
1,E;F;G;L,E,2,22,6,FALSE,NA,1,72,69,1428,21
1,E;F;G;L,G,2,24,6,FALSE,NA,1,72,69,1429,21
1,E;F;G;L,L,2,23,6,FALSE,NA,1,72,69,1430,21
1,E;F;G;L,F,2,25,7,FALSE,NA,1,69,72,1431,21
1,E;F;G;L,G,2,26,7,FALSE,NA,1,69,72,1432,21
1,E;F;G;L,E,2,27,7,FALSE,NA,1,69,72,1433,21
1,E;F;G;L,L,2,28,7,FALSE,NA,1,69,72,1434,21
1,E;F;G;L,E,2,29,8,FALSE,NA,1,72,69,1435,21
1,E;F;G;L,F,2,30,8,FALSE,NA,1,72,69,1436,21
1,E;F;G;L,L,2,31,8,FALSE,NA,1,72,69,1437,21
1,E;F;G;L,G,2,32,8,FALSE,NA,1,72,69,1438,21
2,E;F;G;L,F,2,17,5,FALSE,NA,1,70,71,1439,21
2,E;F;G;L,E,2,18,5,FALSE,NA,1,70,71,1440,21
2,E;F;G;L,G,2,19,5,FALSE,NA,1,70,71,1441,21
2,E;F;G;L,L,2,22,6,FALSE,NA,1,71,70,1442,21
2,E;F;G;L,L,2,20,5,FALSE,NA,1,70,71,1443,21
2,E;F;G;L,E,2,21,6,FALSE,NA,1,71,70,1444,21
2,E;F;G;L,G,2,23,6,FALSE,NA,1,71,70,1445,21
2,E;F;G;L,F,2,24,6,FALSE,NA,1,71,70,1446,21
2,E;F;G;L,G,2,25,7,FALSE,NA,1,70,71,1447,21
2,E;F;G;L,F,2,26,7,FALSE,NA,1,70,71,1448,21
2,E;F;G;L,E,2,27,7,FALSE,NA,1,70,71,1449,21
2,E;F;G;L,G,2,30,8,FALSE,NA,1,71,70,1450,21
2,E;F;G;L,L,2,28,7,FALSE,NA,1,70,71,1451,21
2,E;F;G;L,F,2,29,8,FALSE,NA,1,71,70,1452,21
2,E;F;G;L,E,2,31,8,FALSE,NA,1,71,70,1453,21
2,E;F;G;L,L,2,32,8,FALSE,NA,1,71,70,1454,21
1,E;F;G;L,L,3,34,9,FALSE,NA,1,71,69,1455,21
1,E;F;G;L,F,3,33,9,FALSE,NA,1,71,69,1456,21
1,E;F;G;L,E,3,35,9,FALSE,NA,1,71,69,1457,21
1,E;F;G;L,L,3,37,10,FALSE,NA,1,69,71,1458,21
1,E;F;G;L,G,3,36,9,FALSE,NA,1,71,69,1459,21
1,E;F;G;L,G,3,38,10,FALSE,NA,1,69,71,1460,21
1,E;F;G;L,E,3,39,10,FALSE,NA,1,69,71,1461,21
1,E;F;G;L,F,3,40,10,FALSE,NA,1,69,71,1462,21
1,E;F;G;L,L,3,42,11,FALSE,NA,1,71,69,1463,21
1,E;F;G;L,F,3,43,11,FALSE,NA,1,71,69,1464,21
1,E;F;G;L,G,3,41,11,FALSE,NA,1,71,69,1465,21
1,E;F;G;L,E,3,44,11,FALSE,NA,1,71,69,1466,21
1,E;F;G;L,F,3,45,12,FALSE,NA,1,69,71,1467,21
1,E;F;G;L,L,3,46,12,FALSE,NA,1,69,71,1468,21
1,E;F;G;L,E,3,47,12,FALSE,NA,1,69,71,1469,21
1,E;F;G;L,G,3,48,12,FALSE,NA,1,69,71,1470,21
2,E;F;G;L,L,3,33,9,FALSE,NA,1,70,72,1471,21
2,E;F;G;L,E,3,34,9,FALSE,NA,1,70,72,1472,21
2,E;F;G;L,G,3,35,9,FALSE,NA,1,70,72,1473,21
2,E;F;G;L,F,3,36,9,FALSE,NA,1,70,72,1474,21
2,E;F;G;L,G,3,38,10,FALSE,NA,1,72,70,1475,21
2,E;F;G;L,F,3,39,10,FALSE,NA,1,72,70,1476,21
2,E;F;G;L,L,3,40,10,FALSE,NA,1,72,70,1477,21
2,E;F;G;L,E,3,37,10,FALSE,NA,1,72,70,1478,21
2,E;F;G;L,F,3,41,11,FALSE,NA,1,70,72,1479,21
2,E;F;G;L,G,3,43,11,FALSE,NA,1,70,72,1480,21
2,E;F;G;L,F,3,45,12,FALSE,NA,1,72,70,1481,21
2,E;F;G;L,G,3,46,12,FALSE,NA,1,72,70,1482,21
2,E;F;G;L,L,3,47,12,FALSE,NA,1,72,70,1483,21
2,E;F;G;L,E,3,48,12,FALSE,NA,1,72,70,1484,21
2,E;F;G;L,L,3,42,11,FALSE,NA,1,70,72,1485,21
2,E;F;G;L,E,3,44,11,FALSE,NA,1,70,72,1486,21
1,A;B;C;D,C,1,1,1,FALSE,NA,1,74,73,1487,22
1,A;B;C;D,B,1,2,1,FALSE,NA,1,74,73,1488,22
1,A;B;C;D,D,1,3,1,FALSE,NA,1,74,73,1489,22
1,A;B;C;D,A,1,4,1,FALSE,NA,1,74,73,1490,22
1,A;B;C;D,C,1,5,2,FALSE,NA,1,73,74,1491,22
1,A;B;C;D,B,1,6,2,FALSE,NA,1,73,74,1492,22
1,A;B;C;D,D,1,7,2,FALSE,NA,1,73,74,1493,22
1,A;B;C;D,A,1,8,2,FALSE,NA,1,73,74,1494,22
1,A;B;C;D,C,1,9,3,FALSE,NA,1,74,73,1495,22
1,A;B;C;D,A,1,10,3,FALSE,NA,1,74,73,1496,22
1,A;B;C;D,B,1,11,3,FALSE,NA,1,74,73,1497,22
1,A;B;C;D,D,1,12,3,FALSE,NA,1,74,73,1498,22
1,A;B;C;D,B,1,13,4,FALSE,NA,1,73,74,1499,22
1,A;B;C;D,C,1,14,4,FALSE,NA,1,73,74,1500,22
1,A;B;C;D,A,1,15,4,FALSE,NA,1,73,74,1501,22
1,A;B;C;D,D,1,16,4,FALSE,NA,1,73,74,1502,22
2,A;B;C;D,A,1,1,1,FALSE,NA,1,75,76,1503,22
2,A;B;C;D,B,1,2,1,FALSE,NA,1,75,76,1504,22
2,A;B;C;D,C,1,3,1,FALSE,NA,1,75,76,1505,22
2,A;B;C;D,D,1,4,1,FALSE,NA,1,75,76,1506,22
2,A;B;C;D,A,1,5,2,FALSE,NA,1,76,75,1507,22
2,A;B;C;D,B,1,6,2,FALSE,NA,1,76,75,1508,22
2,A;B;C;D,C,1,7,2,FALSE,NA,1,76,75,1509,22
2,A;B;C;D,D,1,8,2,FALSE,NA,1,76,75,1510,22
2,A;B;C;D,C,1,9,3,FALSE,NA,1,75,76,1511,22
2,A;B;C;D,A,1,10,3,FALSE,NA,1,75,76,1512,22
2,A;B;C;D,B,1,11,3,FALSE,NA,1,75,76,1513,22
2,A;B;C;D,D,1,12,3,FALSE,NA,1,75,76,1514,22
2,A;B;C;D,C,1,13,4,FALSE,NA,1,76,75,1515,22
2,A;B;C;D,D,1,14,4,FALSE,NA,1,76,75,1516,22
2,A;B;C;D,A,1,15,4,FALSE,NA,1,76,75,1517,22
2,A;B;C;D,B,1,16,4,FALSE,NA,1,76,75,1518,22
1,A;B;C;D,C,2,17,5,FALSE,NA,1,75,73,1519,22
1,A;B;C;D,B,2,18,5,FALSE,NA,1,75,73,1520,22
1,A;B;C;D,D,2,19,5,FALSE,NA,1,75,73,1521,22
1,A;B;C;D,C,2,21,6,FALSE,NA,1,73,75,1522,22
1,A;B;C;D,D,2,23,6,FALSE,NA,1,73,75,1523,22
1,A;B;C;D,A,2,20,5,FALSE,NA,1,75,73,1524,22
1,A;B;C;D,B,2,22,6,FALSE,NA,1,73,75,1525,22
1,A;B;C;D,A,2,24,6,FALSE,NA,1,73,75,1526,22
1,A;B;C;D,D,2,25,7,FALSE,NA,1,75,73,1527,22
1,A;B;C;D,B,2,26,7,FALSE,NA,1,75,73,1528,22
1,A;B;C;D,A,2,27,7,FALSE,NA,1,75,73,1529,22
1,A;B;C;D,C,2,28,7,FALSE,NA,1,75,73,1530,22
1,A;B;C;D,B,2,29,8,FALSE,NA,1,73,75,1531,22
1,A;B;C;D,C,2,30,8,FALSE,NA,1,73,75,1532,22
1,A;B;C;D,D,2,31,8,FALSE,NA,1,73,75,1533,22
1,A;B;C;D,A,2,32,8,FALSE,NA,1,73,75,1534,22
2,A;B;C;D,B,2,17,5,FALSE,NA,1,74,76,1535,22
2,A;B;C;D,D,2,18,5,FALSE,NA,1,74,76,1536,22
2,A;B;C;D,B,2,21,6,FALSE,NA,1,76,74,1537,22
2,A;B;C;D,C,2,22,6,FALSE,NA,1,76,74,1538,22
2,A;B;C;D,C,2,19,5,FALSE,NA,1,74,76,1539,22
2,A;B;C;D,A,2,20,5,FALSE,NA,1,74,76,1540,22
2,A;B;C;D,D,2,24,6,FALSE,NA,1,76,74,1541,22
2,A;B;C;D,A,2,23,6,FALSE,NA,1,76,74,1542,22
2,A;B;C;D,B,2,25,7,FALSE,NA,1,74,76,1543,22
2,A;B;C;D,C,2,27,7,FALSE,NA,1,74,76,1544,22
2,A;B;C;D,B,2,29,8,FALSE,NA,1,76,74,1545,22
2,A;B;C;D,A,2,30,8,FALSE,NA,1,76,74,1546,22
2,A;B;C;D,C,2,31,8,FALSE,NA,1,76,74,1547,22
2,A;B;C;D,D,2,32,8,FALSE,NA,1,76,74,1548,22
2,A;B;C;D,A,2,26,7,FALSE,NA,1,74,76,1549,22
2,A;B;C;D,D,2,28,7,FALSE,NA,1,74,76,1550,22
1,A;B;C;D,C,3,33,9,FALSE,NA,1,73,76,1551,22
1,A;B;C;D,D,3,35,9,FALSE,NA,1,73,76,1552,22
1,A;B;C;D,B,3,38,10,FALSE,NA,1,76,73,1553,22
1,A;B;C;D,A,3,34,9,FALSE,NA,1,73,76,1554,22
1,A;B;C;D,B,3,36,9,FALSE,NA,1,73,76,1555,22
1,A;B;C;D,C,3,37,10,FALSE,NA,1,76,73,1556,22
1,A;B;C;D,D,3,39,10,FALSE,NA,1,76,73,1557,22
1,A;B;C;D,A,3,40,10,FALSE,NA,1,76,73,1558,22
1,A;B;C;D,C,3,41,11,FALSE,NA,1,73,76,1559,22
1,A;B;C;D,B,3,43,11,FALSE,NA,1,73,76,1560,22
1,A;B;C;D,B,3,45,12,FALSE,NA,1,76,73,1561,22
1,A;B;C;D,C,3,47,12,FALSE,NA,1,76,73,1562,22
1,A;B;C;D,D,3,42,11,FALSE,NA,1,73,76,1563,22
1,A;B;C;D,A,3,44,11,FALSE,NA,1,73,76,1564,22
1,A;B;C;D,D,3,46,12,FALSE,NA,1,76,73,1565,22
1,A;B;C;D,A,3,48,12,FALSE,NA,1,76,73,1566,22
2,A;B;C;D,B,3,33,9,FALSE,NA,1,74,75,1567,22
2,A;B;C;D,C,3,34,9,FALSE,NA,1,74,75,1568,22
2,A;B;C;D,D,3,35,9,FALSE,NA,1,74,75,1569,22
2,A;B;C;D,A,3,36,9,FALSE,NA,1,74,75,1570,22
2,A;B;C;D,B,3,37,10,FALSE,NA,1,75,74,1571,22
2,A;B;C;D,A,3,38,10,FALSE,NA,1,75,74,1572,22
2,A;B;C;D,D,3,39,10,FALSE,NA,1,75,74,1573,22
2,A;B;C;D,C,3,40,10,FALSE,NA,1,75,74,1574,22
2,A;B;C;D,A,3,42,11,FALSE,NA,1,74,75,1575,22
2,A;B;C;D,D,3,45,12,FALSE,NA,1,75,74,1576,22
2,A;B;C;D,B,3,41,11,FALSE,NA,1,74,75,1577,22
2,A;B;C;D,D,3,43,11,FALSE,NA,1,74,75,1578,22
2,A;B;C;D,C,3,44,11,FALSE,NA,1,74,75,1579,22
2,A;B;C;D,C,3,46,12,FALSE,NA,1,75,74,1580,22
2,A;B;C;D,B,3,47,12,FALSE,NA,1,75,74,1581,22
2,A;B;C;D,A,3,48,12,FALSE,NA,1,75,74,1582,22
1,A;B;C;D,A,1,1,1,TRUE,incomplete game,1,78,77;112,1583,23
2,A;B;C;D,A,1,1,1,TRUE,incomplete game,1,NA,79,1584,23
1,I;J;K;H,H,1,1,1,FALSE,NA,1,81,80,1585,24
1,I;J;K;H,I,1,2,1,FALSE,NA,1,81,80,1586,24
1,I;J;K;H,J,1,3,1,FALSE,NA,1,81,80,1587,24
1,I;J;K;H,K,1,4,1,FALSE,NA,1,81,80,1588,24
1,I;J;K;H,J,1,5,2,FALSE,NA,1,80,81,1589,24
1,I;J;K;H,I,1,6,2,FALSE,NA,1,80,81,1590,24
1,I;J;K;H,H,1,7,2,FALSE,NA,1,80,81,1591,24
1,I;J;K;H,K,1,8,2,FALSE,NA,1,80,81,1592,24
1,I;J;K;H,H,1,9,3,FALSE,NA,1,81,80,1593,24
1,I;J;K;H,I,1,10,3,FALSE,NA,1,81,80,1594,24
1,I;J;K;H,K,1,11,3,FALSE,NA,1,81,80,1595,24
1,I;J;K;H,J,1,12,3,FALSE,NA,1,81,80,1596,24
1,I;J;K;H,H,1,13,4,FALSE,NA,1,80,81,1597,24
1,I;J;K;H,J,1,14,4,FALSE,NA,1,80,81,1598,24
1,I;J;K;H,I,1,15,4,FALSE,NA,1,80,81,1599,24
1,I;J;K;H,K,1,16,4,FALSE,NA,1,80,81,1600,24
2,I;J;K;H,K,1,1,1,FALSE,NA,1,82,83,1601,24
2,I;J;K;H,J,1,2,1,FALSE,NA,1,82,83,1602,24
2,I;J;K;H,H,1,3,1,FALSE,NA,1,82,83,1603,24
2,I;J;K;H,I,1,4,1,FALSE,NA,1,82,83,1604,24
2,I;J;K;H,H,1,5,2,FALSE,NA,1,83,82,1605,24
2,I;J;K;H,K,1,6,2,FALSE,NA,1,83,82,1606,24
2,I;J;K;H,I,1,7,2,FALSE,NA,1,83,82,1607,24
2,I;J;K;H,H,1,15,4,FALSE,NA,1,83,83,1608,24
2,I;J;K;H,J,1,16,4,FALSE,NA,1,83,83,1609,24
2,I;J;K;H,J,1,8,2,FALSE,NA,1,83,82,1610,24
2,I;J;K;H,K,1,9,3,FALSE,NA,1,82,83,1611,24
2,I;J;K;H,H,1,10,3,FALSE,NA,1,82,83,1612,24
2,I;J;K;H,I,1,11,3,FALSE,NA,1,82,83,1613,24
2,I;J;K;H,J,1,12,3,FALSE,NA,1,82,83,1614,24
2,I;J;K;H,K,1,13,4,FALSE,NA,1,83,83,1615,24
2,I;J;K;H,I,1,14,4,FALSE,NA,1,83,83,1616,24
1,I;J;K;H,I,2,17,5,FALSE,NA,1,82,80,1617,24
1,I;J;K;H,H,2,18,5,FALSE,NA,1,82,80,1618,24
1,I;J;K;H,K,2,22,6,FALSE,NA,1,80,82,1619,24
1,I;J;K;H,K,2,19,5,FALSE,NA,1,82,80,1620,24
1,I;J;K;H,J,2,20,5,FALSE,NA,1,82,80,1621,24
1,I;J;K;H,I,2,21,6,FALSE,NA,1,80,82,1622,24
1,I;J;K;H,H,2,23,6,FALSE,NA,1,80,82,1623,24
1,I;J;K;H,J,2,24,6,FALSE,NA,1,80,82,1624,24
1,I;J;K;H,H,2,25,7,FALSE,NA,1,82,80,1625,24
1,I;J;K;H,J,2,26,7,FALSE,NA,1,82,80,1626,24
1,I;J;K;H,I,2,27,7,FALSE,NA,1,82,80,1627,24
1,I;J;K;H,I,2,29,8,FALSE,NA,1,80,82,1628,24
1,I;J;K;H,J,2,30,8,FALSE,NA,1,80,82,1629,24
1,I;J;K;H,K,2,28,7,FALSE,NA,1,82,80,1630,24
1,I;J;K;H,K,2,31,8,FALSE,NA,1,80,82,1631,24
1,I;J;K;H,H,2,32,8,FALSE,NA,1,80,82,1632,24
2,I;J;K;H,J,2,20,5,FALSE,NA,1,81,83,1633,24
2,I;J;K;H,K,2,17,5,FALSE,NA,1,81,83,1634,24
2,I;J;K;H,I,2,18,5,FALSE,NA,1,81,83,1635,24
2,I;J;K;H,H,2,19,5,FALSE,NA,1,81,83,1636,24
2,I;J;K;H,H,2,21,6,FALSE,NA,1,83,81,1637,24
2,I;J;K;H,J,2,22,6,FALSE,NA,1,83,81,1638,24
2,I;J;K;H,K,2,23,6,FALSE,NA,1,83,81,1639,24
2,I;J;K;H,I,2,26,7,FALSE,NA,1,81,83,1640,24
2,I;J;K;H,I,2,24,6,FALSE,NA,1,83,81,1641,24
2,I;J;K;H,K,2,25,7,FALSE,NA,1,81,83,1642,24
2,I;J;K;H,J,2,27,7,FALSE,NA,1,81,83,1643,24
2,I;J;K;H,H,2,28,7,FALSE,NA,1,81,83,1644,24
2,I;J;K;H,J,2,29,8,FALSE,NA,1,83,81,1645,24
2,I;J;K;H,I,2,30,8,FALSE,NA,1,83,81,1646,24
2,I;J;K;H,H,2,31,8,FALSE,NA,1,83,81,1647,24
2,I;J;K;H,K,2,32,8,FALSE,NA,1,83,81,1648,24
1,I;J;K;H,I,3,33,9,FALSE,NA,1,80,83,1649,24
1,I;J;K;H,K,3,35,9,FALSE,NA,1,80,83,1650,24
1,I;J;K;H,I,3,37,10,FALSE,NA,1,83,80,1651,24
1,I;J;K;H,H,3,34,9,FALSE,NA,1,80,83,1652,24
1,I;J;K;H,J,3,36,9,FALSE,NA,1,80,83,1653,24
1,I;J;K;H,H,3,39,10,FALSE,NA,1,83,80,1654,24
1,I;J;K;H,K,3,40,10,FALSE,NA,1,83,80,1655,24
1,I;J;K;H,H,3,41,11,FALSE,NA,1,80,83,1656,24
1,I;J;K;H,J,3,38,10,FALSE,NA,1,83,80,1657,24
1,I;J;K;H,J,3,42,11,FALSE,NA,1,80,83,1658,24
1,I;J;K;H,J,3,47,12,FALSE,NA,1,83,80,1659,24
1,I;J;K;H,K,3,43,11,FALSE,NA,1,80,83,1660,24
1,I;J;K;H,I,3,44,11,FALSE,NA,1,80,83,1661,24
1,I;J;K;H,K,3,45,12,FALSE,NA,1,83,80,1662,24
1,I;J;K;H,I,3,46,12,FALSE,NA,1,83,80,1663,24
1,I;J;K;H,H,3,48,12,FALSE,NA,1,83,80,1664,24
2,I;J;K;H,K,3,33,9,FALSE,NA,1,82,81,1665,24
2,I;J;K;H,J,3,34,9,FALSE,NA,1,82,81,1666,24
2,I;J;K;H,H,3,36,9,FALSE,NA,1,82,81,1667,24
2,I;J;K;H,I,3,35,9,FALSE,NA,1,82,81,1668,24
2,I;J;K;H,I,3,37,10,FALSE,NA,1,81,82,1669,24
2,I;J;K;H,J,3,38,10,FALSE,NA,1,81,82,1670,24
2,I;J;K;H,H,3,39,10,FALSE,NA,1,81,82,1671,24
2,I;J;K;H,K,3,40,10,FALSE,NA,1,81,82,1672,24
2,I;J;K;H,J,3,41,11,FALSE,NA,1,82,81,1673,24
2,I;J;K;H,K,3,42,11,FALSE,NA,1,82,81,1674,24
2,I;J;K;H,I,3,43,11,FALSE,NA,1,82,81,1675,24
2,I;J;K;H,H,3,44,11,FALSE,NA,1,82,81,1676,24
2,I;J;K;H,I,3,47,12,FALSE,NA,1,81,82,1677,24
2,I;J;K;H,J,3,45,12,FALSE,NA,1,81,82,1678,24
2,I;J;K;H,H,3,46,12,FALSE,NA,1,81,82,1679,24
2,I;J;K;H,K,3,48,12,FALSE,NA,1,81,82,1680,24
1,A;B;C;D,D,1,1,1,FALSE,NA,1,84,85,1681,25
1,A;B;C;D,C,1,2,1,FALSE,NA,1,84,85,1682,25
1,A;B;C;D,A,1,3,1,FALSE,NA,1,84,85,1683,25
1,A;B;C;D,B,1,4,1,FALSE,NA,1,84,85,1684,25
1,A;B;C;D,D,1,5,2,FALSE,NA,1,85,84,1685,25
1,A;B;C;D,C,1,6,2,FALSE,NA,1,85,84,1686,25
1,A;B;C;D,A,1,7,2,FALSE,NA,1,85,84,1687,25
1,A;B;C;D,B,1,8,2,FALSE,NA,1,85,84,1688,25
1,A;B;C;D,D,1,9,3,FALSE,NA,1,84,85,1689,25
1,A;B;C;D,A,1,10,3,FALSE,NA,1,84,85,1690,25
1,A;B;C;D,C,1,11,3,FALSE,NA,1,84,85,1691,25
1,A;B;C;D,C,1,13,4,FALSE,NA,1,85,84,1692,25
1,A;B;C;D,B,1,12,3,FALSE,NA,1,84,85,1693,25
1,A;B;C;D,B,1,14,4,FALSE,NA,1,85,84,1694,25
1,A;B;C;D,D,1,15,4,FALSE,NA,1,85,84,1695,25
1,A;B;C;D,A,1,16,4,FALSE,NA,1,85,84,1696,25
2,A;B;C;D,C,1,1,1,FALSE,NA,1,87,86,1697,25
2,A;B;C;D,D,1,2,1,FALSE,NA,1,87,86,1698,25
2,A;B;C;D,A,1,3,1,FALSE,NA,1,87,86,1699,25
2,A;B;C;D,A,1,5,2,FALSE,NA,1,86,87,1700,25
2,A;B;C;D,B,1,4,1,FALSE,NA,1,87,86,1701,25
2,A;B;C;D,B,1,6,2,FALSE,NA,1,86,87,1702,25
2,A;B;C;D,D,1,7,2,FALSE,NA,1,86,87,1703,25
2,A;B;C;D,C,1,8,2,FALSE,NA,1,86,87,1704,25
2,A;B;C;D,A,1,9,3,FALSE,NA,1,87,86,1705,25
2,A;B;C;D,C,1,10,3,FALSE,NA,1,87,86,1706,25
2,A;B;C;D,D,1,11,3,FALSE,NA,1,87,86,1707,25
2,A;B;C;D,B,1,12,3,FALSE,NA,1,87,86,1708,25
2,A;B;C;D,D,1,13,4,FALSE,NA,1,86,87,1709,25
2,A;B;C;D,C,1,14,4,FALSE,NA,1,86,87,1710,25
2,A;B;C;D,B,1,15,4,FALSE,NA,1,86,87,1711,25
2,A;B;C;D,A,1,16,4,FALSE,NA,1,86,87,1712,25
1,A;B;C;D,B,2,17,5,FALSE,NA,1,87,84,1713,25
1,A;B;C;D,C,2,18,5,FALSE,NA,1,87,84,1714,25
1,A;B;C;D,D,2,19,5,FALSE,NA,1,87,84,1715,25
1,A;B;C;D,A,2,20,5,FALSE,NA,1,87,84,1716,25
1,A;B;C;D,A,2,22,6,FALSE,NA,1,84,87,1717,25
1,A;B;C;D,D,2,23,6,FALSE,NA,1,84,87,1718,25
1,A;B;C;D,C,2,21,6,FALSE,NA,1,84,87,1719,25
1,A;B;C;D,B,2,24,6,FALSE,NA,1,84,87,1720,25
1,A;B;C;D,D,2,25,7,FALSE,NA,1,87,84,1721,25
1,A;B;C;D,B,2,26,7,FALSE,NA,1,87,84,1722,25
1,A;B;C;D,D,2,30,8,FALSE,NA,1,84,87,1723,25
1,A;B;C;D,A,2,27,7,FALSE,NA,1,87,84,1724,25
1,A;B;C;D,C,2,28,7,FALSE,NA,1,87,84,1725,25
1,A;B;C;D,A,2,29,8,FALSE,NA,1,84,87,1726,25
1,A;B;C;D,C,2,31,8,FALSE,NA,1,84,87,1727,25
1,A;B;C;D,B,2,32,8,FALSE,NA,1,84,87,1728,25
2,A;B;C;D,D,2,17,5,FALSE,NA,1,86,85,1729,25
2,A;B;C;D,A,2,18,5,FALSE,NA,1,86,85,1730,25
2,A;B;C;D,B,2,19,5,FALSE,NA,1,86,85,1731,25
2,A;B;C;D,D,2,22,6,FALSE,NA,1,85,86,1732,25
2,A;B;C;D,C,2,20,5,FALSE,NA,1,86,85,1733,25
2,A;B;C;D,A,2,21,6,FALSE,NA,1,85,86,1734,25
2,A;B;C;D,C,2,23,6,FALSE,NA,1,85,86,1735,25
2,A;B;C;D,B,2,24,6,FALSE,NA,1,85,86,1736,25
2,A;B;C;D,D,2,25,7,FALSE,NA,1,86,85,1737,25
2,A;B;C;D,C,2,27,7,FALSE,NA,1,86,85,1738,25
2,A;B;C;D,A,2,26,7,FALSE,NA,1,86,85,1739,25
2,A;B;C;D,B,2,28,7,FALSE,NA,1,86,85,1740,25
2,A;B;C;D,C,2,29,8,FALSE,NA,1,85,86,1741,25
2,A;B;C;D,A,2,30,8,FALSE,NA,1,85,86,1742,25
2,A;B;C;D,B,2,31,8,FALSE,NA,1,85,86,1743,25
2,A;B;C;D,D,2,32,8,FALSE,NA,1,85,86,1744,25
1,A;B;C;D,B,3,33,9,FALSE,NA,1,84,86,1745,25
1,A;B;C;D,C,3,35,9,FALSE,NA,1,84,86,1746,25
1,A;B;C;D,D,3,34,9,FALSE,NA,1,84,86,1747,25
1,A;B;C;D,A,3,36,9,FALSE,NA,1,84,86,1748,25
1,A;B;C;D,B,3,37,10,FALSE,NA,1,86,84,1749,25
1,A;B;C;D,C,3,40,10,FALSE,NA,1,86,84,1750,25
1,A;B;C;D,B,3,41,11,FALSE,NA,1,84,86,1751,25
1,A;B;C;D,A,3,38,10,FALSE,NA,1,86,84,1752,25
1,A;B;C;D,D,3,39,10,FALSE,NA,1,86,84,1753,25
1,A;B;C;D,D,3,42,11,FALSE,NA,1,84,86,1754,25
1,A;B;C;D,C,3,43,11,FALSE,NA,1,84,86,1755,25
1,A;B;C;D,A,3,44,11,FALSE,NA,1,84,86,1756,25
1,A;B;C;D,D,3,45,12,FALSE,NA,1,86,84,1757,25
1,A;B;C;D,B,3,46,12,FALSE,NA,1,86,84,1758,25
1,A;B;C;D,A,3,47,12,FALSE,NA,1,86,84,1759,25
1,A;B;C;D,C,3,48,12,FALSE,NA,1,86,84,1760,25
2,A;B;C;D,A,3,33,9,FALSE,NA,1,87,85,1761,25
2,A;B;C;D,C,3,34,9,FALSE,NA,1,87,85,1762,25
2,A;B;C;D,B,3,35,9,FALSE,NA,1,87,85,1763,25
2,A;B;C;D,B,3,37,10,FALSE,NA,1,85,87,1764,25
2,A;B;C;D,D,3,36,9,FALSE,NA,1,87,85,1765,25
2,A;B;C;D,C,3,38,10,FALSE,NA,1,85,87,1766,25
2,A;B;C;D,D,3,39,10,FALSE,NA,1,85,87,1767,25
2,A;B;C;D,A,3,40,10,FALSE,NA,1,85,87,1768,25
2,A;B;C;D,B,3,41,11,FALSE,NA,1,87,85,1769,25
2,A;B;C;D,C,3,42,11,FALSE,NA,1,87,85,1770,25
2,A;B;C;D,A,3,43,11,FALSE,NA,1,87,85,1771,25
2,A;B;C;D,D,3,44,11,FALSE,NA,1,87,85,1772,25
2,A;B;C;D,B,3,45,12,FALSE,NA,1,85,87,1773,25
2,A;B;C;D,A,3,46,12,FALSE,NA,1,85,87,1774,25
2,A;B;C;D,D,3,47,12,FALSE,NA,1,85,87,1775,25
2,A;B;C;D,C,3,48,12,FALSE,NA,1,85,87,1776,25
1,E;F;G;L,G,1,1,1,FALSE,NA,1,89,88,1777,26
1,E;F;G;L,F,1,2,1,FALSE,NA,1,89,88,1778,26
1,E;F;G;L,E,1,3,1,FALSE,NA,1,89,88,1779,26
1,E;F;G;L,L,1,4,1,FALSE,NA,1,89,88,1780,26
1,E;F;G;L,F,1,5,2,FALSE,NA,1,88,89,1781,26
1,E;F;G;L,E,1,6,2,FALSE,NA,1,88,89,1782,26
1,E;F;G;L,F,1,9,3,FALSE,NA,1,89,88,1783,26
1,E;F;G;L,L,1,7,2,FALSE,NA,1,88,89,1784,26
1,E;F;G;L,G,1,8,2,FALSE,NA,1,88,89,1785,26
1,E;F;G;L,G,1,10,3,FALSE,NA,1,89,88,1786,26
1,E;F;G;L,L,1,11,3,FALSE,NA,1,89,88,1787,26
1,E;F;G;L,E,1,12,3,FALSE,NA,1,89,88,1788,26
1,E;F;G;L,G,1,13,4,FALSE,NA,1,88,89,1789,26
1,E;F;G;L,F,1,14,4,FALSE,NA,1,88,89,1790,26
1,E;F;G;L,E,1,15,4,FALSE,NA,1,88,89,1791,26
1,E;F;G;L,L,1,16,4,FALSE,NA,1,88,89,1792,26
2,E;F;G;L,L,1,1,1,FALSE,NA,1,91,90,1793,26
2,E;F;G;L,G,1,2,1,FALSE,NA,1,91,90,1794,26
2,E;F;G;L,E,1,3,1,FALSE,NA,1,91,90,1795,26
2,E;F;G;L,F,1,4,1,FALSE,NA,1,91,90,1796,26
2,E;F;G;L,E,1,6,2,FALSE,NA,1,90,91,1797,26
2,E;F;G;L,L,1,5,2,FALSE,NA,1,90,91,1798,26
2,E;F;G;L,G,1,7,2,FALSE,NA,1,90,91,1799,26
2,E;F;G;L,F,1,8,2,FALSE,NA,1,90,91,1800,26
2,E;F;G;L,E,1,9,3,FALSE,NA,1,91,90,1801,26
2,E;F;G;L,G,1,10,3,FALSE,NA,1,91,90,1802,26
2,E;F;G;L,F,1,11,3,FALSE,NA,1,91,90,1803,26
2,E;F;G;L,L,1,12,3,FALSE,NA,1,91,90,1804,26
2,E;F;G;L,G,1,13,4,FALSE,NA,1,90,91,1805,26
2,E;F;G;L,E,1,14,4,FALSE,NA,1,90,91,1806,26
2,E;F;G;L,L,1,15,4,FALSE,NA,1,90,91,1807,26
2,E;F;G;L,F,1,16,4,FALSE,NA,1,90,91,1808,26
1,E;F;G;L,F,2,17,5,FALSE,NA,1,88,90,1809,26
1,E;F;G;L,E,2,18,5,FALSE,NA,1,88,90,1810,26
1,E;F;G;L,G,2,19,5,FALSE,NA,1,88,90,1811,26
1,E;F;G;L,F,2,21,6,FALSE,NA,1,90,88,1812,26
1,E;F;G;L,L,2,20,5,FALSE,NA,1,88,90,1813,26
1,E;F;G;L,E,2,22,6,FALSE,NA,1,90,88,1814,26
1,E;F;G;L,G,2,23,6,FALSE,NA,1,90,88,1815,26
1,E;F;G;L,L,2,24,6,FALSE,NA,1,90,88,1816,26
1,E;F;G;L,G,2,25,7,FALSE,NA,1,88,90,1817,26
1,E;F;G;L,L,2,26,7,FALSE,NA,1,88,90,1818,26
1,E;F;G;L,E,2,27,7,FALSE,NA,1,88,90,1819,26
1,E;F;G;L,F,2,28,7,FALSE,NA,1,88,90,1820,26
1,E;F;G;L,E,2,29,8,FALSE,NA,1,90,88,1821,26
1,E;F;G;L,L,2,31,8,FALSE,NA,1,90,88,1822,26
1,E;F;G;L,G,2,30,8,FALSE,NA,1,90,88,1823,26
1,E;F;G;L,F,2,32,8,FALSE,NA,1,90,88,1824,26
2,E;F;G;L,L,2,17,5,FALSE,NA,1,91,89,1825,26
2,E;F;G;L,G,2,19,5,FALSE,NA,1,91,89,1826,26
2,E;F;G;L,F,2,18,5,FALSE,NA,1,91,89,1827,26
2,E;F;G;L,E,2,20,5,FALSE,NA,1,91,89,1828,26
2,E;F;G;L,G,2,21,6,FALSE,NA,1,89,91,1829,26
2,E;F;G;L,E,2,22,6,FALSE,NA,1,89,91,1830,26
2,E;F;G;L,L,2,23,6,FALSE,NA,1,89,91,1831,26
2,E;F;G;L,F,2,24,6,FALSE,NA,1,89,91,1832,26
2,E;F;G;L,F,2,26,7,FALSE,NA,1,91,89,1833,26
2,E;F;G;L,E,2,27,7,FALSE,NA,1,91,89,1834,26
2,E;F;G;L,L,2,25,7,FALSE,NA,1,91,89,1835,26
2,E;F;G;L,G,2,28,7,FALSE,NA,1,91,89,1836,26
2,E;F;G;L,F,2,29,8,FALSE,NA,1,89,91,1837,26
2,E;F;G;L,E,2,30,8,FALSE,NA,1,89,91,1838,26
2,E;F;G;L,G,2,31,8,FALSE,NA,1,89,91,1839,26
2,E;F;G;L,L,2,32,8,FALSE,NA,1,89,91,1840,26
1,E;F;G;L,E,3,33,9,FALSE,NA,1,91,88,1841,26
1,E;F;G;L,G,3,34,9,FALSE,NA,1,91,88,1842,26
1,E;F;G;L,F,3,35,9,FALSE,NA,1,91,88,1843,26
1,E;F;G;L,L,3,36,9,FALSE,NA,1,91,88,1844,26
1,E;F;G;L,F,3,38,10,FALSE,NA,1,88,91,1845,26
1,E;F;G;L,E,3,39,10,FALSE,NA,1,88,91,1846,26
1,E;F;G;L,G,3,37,10,FALSE,NA,1,88,91,1847,26
1,E;F;G;L,L,3,40,10,FALSE,NA,1,88,91,1848,26
1,E;F;G;L,G,3,41,11,FALSE,NA,1,91,88,1849,26
1,E;F;G;L,L,3,42,11,FALSE,NA,1,91,88,1850,26
1,E;F;G;L,E,3,44,11,FALSE,NA,1,91,88,1851,26
1,E;F;G;L,F,3,43,11,FALSE,NA,1,91,88,1852,26
1,E;F;G;L,L,3,45,12,FALSE,NA,1,88,91,1853,26
1,E;F;G;L,E,3,46,12,FALSE,NA,1,88,91,1854,26
1,E;F;G;L,G,3,47,12,FALSE,NA,1,88,91,1855,26
1,E;F;G;L,F,3,48,12,FALSE,NA,1,88,91,1856,26
2,E;F;G;L,L,3,33,9,FALSE,NA,1,90,89,1857,26
2,E;F;G;L,E,3,35,9,FALSE,NA,1,90,89,1858,26
2,E;F;G;L,F,3,34,9,FALSE,NA,1,90,89,1859,26
2,E;F;G;L,G,3,36,9,FALSE,NA,1,90,89,1860,26
2,E;F;G;L,E,3,37,10,FALSE,NA,1,89,90,1861,26
2,E;F;G;L,L,3,38,10,FALSE,NA,1,89,90,1862,26
2,E;F;G;L,F,3,39,10,FALSE,NA,1,89,90,1863,26
2,E;F;G;L,L,3,41,11,FALSE,NA,1,90,89,1864,26
2,E;F;G;L,G,3,40,10,FALSE,NA,1,89,90,1865,26
2,E;F;G;L,G,3,42,11,FALSE,NA,1,90,89,1866,26
2,E;F;G;L,F,3,43,11,FALSE,NA,1,90,89,1867,26
2,E;F;G;L,E,3,44,11,FALSE,NA,1,90,89,1868,26
2,E;F;G;L,L,3,45,12,FALSE,NA,1,89,90,1869,26
2,E;F;G;L,E,3,46,12,FALSE,NA,1,89,90,1870,26
2,E;F;G;L,F,3,48,12,FALSE,NA,1,89,90,1871,26
2,E;F;G;L,G,3,47,12,FALSE,NA,1,89,90,1872,26
1,E;F;G;L,F,1,1,1,FALSE,NA,1,92,93,1873,27
1,E;F;G;L,G,1,2,1,FALSE,NA,1,92,93,1874,27
1,E;F;G;L,E,1,3,1,FALSE,NA,1,92,93,1875,27
1,E;F;G;L,L,1,4,1,FALSE,NA,1,92,93,1876,27
1,E;F;G;L,E,1,5,2,FALSE,NA,1,93,92,1877,27
1,E;F;G;L,F,1,6,2,FALSE,NA,1,93,92,1878,27
1,E;F;G;L,G,1,7,2,FALSE,NA,1,93,92,1879,27
1,E;F;G;L,L,1,8,2,FALSE,NA,1,93,92,1880,27
1,E;F;G;L,F,1,10,3,FALSE,NA,1,92,93,1881,27
1,E;F;G;L,E,1,9,3,FALSE,NA,1,92,93,1882,27
1,E;F;G;L,L,1,11,3,FALSE,NA,1,92,93,1883,27
1,E;F;G;L,G,1,12,3,FALSE,NA,1,92,93,1884,27
1,E;F;G;L,E,1,13,4,FALSE,NA,1,93,92,1885,27
1,E;F;G;L,G,1,14,4,FALSE,NA,1,93,92,1886,27
1,E;F;G;L,F,1,15,4,FALSE,NA,1,93,92,1887,27
1,E;F;G;L,L,1,16,4,FALSE,NA,1,93,92,1888,27
2,E;F;G;L,E,1,1,1,FALSE,NA,1,94,95,1889,27
2,E;F;G;L,G,1,2,1,FALSE,NA,1,94,95,1890,27
2,E;F;G;L,L,1,3,1,FALSE,NA,1,94,95,1891,27
2,E;F;G;L,F,1,4,1,FALSE,NA,1,94,95,1892,27
2,E;F;G;L,E,1,5,2,FALSE,NA,1,95,94,1893,27
2,E;F;G;L,F,1,6,2,FALSE,NA,1,95,94,1894,27
2,E;F;G;L,L,1,8,2,FALSE,NA,1,95,94,1895,27
2,E;F;G;L,G,1,9,3,FALSE,NA,1,94,95,1896,27
2,E;F;G;L,L,1,10,3,FALSE,NA,1,94,95,1897,27
2,E;F;G;L,G,1,7,2,FALSE,NA,1,95,94,1898,27
2,E;F;G;L,E,1,12,3,FALSE,NA,1,94,95,1899,27
2,E;F;G;L,F,1,11,3,FALSE,NA,1,94,95,1900,27
2,E;F;G;L,L,1,13,4,FALSE,NA,1,95,94,1901,27
2,E;F;G;L,E,1,14,4,FALSE,NA,1,95,94,1902,27
2,E;F;G;L,G,1,15,4,FALSE,NA,1,95,94,1903,27
2,E;F;G;L,F,1,16,4,FALSE,NA,1,95,94,1904,27
1,E;F;G;L,L,2,18,5,FALSE,NA,1,93,95,1905,27
1,E;F;G;L,F,2,17,5,FALSE,NA,1,93,95,1906,27
1,E;F;G;L,G,2,19,5,FALSE,NA,1,93,95,1907,27
1,E;F;G;L,E,2,20,5,FALSE,NA,1,93,95,1908,27
1,E;F;G;L,L,2,21,6,FALSE,NA,1,95,93,1909,27
1,E;F;G;L,F,2,22,6,FALSE,NA,1,95,93,1910,27
1,E;F;G;L,E,2,23,6,FALSE,NA,1,95,93,1911,27
1,E;F;G;L,G,2,24,6,FALSE,NA,1,95,93,1912,27
1,E;F;G;L,F,2,25,7,FALSE,NA,1,93,95,1913,27
1,E;F;G;L,L,2,26,7,FALSE,NA,1,93,95,1914,27
1,E;F;G;L,G,2,27,7,FALSE,NA,1,93,95,1915,27
1,E;F;G;L,E,2,28,7,FALSE,NA,1,93,95,1916,27
1,E;F;G;L,L,2,30,8,FALSE,NA,1,95,93,1917,27
1,E;F;G;L,E,2,31,8,FALSE,NA,1,95,93,1918,27
1,E;F;G;L,F,2,32,8,FALSE,NA,1,95,93,1919,27
1,E;F;G;L,G,2,29,8,FALSE,NA,1,95,93,1920,27
2,E;F;G;L,G,2,17,5,FALSE,NA,1,92,94,1921,27
2,E;F;G;L,L,2,18,5,FALSE,NA,1,92,94,1922,27
2,E;F;G;L,F,2,19,5,FALSE,NA,1,92,94,1923,27
2,E;F;G;L,G,2,21,6,FALSE,NA,1,94,92,1924,27
2,E;F;G;L,E,2,20,5,FALSE,NA,1,92,94,1925,27
2,E;F;G;L,F,2,22,6,FALSE,NA,1,94,92,1926,27
2,E;F;G;L,E,2,24,6,FALSE,NA,1,94,92,1927,27
2,E;F;G;L,G,2,25,7,FALSE,NA,1,92,94,1928,27
2,E;F;G;L,L,2,23,6,FALSE,NA,1,94,92,1929,27
2,E;F;G;L,L,2,26,7,FALSE,NA,1,92,94,1930,27
2,E;F;G;L,E,2,27,7,FALSE,NA,1,92,94,1931,27
2,E;F;G;L,F,2,28,7,FALSE,NA,1,92,94,1932,27
2,E;F;G;L,E,2,29,8,FALSE,NA,1,94,92,1933,27
2,E;F;G;L,F,2,30,8,FALSE,NA,1,94,92,1934,27
2,E;F;G;L,L,2,31,8,FALSE,NA,1,94,92,1935,27
2,E;F;G;L,G,2,32,8,FALSE,NA,1,94,92,1936,27
1,E;F;G;L,F,3,33,9,FALSE,NA,1,93,94,1937,27
1,E;F;G;L,E,3,34,9,FALSE,NA,1,93,94,1938,27
1,E;F;G;L,G,3,36,9,FALSE,NA,1,93,94,1939,27
1,E;F;G;L,F,3,37,10,FALSE,NA,1,94,93,1940,27
1,E;F;G;L,G,3,38,10,FALSE,NA,1,94,93,1941,27
1,E;F;G;L,L,3,35,9,FALSE,NA,1,93,94,1942,27
1,E;F;G;L,E,3,39,10,FALSE,NA,1,94,93,1943,27
1,E;F;G;L,L,3,40,10,FALSE,NA,1,94,93,1944,27
1,E;F;G;L,F,3,41,11,FALSE,NA,1,93,94,1945,27
1,E;F;G;L,E,3,42,11,FALSE,NA,1,93,94,1946,27
1,E;F;G;L,L,3,44,11,FALSE,NA,1,93,94,1947,27
1,E;F;G;L,E,3,46,12,FALSE,NA,1,94,93,1948,27
1,E;F;G;L,G,3,43,11,FALSE,NA,1,93,94,1949,27
1,E;F;G;L,F,3,45,12,FALSE,NA,1,94,93,1950,27
1,E;F;G;L,G,3,47,12,FALSE,NA,1,94,93,1951,27
1,E;F;G;L,L,3,48,12,FALSE,NA,1,94,93,1952,27
2,E;F;G;L,F,3,33,9,FALSE,NA,1,95,92,1953,27
2,E;F;G;L,L,3,34,9,FALSE,NA,1,95,92,1954,27
2,E;F;G;L,G,3,36,9,FALSE,NA,1,95,92,1955,27
2,E;F;G;L,L,3,38,10,FALSE,NA,1,92,95,1956,27
2,E;F;G;L,E,3,35,9,FALSE,NA,1,95,92,1957,27
2,E;F;G;L,F,3,37,10,FALSE,NA,1,92,95,1958,27
2,E;F;G;L,E,3,39,10,FALSE,NA,1,92,95,1959,27
2,E;F;G;L,G,3,40,10,FALSE,NA,1,92,95,1960,27
2,E;F;G;L,L,3,41,11,FALSE,NA,1,95,92,1961,27
2,E;F;G;L,G,3,42,11,FALSE,NA,1,95,92,1962,27
2,E;F;G;L,E,3,43,11,FALSE,NA,1,95,92,1963,27
2,E;F;G;L,F,3,44,11,FALSE,NA,1,95,92,1964,27
2,E;F;G;L,F,3,48,12,FALSE,NA,1,92,95,1965,27
2,E;F;G;L,G,3,46,12,FALSE,NA,1,92,95,1966,27
2,E;F;G;L,E,3,45,12,FALSE,NA,1,92,95,1967,27
2,E;F;G;L,L,3,47,12,FALSE,NA,1,92,95,1968,27
1,A;B;C;D,C,1,1,1,FALSE,NA,1,96,97,1969,28
1,A;B;C;D,A,1,2,1,FALSE,NA,1,96,97,1970,28
1,A;B;C;D,D,1,3,1,FALSE,NA,1,96,97,1971,28
1,A;B;C;D,B,1,4,1,FALSE,NA,1,96,97,1972,28
1,A;B;C;D,A,1,5,2,FALSE,NA,1,97,96,1973,28
1,A;B;C;D,C,1,6,2,FALSE,NA,1,97,96,1974,28
1,A;B;C;D,B,1,8,2,FALSE,NA,1,97,96,1975,28
1,A;B;C;D,A,1,9,3,FALSE,NA,1,96,97,1976,28
1,A;B;C;D,D,1,7,2,FALSE,NA,1,97,96,1977,28
1,A;B;C;D,D,1,11,3,FALSE,NA,1,96,97,1978,28
1,A;B;C;D,B,1,12,3,FALSE,NA,1,96,97,1979,28
1,A;B;C;D,A,1,13,4,FALSE,NA,1,97,96,1980,28
1,A;B;C;D,B,1,14,4,FALSE,NA,1,97,96,1981,28
1,A;B;C;D,C,1,10,3,FALSE,NA,1,96,97,1982,28
1,A;B;C;D,D,1,15,4,FALSE,NA,1,97,96,1983,28
1,A;B;C;D,C,1,16,4,FALSE,NA,1,97,96,1984,28
2,A;B;C;D,C,1,1,1,FALSE,NA,1,99,98,1985,28
2,A;B;C;D,B,1,2,1,FALSE,NA,1,99,98,1986,28
2,A;B;C;D,A,1,3,1,FALSE,NA,1,99,98,1987,28
2,A;B;C;D,D,1,4,1,FALSE,NA,1,99,98,1988,28
2,A;B;C;D,C,1,5,2,FALSE,NA,1,98,99,1989,28
2,A;B;C;D,A,1,6,2,FALSE,NA,1,98,99,1990,28
2,A;B;C;D,B,1,7,2,FALSE,NA,1,98,99,1991,28
2,A;B;C;D,B,1,10,3,FALSE,NA,1,99,98,1992,28
2,A;B;C;D,D,1,8,2,FALSE,NA,1,98,99,1993,28
2,A;B;C;D,C,1,9,3,FALSE,NA,1,99,98,1994,28
2,A;B;C;D,D,1,11,3,FALSE,NA,1,99,98,1995,28
2,A;B;C;D,A,1,12,3,FALSE,NA,1,99,98,1996,28
2,A;B;C;D,D,1,13,4,FALSE,NA,1,98,99,1997,28
2,A;B;C;D,A,1,16,4,FALSE,NA,1,98,99,1998,28
2,A;B;C;D,C,1,14,4,FALSE,NA,1,98,99,1999,28
2,A;B;C;D,B,1,15,4,FALSE,NA,1,98,99,2000,28
1,A;B;C;D,A,2,17,5,FALSE,NA,1,99,96,2001,28
1,A;B;C;D,C,2,18,5,FALSE,NA,1,99,96,2002,28
1,A;B;C;D,B,2,19,5,FALSE,NA,1,99,96,2003,28
1,A;B;C;D,C,2,23,6,FALSE,NA,1,96,99,2004,28
1,A;B;C;D,A,2,21,6,FALSE,NA,1,96,99,2005,28
1,A;B;C;D,D,2,24,6,FALSE,NA,1,96,99,2006,28
1,A;B;C;D,D,2,20,5,FALSE,NA,1,99,96,2007,28
1,A;B;C;D,B,2,22,6,FALSE,NA,1,96,99,2008,28
1,A;B;C;D,A,2,25,7,FALSE,NA,1,99,96,2009,28
1,A;B;C;D,C,2,26,7,FALSE,NA,1,99,96,2010,28
1,A;B;C;D,D,2,27,7,FALSE,NA,1,99,96,2011,28
1,A;B;C;D,D,2,31,8,FALSE,NA,1,96,99,2012,28
1,A;B;C;D,A,2,29,8,FALSE,NA,1,96,99,2013,28
1,A;B;C;D,B,2,30,8,FALSE,NA,1,96,99,2014,28
1,A;B;C;D,C,2,32,8,FALSE,NA,1,96,99,2015,28
1,A;B;C;D,B,2,28,7,FALSE,NA,1,99,96,2016,28
2,A;B;C;D,A,2,17,5,FALSE,NA,1,97,98,2017,28
2,A;B;C;D,C,2,18,5,FALSE,NA,1,97,98,2018,28
2,A;B;C;D,D,2,19,5,FALSE,NA,1,97,98,2019,28
2,A;B;C;D,B,2,20,5,FALSE,NA,1,97,98,2020,28
2,A;B;C;D,D,2,23,6,FALSE,NA,1,98,97,2021,28
2,A;B;C;D,A,2,21,6,FALSE,NA,1,98,97,2022,28
2,A;B;C;D,B,2,22,6,FALSE,NA,1,98,97,2023,28
2,A;B;C;D,C,2,24,6,FALSE,NA,1,98,97,2024,28
2,A;B;C;D,A,2,25,7,FALSE,NA,1,97,98,2025,28
2,A;B;C;D,C,2,26,7,FALSE,NA,1,97,98,2026,28
2,A;B;C;D,B,2,27,7,FALSE,NA,1,97,98,2027,28
2,A;B;C;D,D,2,28,7,FALSE,NA,1,97,98,2028,28
2,A;B;C;D,B,2,30,8,FALSE,NA,1,98,97,2029,28
2,A;B;C;D,C,2,29,8,FALSE,NA,1,98,97,2030,28
2,A;B;C;D,D,2,31,8,FALSE,NA,1,98,97,2031,28
2,A;B;C;D,A,2,32,8,FALSE,NA,1,98,97,2032,28
1,A;B;C;D,A,3,33,9,FALSE,NA,1,96,98,2033,28
1,A;B;C;D,B,3,34,9,FALSE,NA,1,96,98,2034,28
1,A;B;C;D,C,3,36,9,FALSE,NA,1,96,98,2035,28
1,A;B;C;D,B,3,37,10,FALSE,NA,1,98,96,2036,28
1,A;B;C;D,D,3,39,10,FALSE,NA,1,98,96,2037,28
1,A;B;C;D,D,3,35,9,FALSE,NA,1,96,98,2038,28
1,A;B;C;D,C,3,38,10,FALSE,NA,1,98,96,2039,28
1,A;B;C;D,A,3,40,10,FALSE,NA,1,98,96,2040,28
1,A;B;C;D,C,3,42,11,FALSE,NA,1,96,98,2041,28
1,A;B;C;D,B,3,44,11,FALSE,NA,1,96,98,2042,28
1,A;B;C;D,D,3,45,12,FALSE,NA,1,98,96,2043,28
1,A;B;C;D,D,3,41,11,FALSE,NA,1,96,98,2044,28
1,A;B;C;D,A,3,43,11,FALSE,NA,1,96,98,2045,28
1,A;B;C;D,A,3,46,12,FALSE,NA,1,98,96,2046,28
1,A;B;C;D,C,3,47,12,FALSE,NA,1,98,96,2047,28
1,A;B;C;D,B,3,48,12,FALSE,NA,1,98,96,2048,28
2,A;B;C;D,B,3,33,9,FALSE,NA,1,97,99,2049,28
2,A;B;C;D,D,3,34,9,FALSE,NA,1,97,99,2050,28
2,A;B;C;D,A,3,35,9,FALSE,NA,1,97,99,2051,28
2,A;B;C;D,A,3,37,10,FALSE,NA,1,99,97,2052,28
2,A;B;C;D,C,3,36,9,FALSE,NA,1,97,99,2053,28
2,A;B;C;D,C,3,38,10,FALSE,NA,1,99,97,2054,28
2,A;B;C;D,B,3,39,10,FALSE,NA,1,99,97,2055,28
2,A;B;C;D,B,3,41,11,FALSE,NA,1,97,99,2056,28
2,A;B;C;D,D,3,40,10,FALSE,NA,1,99,97,2057,28
2,A;B;C;D,D,3,43,11,FALSE,NA,1,97,99,2058,28
2,A;B;C;D,D,3,45,12,FALSE,NA,1,99,97,2059,28
2,A;B;C;D,B,3,47,12,FALSE,NA,1,99,97,2060,28
2,A;B;C;D,A,3,42,11,FALSE,NA,1,97,99,2061,28
2,A;B;C;D,C,3,44,11,FALSE,NA,1,97,99,2062,28
2,A;B;C;D,C,3,46,12,FALSE,NA,1,99,97,2063,28
2,A;B;C;D,A,3,48,12,FALSE,NA,1,99,97,2064,28
1,A;B;C;D,B,1,1,1,FALSE,NA,1,101,100,2065,29
1,A;B;C;D,A,1,2,1,FALSE,NA,1,101,100,2066,29
1,A;B;C;D,C,1,3,1,FALSE,NA,1,101,100,2067,29
1,A;B;C;D,A,1,5,2,FALSE,NA,1,100,101,2068,29
1,A;B;C;D,D,1,4,1,FALSE,NA,1,101,100,2069,29
1,A;B;C;D,D,1,6,2,FALSE,NA,1,100,101,2070,29
1,A;B;C;D,C,1,8,2,FALSE,NA,1,100,101,2071,29
1,A;B;C;D,B,1,7,2,FALSE,NA,1,100,101,2072,29
1,A;B;C;D,D,1,9,3,FALSE,NA,1,101,100,2073,29
1,A;B;C;D,A,1,10,3,FALSE,NA,1,101,100,2074,29
1,A;B;C;D,B,1,11,3,FALSE,NA,1,101,100,2075,29
1,A;B;C;D,B,1,13,4,FALSE,NA,1,100,101,2076,29
1,A;B;C;D,C,1,12,3,FALSE,NA,1,101,100,2077,29
1,A;B;C;D,C,1,14,4,FALSE,NA,1,100,101,2078,29
1,A;B;C;D,D,1,15,4,FALSE,NA,1,100,101,2079,29
1,A;B;C;D,A,1,16,4,FALSE,NA,1,100,101,2080,29
2,A;B;C;D,C,1,1,1,FALSE,NA,1,103,102,2081,29
2,A;B;C;D,D,1,2,1,FALSE,NA,1,103,102,2082,29
2,A;B;C;D,B,1,3,1,FALSE,NA,1,103,102,2083,29
2,A;B;C;D,A,1,4,1,FALSE,NA,1,103,102,2084,29
2,A;B;C;D,C,1,5,2,FALSE,NA,1,102,103,2085,29
2,A;B;C;D,D,1,6,2,FALSE,NA,1,102,103,2086,29
2,A;B;C;D,A,1,8,2,FALSE,NA,1,102,103,2087,29
2,A;B;C;D,B,1,9,3,FALSE,NA,1,103,102,2088,29
2,A;B;C;D,C,1,10,3,FALSE,NA,1,103,102,2089,29
2,A;B;C;D,B,1,7,2,FALSE,NA,1,102,103,2090,29
2,A;B;C;D,D,1,12,3,FALSE,NA,1,103,102,2091,29
2,A;B;C;D,A,1,11,3,FALSE,NA,1,103,102,2092,29
2,A;B;C;D,B,1,13,4,FALSE,NA,1,102,103,2093,29
2,A;B;C;D,D,1,14,4,FALSE,NA,1,102,103,2094,29
2,A;B;C;D,C,1,15,4,FALSE,NA,1,102,103,2095,29
2,A;B;C;D,A,1,16,4,FALSE,NA,1,102,103,2096,29
1,A;B;C;D,C,2,17,5,FALSE,NA,1,102,100,2097,29
1,A;B;C;D,B,2,19,5,FALSE,NA,1,102,100,2098,29
1,A;B;C;D,A,2,18,5,FALSE,NA,1,102,100,2099,29
1,A;B;C;D,D,2,20,5,FALSE,NA,1,102,100,2100,29
1,A;B;C;D,A,2,21,6,FALSE,NA,1,100,102,2101,29
1,A;B;C;D,C,2,22,6,FALSE,NA,1,100,102,2102,29
1,A;B;C;D,D,2,23,6,FALSE,NA,1,100,102,2103,29
1,A;B;C;D,B,2,24,6,FALSE,NA,1,100,102,2104,29
1,A;B;C;D,C,2,25,7,FALSE,NA,1,102,100,2105,29
1,A;B;C;D,B,2,27,7,FALSE,NA,1,102,100,2106,29
1,A;B;C;D,A,2,26,7,FALSE,NA,1,102,100,2107,29
1,A;B;C;D,D,2,28,7,FALSE,NA,1,102,100,2108,29
1,A;B;C;D,C,2,29,8,FALSE,NA,1,100,102,2109,29
1,A;B;C;D,B,2,32,8,FALSE,NA,1,100,102,2110,29
1,A;B;C;D,A,2,30,8,FALSE,NA,1,100,102,2111,29
1,A;B;C;D,D,2,31,8,FALSE,NA,1,100,102,2112,29
2,A;B;C;D,D,2,17,5,FALSE,NA,1,103,101,2113,29
2,A;B;C;D,B,2,18,5,FALSE,NA,1,103,101,2114,29
2,A;B;C;D,C,2,19,5,FALSE,NA,1,103,101,2115,29
2,A;B;C;D,A,2,20,5,FALSE,NA,1,103,101,2116,29
2,A;B;C;D,A,2,22,6,FALSE,NA,1,101,103,2117,29
2,A;B;C;D,D,2,24,6,FALSE,NA,1,101,103,2118,29
2,A;B;C;D,B,2,21,6,FALSE,NA,1,101,103,2119,29
2,A;B;C;D,C,2,23,6,FALSE,NA,1,101,103,2120,29
2,A;B;C;D,B,2,27,7,FALSE,NA,1,103,101,2121,29
2,A;B;C;D,C,2,28,7,FALSE,NA,1,103,101,2122,29
2,A;B;C;D,A,2,25,7,FALSE,NA,1,103,101,2123,29
2,A;B;C;D,D,2,26,7,FALSE,NA,1,103,101,2124,29
2,A;B;C;D,B,2,29,8,FALSE,NA,1,101,103,2125,29
2,A;B;C;D,A,2,31,8,FALSE,NA,1,101,103,2126,29
2,A;B;C;D,D,2,32,8,FALSE,NA,1,101,103,2127,29
2,A;B;C;D,C,2,30,8,FALSE,NA,1,101,103,2128,29
1,A;B;C;D,C,3,33,9,FALSE,NA,1,100,103,2129,29
1,A;B;C;D,D,3,34,9,FALSE,NA,1,100,103,2130,29
1,A;B;C;D,A,3,37,10,FALSE,NA,1,103,100,2131,29
1,A;B;C;D,B,3,36,9,FALSE,NA,1,100,103,2132,29
1,A;B;C;D,A,3,35,9,FALSE,NA,1,100,103,2133,29
1,A;B;C;D,B,3,40,10,FALSE,NA,1,103,100,2134,29
1,A;B;C;D,D,3,38,10,FALSE,NA,1,103,100,2135,29
1,A;B;C;D,C,3,41,11,FALSE,NA,1,100,103,2136,29
1,A;B;C;D,D,3,43,11,FALSE,NA,1,100,103,2137,29
1,A;B;C;D,A,3,45,12,FALSE,NA,1,103,100,2138,29
1,A;B;C;D,C,3,39,10,FALSE,NA,1,103,100,2139,29
1,A;B;C;D,A,3,42,11,FALSE,NA,1,100,103,2140,29
1,A;B;C;D,B,3,44,11,FALSE,NA,1,100,103,2141,29
1,A;B;C;D,B,3,46,12,FALSE,NA,1,103,100,2142,29
1,A;B;C;D,D,3,47,12,FALSE,NA,1,103,100,2143,29
1,A;B;C;D,C,3,48,12,FALSE,NA,1,103,100,2144,29
2,A;B;C;D,C,3,34,9,FALSE,NA,1,102,101,2145,29
2,A;B;C;D,D,3,33,9,FALSE,NA,1,102,101,2146,29
2,A;B;C;D,A,3,35,9,FALSE,NA,1,102,101,2147,29
2,A;B;C;D,B,3,36,9,FALSE,NA,1,102,101,2148,29
2,A;B;C;D,A,3,37,10,FALSE,NA,1,101,102,2149,29
2,A;B;C;D,C,3,38,10,FALSE,NA,1,101,102,2150,29
2,A;B;C;D,B,3,39,10,FALSE,NA,1,101,102,2151,29
2,A;B;C;D,C,3,42,11,FALSE,NA,1,102,101,2152,29
2,A;B;C;D,D,3,40,10,FALSE,NA,1,101,102,2153,29
2,A;B;C;D,C,3,45,12,FALSE,NA,1,101,102,2154,29
2,A;B;C;D,A,3,41,11,FALSE,NA,1,102,101,2155,29
2,A;B;C;D,D,3,43,11,FALSE,NA,1,102,101,2156,29
2,A;B;C;D,B,3,44,11,FALSE,NA,1,102,101,2157,29
2,A;B;C;D,B,3,46,12,FALSE,NA,1,101,102,2158,29
2,A;B;C;D,A,3,47,12,FALSE,NA,1,101,102,2159,29
2,A;B;C;D,D,3,48,12,FALSE,NA,1,101,102,2160,29
1,E;F;G;L,E,1,1,1,FALSE,NA,1,104,105,2161,30
1,E;F;G;L,G,1,2,1,FALSE,NA,1,104,105,2162,30
1,E;F;G;L,L,1,3,1,FALSE,NA,1,104,105,2163,30
1,E;F;G;L,F,1,4,1,FALSE,NA,1,104,105,2164,30
1,E;F;G;L,E,1,5,2,FALSE,NA,1,105,104,2165,30
1,E;F;G;L,L,1,6,2,FALSE,NA,1,105,104,2166,30
1,E;F;G;L,E,1,9,3,FALSE,NA,1,104,105,2167,30
1,E;F;G;L,F,1,7,2,FALSE,NA,1,105,104,2168,30
1,E;F;G;L,G,1,8,2,FALSE,NA,1,105,104,2169,30
1,E;F;G;L,L,1,10,3,FALSE,NA,1,104,105,2170,30
1,E;F;G;L,F,1,11,3,FALSE,NA,1,104,105,2171,30
1,E;F;G;L,G,1,12,3,FALSE,NA,1,104,105,2172,30
1,E;F;G;L,F,1,13,4,FALSE,NA,1,105,104,2173,30
1,E;F;G;L,L,1,14,4,FALSE,NA,1,105,104,2174,30
1,E;F;G;L,E,1,15,4,FALSE,NA,1,105,104,2175,30
1,E;F;G;L,G,1,16,4,FALSE,NA,1,105,104,2176,30
2,E;F;G;L,E,1,1,1,FALSE,NA,1,106,107,2177,30
2,E;F;G;L,L,1,2,1,FALSE,NA,1,106,107,2178,30
2,E;F;G;L,G,1,3,1,FALSE,NA,1,106,107,2179,30
2,E;F;G;L,E,1,5,2,FALSE,NA,1,107,106,2180,30
2,E;F;G;L,F,1,4,1,FALSE,NA,1,106,107,2181,30
2,E;F;G;L,L,1,6,2,FALSE,NA,1,107,106,2182,30
2,E;F;G;L,F,1,8,2,FALSE,NA,1,107,106,2183,30
2,E;F;G;L,L,1,9,3,FALSE,NA,1,106,107,2184,30
2,E;F;G;L,G,1,7,2,FALSE,NA,1,107,106,2185,30
2,E;F;G;L,E,1,10,3,FALSE,NA,1,106,107,2186,30
2,E;F;G;L,F,1,12,3,FALSE,NA,1,106,107,2187,30
2,E;F;G;L,E,1,13,4,FALSE,NA,1,107,106,2188,30
2,E;F;G;L,G,1,14,4,FALSE,NA,1,107,106,2189,30
2,E;F;G;L,G,1,11,3,FALSE,NA,1,106,107,2190,30
2,E;F;G;L,L,1,15,4,FALSE,NA,1,107,106,2191,30
2,E;F;G;L,F,1,16,4,FALSE,NA,1,107,106,2192,30
1,E;F;G;L,F,2,18,5,FALSE,NA,1,105,107,2193,30
1,E;F;G;L,F,2,21,6,FALSE,NA,1,107,105,2194,30
1,E;F;G;L,G,2,19,5,FALSE,NA,1,105,107,2195,30
1,E;F;G;L,L,2,22,6,FALSE,NA,1,107,105,2196,30
1,E;F;G;L,L,2,17,5,FALSE,NA,1,105,107,2197,30
1,E;F;G;L,E,2,20,5,FALSE,NA,1,105,107,2198,30
1,E;F;G;L,E,2,24,6,FALSE,NA,1,107,105,2199,30
1,E;F;G;L,F,2,30,8,FALSE,NA,1,107,107,2200,30
1,E;F;G;L,G,2,23,6,FALSE,NA,1,107,105,2201,30
1,E;F;G;L,G,2,25,7,FALSE,NA,1,105,107,2202,30
1,E;F;G;L,F,2,26,7,FALSE,NA,1,105,107,2203,30
1,E;F;G;L,E,2,27,7,FALSE,NA,1,105,107,2204,30
1,E;F;G;L,E,2,29,8,FALSE,NA,1,107,107,2205,30
1,E;F;G;L,L,2,28,7,FALSE,NA,1,105,107,2206,30
1,E;F;G;L,G,2,31,8,FALSE,NA,1,107,107,2207,30
1,E;F;G;L,L,2,32,8,FALSE,NA,1,107,105;107,2208,30
2,E;F;G;L,F,2,19,5,FALSE,NA,1,106,104,2209,30
2,E;F;G;L,E,2,17,5,FALSE,NA,1,106,104,2210,30
2,E;F;G;L,G,2,18,5,FALSE,NA,1,106,104,2211,30
2,E;F;G;L,L,2,20,5,FALSE,NA,1,106,104,2212,30
2,E;F;G;L,G,2,22,6,FALSE,NA,1,104,106,2213,30
2,E;F;G;L,L,2,23,6,FALSE,NA,1,104,106,2214,30
2,E;F;G;L,E,2,24,6,FALSE,NA,1,104,106,2215,30
2,E;F;G;L,F,2,21,6,FALSE,NA,1,104,106,2216,30
2,E;F;G;L,G,2,25,7,FALSE,NA,1,106,104,2217,30
2,E;F;G;L,E,2,26,7,FALSE,NA,1,106,104,2218,30
2,E;F;G;L,F,2,27,7,FALSE,NA,1,106,104,2219,30
2,E;F;G;L,L,2,28,7,FALSE,NA,1,106,104,2220,30
2,E;F;G;L,F,2,29,8,FALSE,NA,1,104,106,2221,30
2,E;F;G;L,G,2,30,8,FALSE,NA,1,104,106,2222,30
2,E;F;G;L,E,2,31,8,FALSE,NA,1,104,106,2223,30
2,E;F;G;L,L,2,32,8,FALSE,NA,1,104,106,2224,30
1,E;F;G;L,F,3,33,9,FALSE,NA,1,106,105,2225,30
1,E;F;G;L,L,3,34,9,FALSE,NA,1,106,105,2226,30
1,E;F;G;L,G,3,35,9,FALSE,NA,1,106,105,2227,30
1,E;F;G;L,E,3,36,9,FALSE,NA,1,106,105,2228,30
1,E;F;G;L,E,3,38,10,FALSE,NA,1,105,106,2229,30
1,E;F;G;L,L,3,37,10,FALSE,NA,1,105,106,2230,30
1,E;F;G;L,G,3,39,10,FALSE,NA,1,105,106,2231,30
1,E;F;G;L,F,3,40,10,FALSE,NA,1,105,106,2232,30
1,E;F;G;L,G,3,41,11,FALSE,NA,1,106,105,2233,30
1,E;F;G;L,F,3,44,11,FALSE,NA,1,106,105,2234,30
1,E;F;G;L,G,3,45,12,FALSE,NA,1,105,106,2235,30
1,E;F;G;L,L,3,42,11,FALSE,NA,1,106,105,2236,30
1,E;F;G;L,E,3,47,12,FALSE,NA,1,105,106,2237,30
1,E;F;G;L,F,3,48,12,FALSE,NA,1,105,106,2238,30
1,E;F;G;L,E,3,43,11,FALSE,NA,1,106,105,2239,30
1,E;F;G;L,L,3,46,12,FALSE,NA,1,105,106,2240,30
2,E;F;G;L,F,3,35,9,FALSE,NA,1,104,107,2241,30
2,E;F;G;L,E,3,40,10,FALSE,NA,1,107,104,2242,30
2,E;F;G;L,L,3,41,11,FALSE,NA,1,104,107,2243,30
2,E;F;G;L,E,3,42,11,FALSE,NA,1,104,107,2244,30
2,E;F;G;L,L,3,33,9,FALSE,NA,1,104,107,2245,30
2,E;F;G;L,E,3,36,9,FALSE,NA,1,104,107,2246,30
2,E;F;G;L,G,3,38,10,FALSE,NA,1,107,104,2247,30
2,E;F;G;L,G,3,44,11,FALSE,NA,1,104,107,2248,30
2,E;F;G;L,G,3,34,9,FALSE,NA,1,104,107,2249,30
2,E;F;G;L,L,3,37,10,FALSE,NA,1,107,104,2250,30
2,E;F;G;L,F,3,39,10,FALSE,NA,1,107,104,2251,30
2,E;F;G;L,F,3,43,11,FALSE,NA,1,104,107,2252,30
2,E;F;G;L,L,3,45,12,FALSE,NA,1,107,104,2253,30
2,E;F;G;L,E,3,46,12,FALSE,NA,1,107,104,2254,30
2,E;F;G;L,F,3,48,12,FALSE,NA,1,107,104,2255,30
2,E;F;G;L,G,3,47,12,FALSE,NA,1,107,104,2256,30
1,I;J;K;H,J,1,1,1,TRUE,incomplete game,1,108,109,2257,31
1,I;J;K;H,K,1,2,1,TRUE,incomplete game,1,108,109,2258,31
1,I;J;K;H,H,1,4,1,TRUE,incomplete game,1,108,109,2259,31
1,I;J;K;H,I,1,3,1,TRUE,incomplete game,1,108,109,2260,31
1,I;J;K;H,J,1,5,2,TRUE,incomplete game,1,109,108,2261,31
1,I;J;K;H,K,1,6,2,TRUE,incomplete game,1,109,108,2262,31
1,I;J;K;H,I,1,7,2,TRUE,incomplete game,1,109,108,2263,31
1,I;J;K;H,H,1,8,2,TRUE,incomplete game,1,109,108,2264,31
1,I;J;K;H,I,1,10,3,TRUE,incomplete game,1,108,109,2265,31
1,I;J;K;H,J,1,9,3,TRUE,incomplete game,1,108,109,2266,31
1,I;J;K;H,K,1,11,3,TRUE,incomplete game,1,108,109,2267,31
1,I;J;K;H,H,1,12,3,TRUE,incomplete game,1,108,109,2268,31
2,I;J;K;H,J,1,2,1,TRUE,incomplete game,1,110,111,2269,31
2,I;J;K;H,H,1,3,1,TRUE,incomplete game,1,110,111,2270,31
2,I;J;K;H,I,1,4,1,TRUE,incomplete game,1,110,111,2271,31
2,I;J;K;H,I,1,6,2,TRUE,incomplete game,1,111,110,2272,31
2,I;J;K;H,K,1,1,1,TRUE,incomplete game,1,110,111,2273,31
2,I;J;K;H,K,1,5,2,TRUE,incomplete game,1,111,110,2274,31
2,I;J;K;H,H,1,7,2,TRUE,incomplete game,1,111,110,2275,31
2,I;J;K;H,J,1,8,2,TRUE,incomplete game,1,111,110,2276,31
2,I;J;K;H,K,1,13,4,TRUE,incomplete game,1,111,111,2277,31
2,I;J;K;H,H,1,14,4,TRUE,incomplete game,1,111,111,2278,31
2,I;J;K;H,K,1,9,3,TRUE,incomplete game,1,110,111,2279,31
2,I;J;K;H,H,1,12,3,TRUE,incomplete game,1,110,111,2280,31
2,I;J;K;H,J,1,15,4,TRUE,incomplete game,1,111,111,2281,31
2,I;J;K;H,I,1,10,3,TRUE,incomplete game,1,110,111,2282,31
2,I;J;K;H,J,1,11,3,TRUE,incomplete game,1,110,111,2283,31
2,I;J;K;H,I,1,16,4,TRUE,incomplete game,1,111,111,2284,31
