id,avatar,avatarLastChangedAt,bonus,bonusLastChangedAt,ended,endedLastChangedAt,exitStepDone,exitStepDoneLastChangedAt,exitSurvey,exitSurveyLastChangedAt,gameID,gameIDLastChangedAt,intro,introLastChangedAt,introDone,introDoneLastChangedAt,lobbyTimerGameID,lobbyTimerGameIDLastChangedAt,lobbyTimerID,lobbyTimerIDLastChangedAt,name,nameLastChangedAt,nameColor,nameColorLastChangedAt,participantID,participantIDLastChangedAt,participantIdentifier,participantIdentifierLastChangedAt,partner,partnerLastChangedAt,role,roleLastChangedAt,score,scoreLastChangedAt,src,srcLastChangedAt,treatment,treatmentLastChangedAt,treatmentName,treatmentNameLastChangedAt,urlParams,urlParamsLastChangedAt
01JJWST72D8JMBPRE0MBSC2V01,https://api.dicebear.com/8.x/rings/svg?seed=Repi,2025-01-30T23:52:18.184386287Z,1.830000,2025-01-31T00:17:12.059782017Z,game ended,2025-01-31T00:17:12.208780703Z,true,2025-01-31T00:18:23.398301331Z,"{""age"":""24"",""gender"":""Male"",""strategy"":""Our strategy was flawless - we picked the start shape that was featured on the image an it was extremely quick and thoughtless by half way through."",""enjoy"":""Yes they were great, enjoyed that alot!"",""feedback"":"""",""education"":""bachelor""}",2025-01-31T00:18:23.429019686Z,01JJWRR8X7YC0AJHWDFXTMFZRB,2025-01-30T23:47:48.976560078Z,2,2025-01-30T23:49:12.677628419Z,true,2025-01-30T23:52:04.762877786Z,01JJWRR8X7YC0AJHWDFXTMFZRB,2025-01-30T23:52:04.797381802Z,01JJWT20XT3DPXKZGR2QX2PGTP,2025-01-30T23:52:04.797381802Z,Repi,2025-01-30T23:52:18.184386287Z,#29828D,2025-01-30T23:52:18.184386287Z,01JJWST6E7K9YVYV6BRT83R12F,2025-01-30T23:47:48.941381839Z,6744d143eddffd17d345b192,2025-01-30T23:47:48.941381839Z,01JJWT0FH8RHRQM88PVVV8GQBQ,2025-01-30T23:52:18.184386287Z,director,2025-01-31T00:16:33.801556468Z,1.830000,2025-01-31T00:17:12.059782017Z,/avatars/blue.png,2025-01-30T23:52:18.184386287Z,"{""contextSize"":4,""contextStructure"":""comp-between"",""feedbackDuration"":3,""maxTimeout"":5,""numRepetitionsWithPartner"":4,""playerCount"":2,""selectionDuration"":60,""showNegativeFeedback"":1}",2025-01-30T23:47:48.976560078Z,full-comp-between,2025-01-30T23:47:48.976560078Z,"{""participantKey"":""6744d143eddffd17d345b192"",""STUDY_ID"":""679bb8b3cc23fe8d03da31c0"",""SESSION_ID"":""679c0f7d53aa22bb4662e856""}",2025-01-30T23:47:49.359106375Z
01JJWT1E1ZYRXCAGZ20P4CJP3G,https://api.dicebear.com/8.x/rings/svg?seed=Minu,2025-01-30T23:54:38.370073341Z,1.290000,2025-01-31T00:37:43.544360573Z,game ended,2025-01-31T00:37:43.702296326Z,true,2025-01-31T00:49:24.650452495Z,"{""age"":""39"",""gender"":""woman"",""strategy"":""I made sure that my partner and I agreed on the same words and then we keep repaeting to get it correct"",""enjoy"":""I really enjoyed playing with my partner"",""feedback"":""No feedback"",""education"":""master""}",2025-01-31T00:49:24.613770181Z,01JJWSR3KHW2NPN0R7H4WW39R7,2025-01-30T23:53:49.832375978Z,2,2025-01-30T23:52:29.639446969Z,true,2025-01-30T23:54:36.324014138Z,01JJWSR3KHW2NPN0R7H4WW39R7,2025-01-30T23:54:36.402855091Z,01JJWT6MZFT6TJ8HSFYFFGS5XY,2025-01-30T23:54:36.402855091Z,Minu,2025-01-30T23:54:38.370073341Z,#444EA1,2025-01-30T23:54:38.370073341Z,01JJWT1BS0GMC3K1H9KW4CZBMJ,2025-01-30T23:51:45.471977994Z,66bbb17723fb2b808cea092b,2025-01-30T23:51:45.471977994Z,01JJWSWX3E2QYJW795A8F06CAH,2025-01-30T23:54:38.370073341Z,matcher,2025-01-31T00:37:14.555161468Z,1.290000,2025-01-31T00:37:43.544360573Z,/avatars/red.png,2025-01-30T23:54:38.370073341Z,"{""contextSize"":4,""contextStructure"":""comp-between"",""feedbackDuration"":3,""maxTimeout"":5,""numRepetitionsWithPartner"":4,""playerCount"":2,""selectionDuration"":60,""showNegativeFeedback"":1}",2025-01-30T23:51:45.522476804Z,full-comp-between,2025-01-30T23:51:45.522476804Z,"{""participantKey"":""66bbb17723fb2b808cea092b"",""STUDY_ID"":""679bb8b3cc23fe8d03da31c0"",""SESSION_ID"":""679c104275b677c8ee79ac45""}",2025-01-30T23:51:46.183504886Z
01JJWQS6AQ9XQWWBZFG5QMDMK8,,,,,null,2025-01-30T23:12:18.267368835Z,,,,,01JJWSR6G9Z0CEPWXAMKJ8HE77,2025-01-30T23:55:02.703193113Z,2,2025-01-30T23:14:15.510472943Z,,,,,,,,,,,01JJWQS5Z9W6K5DEPTVFS0Y7XN,2025-01-30T23:12:18.263393476Z,62b9c2f1e55fe9f17dfedc5d,2025-01-30T23:12:18.263393476Z,,,,,,,,,"{""contextSize"":4,""contextStructure"":""comp-between"",""feedbackDuration"":3,""maxTimeout"":5,""numRepetitionsWithPartner"":4,""playerCount"":2,""selectionDuration"":60,""showNegativeFeedback"":1}",2025-01-30T23:12:18.267368835Z,full-comp-between,2025-01-30T23:12:18.267368835Z,"{""participantKey"":""62b9c2f1e55fe9f17dfedc5d"",""STUDY_ID"":""679bb8b3cc23fe8d03da31c0"",""SESSION_ID"":""679c07388bfe99ef47f49e0b""}",2025-01-30T23:12:18.446510724Z
01JJWR6XK1CVES85T7PJJTVFR6,https://api.dicebear.com/8.x/rings/svg?seed=Minu,2025-01-30T23:26:37.642415963Z,0.180000,2025-01-30T23:35:01.408982479Z,game ended,2025-01-30T23:40:18.842847505Z,true,2025-01-30T23:42:24.775339313Z,"{""age"":""40"",""gender"":""Male"",""strategy"":""Loads of communication is the key to describe the shape in relation to real objects - eg: letter E or triangle or arrow head etc"",""enjoy"":""No - my partner was terrible at communicating and did not respond/pick the shape etc on time!"",""feedback"":""When a shape was selected as matcher, it didn't get highlighted to confirm my input."",""education"":""master""}",2025-01-30T23:42:24.751432003Z,01JJWQM9NN31AH9EPQFG21TR1J,2025-01-30T23:25:52.751707697Z,2,2025-01-30T23:25:15.590130454Z,true,2025-01-30T23:26:22.661163589Z,01JJWQM9NN31AH9EPQFG21TR1J,2025-01-30T23:26:22.673627427Z,01JJWRJYYFMET647XGM46DWQGG,2025-01-30T23:26:22.673627427Z,Minu,2025-01-30T23:26:37.642415963Z,#444EA1,2025-01-30T23:26:37.642415963Z,01JJWR6X8SPMCHWWPW1N2NEM65,2025-01-30T23:19:48.065929471Z,663f825add0615896204b0d8,2025-01-30T23:19:48.065929471Z,01JJWQTAQZ7PRR9KCZDS80XQAT,2025-01-30T23:26:37.642415963Z,director,2025-01-30T23:39:15.433195177Z,0.180000,2025-01-30T23:35:01.408982479Z,/avatars/red.png,2025-01-30T23:26:37.642415963Z,"{""contextSize"":4,""contextStructure"":""comp-between"",""feedbackDuration"":3,""maxTimeout"":5,""numRepetitionsWithPartner"":4,""playerCount"":2,""selectionDuration"":60,""showNegativeFeedback"":1}",2025-01-30T23:19:48.072930679Z,full-comp-between,2025-01-30T23:19:48.072930679Z,"{""participantKey"":""663f825add0615896204b0d8"",""STUDY_ID"":""679bb8b3cc23fe8d03da31c0"",""SESSION_ID"":""679c072ddf821fcf2e7199f3""}",2025-01-30T23:19:48.241306996Z
01JJWR8KFVXWYDQ6YE1YR69PA7,https://api.dicebear.com/8.x/rings/svg?seed=Minu,2025-01-30T23:24:56.433715936Z,1.500000,2025-01-30T23:52:00.165710415Z,game ended,2025-01-30T23:52:00.278811132Z,true,2025-01-30T23:55:25.259687291Z,"{""age"":""26"",""gender"":""Male"",""strategy"":""We had a codename for each of the icon"",""enjoy"":""Yes! Fast and attentive folk"",""feedback"":"""",""education"":""master""}",2025-01-30T23:55:25.400959509Z,01JJWQM94XQAQVWGZG992VCZZY,2025-01-30T23:24:33.809300625Z,2,2025-01-30T23:24:11.407866434Z,true,2025-01-30T23:24:44.250052731Z,01JJWQM94XQAQVWGZG992VCZZY,2025-01-30T23:24:44.260259454Z,01JJWRFYV2NTBGBK9R5EQEGHXT,2025-01-30T23:24:44.260259454Z,Minu,2025-01-30T23:24:56.433715936Z,#444EA1,2025-01-30T23:24:56.433715936Z,01JJWR8JTWFAN6D5HVE8ETVVAA,2025-01-30T23:20:43.259564971Z,672943f01665b053c5cd5c86,2025-01-30T23:20:43.259564971Z,01JJWR6YPRBYZDQS37TNVZ17DG,2025-01-30T23:24:56.433715936Z,matcher,2025-01-30T23:51:44.75692473Z,1.500000,2025-01-30T23:52:00.165710415Z,/avatars/red.png,2025-01-30T23:24:56.433715936Z,"{""contextSize"":4,""contextStructure"":""comp-between"",""feedbackDuration"":3,""maxTimeout"":5,""numRepetitionsWithPartner"":4,""playerCount"":2,""selectionDuration"":60,""showNegativeFeedback"":1}",2025-01-30T23:20:43.266878677Z,full-comp-between,2025-01-30T23:20:43.266878677Z,"{""participantKey"":""672943f01665b053c5cd5c86"",""STUDY_ID"":""679bb8b3cc23fe8d03da31c0"",""SESSION_ID"":""679c072e629eb8ccee9a660b""}",2025-01-30T23:20:43.588997445Z
01JJWQRJMBSB61FHVSNY79RF1Y,https://api.dicebear.com/8.x/rings/svg?seed=Repi,2025-01-30T23:16:03.063666884Z,0,2025-01-30T23:16:03.063666884Z,game ended,2025-01-30T23:21:20.848811104Z,,,,,01JJWQM3PFQBZ8D8TSMQCH27Y7,2025-01-30T23:15:23.401907851Z,2,2025-01-30T23:12:04.722769454Z,true,2025-01-30T23:16:02.923035495Z,01JJWQM3PFQBZ8D8TSMQCH27Y7,2025-01-30T23:16:02.960553434Z,01JJWR01REFED5PV0D9X38YRXP,2025-01-30T23:16:02.960553434Z,Repi,2025-01-30T23:16:03.063666884Z,#29828D,2025-01-30T23:16:03.063666884Z,01JJWQRJ8GXNK4SK4PGVM0D6QZ,2025-01-30T23:11:58.09136908Z,6018a5c0e1600b187ccb8693,2025-01-30T23:11:58.09136908Z,01JJWQS1X8AXCZ1VYNG6Z378NS,2025-01-30T23:16:03.063666884Z,matcher,2025-01-30T23:20:17.74245424Z,0,2025-01-30T23:16:03.063666884Z,/avatars/blue.png,2025-01-30T23:16:03.063666884Z,"{""contextSize"":4,""contextStructure"":""comp-between"",""feedbackDuration"":3,""maxTimeout"":5,""numRepetitionsWithPartner"":4,""playerCount"":2,""selectionDuration"":60,""showNegativeFeedback"":1}",2025-01-30T23:11:58.095697335Z,full-comp-between,2025-01-30T23:11:58.095697335Z,"{""participantKey"":""6018a5c0e1600b187ccb8693"",""STUDY_ID"":""679bb8b3cc23fe8d03da31c0"",""SESSION_ID"":""679c07302a2e375472acd478""}",2025-01-30T23:11:58.292793385Z
01JJWQSQV9SPPYA5PX985YMZYW,https://api.dicebear.com/8.x/rings/svg?seed=Repi,2025-01-30T23:17:53.202664347Z,1.740000,2025-01-30T23:40:01.864015408Z,game ended,2025-01-30T23:40:02.019655938Z,true,2025-01-30T23:41:29.391257199Z,"{""age"":""34"",""gender"":""male"",""strategy"":""describing key shape details or what they obviously looked like at first glance"",""enjoy"":""It was a lot of fun actually working together. We bonded. Kind of <3 "",""feedback"":""No problems but occasional lag"",""education"":""bachelor""}",2025-01-30T23:41:29.408357558Z,01JJWQM4SXYWDXPAAXPXF6RTWY,2025-01-30T23:17:34.747190148Z,2,2025-01-30T23:15:32.914884524Z,true,2025-01-30T23:17:48.402277798Z,01JJWQM4SXYWDXPAAXPXF6RTWY,2025-01-30T23:17:48.409529663Z,01JJWR38QPH4Z3HGMZPWXWK0V0,2025-01-30T23:17:48.409529663Z,Repi,2025-01-30T23:17:53.202664347Z,#29828D,2025-01-30T23:17:53.202664347Z,01JJWQSQHEMD698FTRKVC6W8G2,2025-01-30T23:12:36.201271488Z,5f516d96bf6cde3b04b94b69,2025-01-30T23:12:36.201271488Z,01JJWQV1TS0KZ44GYE1X0YSK72,2025-01-30T23:17:53.202664347Z,director,2025-01-30T23:39:45.971798493Z,1.740000,2025-01-30T23:40:01.864015408Z,/avatars/blue.png,2025-01-30T23:17:53.202664347Z,"{""contextSize"":4,""contextStructure"":""comp-between"",""feedbackDuration"":3,""maxTimeout"":5,""numRepetitionsWithPartner"":4,""playerCount"":2,""selectionDuration"":60,""showNegativeFeedback"":1}",2025-01-30T23:12:36.204528552Z,full-comp-between,2025-01-30T23:12:36.204528552Z,"{""participantKey"":""5f516d96bf6cde3b04b94b69"",""STUDY_ID"":""679bb8b3cc23fe8d03da31c0"",""SESSION_ID"":""679c073baa3569a983499059""}",2025-01-30T23:12:36.370080567Z
01JJWQYAXFA06T43169FFGR53K,https://api.dicebear.com/8.x/rings/svg?seed=Repi,2025-01-30T23:22:23.250248175Z,0.510000,2025-01-30T23:40:03.55859437Z,game ended,2025-01-30T23:45:21.58401382Z,true,2025-01-30T23:49:29.198185958Z,"{""age"":""32"",""gender"":""Female"",""strategy"":""We try to give each shape a name."",""enjoy"":""the game was fun because my partner came up with a perfect way to describe the diagram. "",""feedback"":"""",""education"":""bachelor""}",2025-01-30T23:49:29.220940248Z,01JJWQM844MK0XHZFTGEC09EQ6,2025-01-30T23:21:26.163982344Z,2,2025-01-30T23:20:16.889778983Z,true,2025-01-30T23:22:22.894540381Z,01JJWQM844MK0XHZFTGEC09EQ6,2025-01-30T23:22:22.958048916Z,01JJWRBMVC28PR39QG92XX6XQS,2025-01-30T23:22:22.958048916Z,Repi,2025-01-30T23:22:23.250248175Z,#29828D,2025-01-30T23:22:23.250248175Z,01JJWQY94RBG9HNBV8VEJGE32W,2025-01-30T23:15:06.799148198Z,675436e14d7ef1173a74a5b8,2025-01-30T23:15:06.799148198Z,01JJWR1ETS1JN3WY00GJSHKE7R,2025-01-30T23:22:23.250248175Z,director,2025-01-30T23:44:17.934726618Z,0.510000,2025-01-30T23:40:03.55859437Z,/avatars/blue.png,2025-01-30T23:22:23.250248175Z,"{""contextSize"":4,""contextStructure"":""comp-between"",""feedbackDuration"":3,""maxTimeout"":5,""numRepetitionsWithPartner"":4,""playerCount"":2,""selectionDuration"":60,""showNegativeFeedback"":1}",2025-01-30T23:15:06.803599946Z,full-comp-between,2025-01-30T23:15:06.803599946Z,"{""participantKey"":""675436e14d7ef1173a74a5b8"",""STUDY_ID"":""679bb8b3cc23fe8d03da31c0"",""SESSION_ID"":""679c0728261d852706dc62dd""}",2025-01-30T23:15:07.396988531Z
01JJWR0420CMA9MSBPY8QTX9E6,https://api.dicebear.com/8.x/rings/svg?seed=Minu,2025-01-30T23:24:34.30143361Z,1.860000,2025-01-30T23:50:33.447913525Z,game ended,2025-01-30T23:50:33.560207947Z,true,2025-01-30T23:52:40.787864274Z,"{""age"":""23"",""gender"":""Male"",""strategy"":""We used the number of legs and the shape of the base of the figures to describe them.  "",""enjoy"":""Very much"",""feedback"":""No, it went on smoothly for me"",""education"":""bachelor""}",2025-01-30T23:52:40.764327753Z,01JJWQM8WGY44HHCQ0AQQ6RXGH,2025-01-30T23:23:00.469354947Z,2,2025-01-30T23:23:50.074226223Z,true,2025-01-30T23:24:33.036998959Z,01JJWQM8WGY44HHCQ0AQQ6RXGH,2025-01-30T23:24:33.050687191Z,01JJWRFKWRWZMJ5ZBYX5V4T311,2025-01-30T23:24:33.050687191Z,Minu,2025-01-30T23:24:34.30143361Z,#444EA1,2025-01-30T23:24:34.30143361Z,01JJWR0168AYZXQMV8X5W5SA63,2025-01-30T23:16:05.312916539Z,67269f439696d166fbb74e09,2025-01-30T23:16:05.312916539Z,01JJWQYD6ANY9ACM10DYW7CBSF,2025-01-30T23:24:34.30143361Z,matcher,2025-01-30T23:50:16.047828302Z,1.860000,2025-01-30T23:50:33.447913525Z,/avatars/red.png,2025-01-30T23:24:34.30143361Z,"{""contextSize"":4,""contextStructure"":""comp-between"",""feedbackDuration"":3,""maxTimeout"":5,""numRepetitionsWithPartner"":4,""playerCount"":2,""selectionDuration"":60,""showNegativeFeedback"":1}",2025-01-30T23:16:05.317066516Z,full-comp-between,2025-01-30T23:16:05.317066516Z,"{""participantKey"":""67269f439696d166fbb74e09"",""STUDY_ID"":""679bb8b3cc23fe8d03da31c0"",""SESSION_ID"":""679c077eb8f646dbe919d9ff""}",2025-01-30T23:16:05.87510504Z
01JJWR4B3NQYDQQZFR048P98PH,https://api.dicebear.com/8.x/rings/svg?seed=Repi,2025-01-30T23:25:53.348805097Z,0.450000,2025-01-30T23:35:03.06991596Z,game ended,2025-01-30T23:40:21.23080864Z,true,2025-01-30T23:45:08.447620839Z,"{""age"":""40"",""gender"":""male"",""strategy"":""the shape"",""enjoy"":""yes"",""feedback"":"""",""education"":""bachelor""}",2025-01-30T23:45:08.465609835Z,01JJWQM9DAGFZKW8XR8W2D95AS,2025-01-30T23:24:55.889576449Z,2,2025-01-30T23:24:08.883296511Z,true,2025-01-30T23:24:59.497914064Z,01JJWQM9DAGFZKW8XR8W2D95AS,2025-01-30T23:25:06.280629693Z,01JJWRGMB4FMXVK18WACW7P4QN,2025-01-30T23:25:06.280629693Z,Repi,2025-01-30T23:25:53.348805097Z,#29828D,2025-01-30T23:25:53.348805097Z,01JJWR49G6VY20FQ78H5QDN4DA,2025-01-30T23:18:23.605889245Z,67709ec28bdf0084bd3b231b,2025-01-30T23:18:23.605889245Z,01JJWR8PMT1SN2WP3VXZV12T09,2025-01-30T23:25:53.348805097Z,director,2025-01-30T23:39:17.835723388Z,0.450000,2025-01-30T23:35:03.06991596Z,/avatars/blue.png,2025-01-30T23:25:53.348805097Z,"{""contextSize"":4,""contextStructure"":""comp-between"",""feedbackDuration"":3,""maxTimeout"":5,""numRepetitionsWithPartner"":4,""playerCount"":2,""selectionDuration"":60,""showNegativeFeedback"":1}",2025-01-30T23:18:23.612514045Z,full-comp-between,2025-01-30T23:18:23.612514045Z,"{""participantKey"":""67709ec28bdf0084bd3b231b"",""STUDY_ID"":""679bb8b3cc23fe8d03da31c0"",""SESSION_ID"":""679c073a88f3bfb83dacd4a7""}",2025-01-30T23:18:24.338831557Z
01JJWRA8P00NRWVV7JQMKBQJJE,https://api.dicebear.com/8.x/rings/svg?seed=Repi,2025-01-30T23:27:35.870130625Z,0,2025-01-30T23:27:35.870130625Z,game ended,2025-01-30T23:37:19.606862653Z,,,,,01JJWQM9Z0665TE8FH60006TCE,2025-01-30T23:26:36.868299978Z,2,2025-01-30T23:24:23.630283033Z,true,2025-01-30T23:27:35.032709006Z,01JJWQM9Z0665TE8FH60006TCE,2025-01-30T23:27:35.069801577Z,01JJWRN5MT7S02KQDAYJABBQM5,2025-01-30T23:27:35.069801577Z,Repi,2025-01-30T23:27:35.870130625Z,#29828D,2025-01-30T23:27:35.870130625Z,01JJWRA5Y24XS0GWWCAX3RGEQR,2025-01-30T23:21:37.728341527Z,67274a937bc73438d89976b8,2025-01-30T23:21:37.728341527Z,01JJWRB9WG64CG27XBCC43EP3V,2025-01-30T23:27:35.870130625Z,director,2025-01-30T23:36:16.21955472Z,0,2025-01-30T23:27:35.870130625Z,/avatars/blue.png,2025-01-30T23:27:35.870130625Z,"{""contextSize"":4,""contextStructure"":""comp-between"",""feedbackDuration"":3,""maxTimeout"":5,""numRepetitionsWithPartner"":4,""playerCount"":2,""selectionDuration"":60,""showNegativeFeedback"":1}",2025-01-30T23:21:37.735460553Z,full-comp-between,2025-01-30T23:21:37.735460553Z,"{""participantKey"":""67274a937bc73438d89976b8"",""STUDY_ID"":""679bb8b3cc23fe8d03da31c0"",""SESSION_ID"":""679c0926be693956a91e3e09""}",2025-01-30T23:21:39.417192088Z
01JJWQS079KJJ1NMPBKT9GZENR,https://api.dicebear.com/8.x/rings/svg?seed=Repi,2025-01-30T23:15:23.552345657Z,1.830000,2025-01-30T23:36:13.475404573Z,game ended,2025-01-30T23:36:13.558436303Z,true,2025-01-30T23:37:43.55384715Z,"{""age"":""42"",""gender"":""Male"",""strategy"":""I tried to find something unique about the shape and relay that, and then I gradually adopted more of my partner's lingo as we referred to similar shapes."",""enjoy"":""It was fun, some of the descriptions were hilarious \""Dino with a knife\"" was amazing."",""feedback"":""It sometimes hung a few times between trials, but was otherwise fine. "",""education"":""master""}",2025-01-30T23:37:43.569980926Z,01JJWQM2A5CEPTA6591NYPTA3G,2025-01-30T23:12:12.013658742Z,2,2025-01-30T23:14:53.275206119Z,true,2025-01-30T23:15:18.457130453Z,01JJWQM2A5CEPTA6591NYPTA3G,2025-01-30T23:15:18.464902943Z,01JJWQYP9XDZ4CVWRD6BZ8YBFA,2025-01-30T23:15:18.464902943Z,Repi,2025-01-30T23:15:23.552345657Z,#29828D,2025-01-30T23:15:23.552345657Z,01JJWQRZKG5BBQ6XZGH7B0GVHM,2025-01-30T23:12:12.009372697Z,5755c957eb80c4000741a9ce,2025-01-30T23:12:12.009372697Z,01JJWQSNZ02GB719AF6G807QS2,2025-01-30T23:15:23.552345657Z,director,2025-01-30T23:35:57.855549812Z,1.830000,2025-01-30T23:36:13.475404573Z,/avatars/blue.png,2025-01-30T23:15:23.552345657Z,"{""contextSize"":4,""contextStructure"":""comp-between"",""feedbackDuration"":3,""maxTimeout"":5,""numRepetitionsWithPartner"":4,""playerCount"":2,""selectionDuration"":60,""showNegativeFeedback"":1}",2025-01-30T23:12:12.013658742Z,full-comp-between,2025-01-30T23:12:12.013658742Z,"{""participantKey"":""5755c957eb80c4000741a9ce"",""STUDY_ID"":""679bb8b3cc23fe8d03da31c0"",""SESSION_ID"":""679c072f343781120e5cc2e5""}",2025-01-30T23:12:12.37771783Z
01JJWQS3TH2KYGFDJXE937C6SG,https://api.dicebear.com/8.x/rings/svg?seed=Minu,2025-01-30T23:19:07.296515549Z,1.830000,2025-01-30T23:43:55.421312075Z,game ended,2025-01-30T23:43:55.516811228Z,true,2025-01-30T23:45:50.36364246Z,"{""age"":""60"",""gender"":""Male"",""strategy"":""First we over described, then it was duck, top hat, legs, ziggy, shorthand and quicker"",""enjoy"":""Yes it was fun, we even chatted a bit, we got so fast."",""feedback"":""no problems"",""education"":""high-school""}",2025-01-30T23:45:50.346160784Z,01JJWQM7JYKRFWJQSYFADXG4VD,2025-01-30T23:17:53.038209745Z,2,2025-01-30T23:14:19.820100978Z,true,2025-01-30T23:18:12.795422894Z,01JJWQM7JYKRFWJQSYFADXG4VD,2025-01-30T23:18:12.802352318Z,01JJWR40J063T975QR7HGD4X3Q,2025-01-30T23:18:12.802352318Z,Minu,2025-01-30T23:19:07.296515549Z,#444EA1,2025-01-30T23:19:07.296515549Z,01JJWQS30VHCBN6P89M0DTAM54,2025-01-30T23:12:15.697963322Z,58954e2dc88c680001dd4b7e,2025-01-30T23:12:15.697963322Z,01JJWQS2GVABVS7896RA49V4PP,2025-01-30T23:19:07.296515549Z,matcher,2025-01-30T23:43:35.761778381Z,1.830000,2025-01-30T23:43:55.421312075Z,/avatars/red.png,2025-01-30T23:19:07.296515549Z,"{""contextSize"":4,""contextStructure"":""comp-between"",""feedbackDuration"":3,""maxTimeout"":5,""numRepetitionsWithPartner"":4,""playerCount"":2,""selectionDuration"":60,""showNegativeFeedback"":1}",2025-01-30T23:12:15.701745708Z,full-comp-between,2025-01-30T23:12:15.701745708Z,"{""participantKey"":""58954e2dc88c680001dd4b7e"",""STUDY_ID"":""679bb8b3cc23fe8d03da31c0"",""SESSION_ID"":""679c07330449d407566bf937""}",2025-01-30T23:12:16.151698536Z
01JJWQX6XCHAXPW1QCDP1A36BC,https://api.dicebear.com/8.x/rings/svg?seed=Repi,2025-01-30T23:31:38.17541166Z,1.470000,2025-01-31T00:12:54.040461343Z,game ended,2025-01-31T00:12:54.228632007Z,true,2025-01-31T00:13:27.693459248Z,"{""age"":""64"",""gender"":""female"",""strategy"":"""",""enjoy"":"""",""feedback"":"""",""education"":""master""}",2025-01-31T00:13:27.659184054Z,01JJWQMH0K69BPKF6J67JXHA4V,2025-01-30T23:27:35.054340011Z,2,2025-01-30T23:14:42.069741741Z,true,2025-01-30T23:31:37.061889259Z,01JJWQMH0K69BPKF6J67JXHA4V,2025-01-30T23:31:37.104129944Z,01JJWRWJ0DR4ER3XGR9AXS5PAK,2025-01-30T23:31:37.104129944Z,Repi,2025-01-30T23:31:38.17541166Z,#29828D,2025-01-30T23:31:38.17541166Z,01JJWQX4RF77NV6Q24ZDV1W2YT,2025-01-30T23:14:29.932726397Z,672ab38f104e8899317d9fda,2025-01-30T23:14:29.932726397Z,01JJWR0R4E5XKWS7ZPR3EDVRBG,2025-01-30T23:31:38.17541166Z,director,2025-01-31T00:12:25.822476315Z,1.470000,2025-01-31T00:12:54.040461343Z,/avatars/blue.png,2025-01-30T23:31:38.17541166Z,"{""contextSize"":4,""contextStructure"":""comp-between"",""feedbackDuration"":3,""maxTimeout"":5,""numRepetitionsWithPartner"":4,""playerCount"":2,""selectionDuration"":60,""showNegativeFeedback"":1}",2025-01-30T23:14:29.93765794Z,full-comp-between,2025-01-30T23:14:29.93765794Z,"{""participantKey"":""672ab38f104e8899317d9fda"",""STUDY_ID"":""679bb8b3cc23fe8d03da31c0"",""SESSION_ID"":""679c073d9d7bd7a632ecc453""}",2025-01-30T23:14:30.753110384Z
01JJWS6MCWFMZ6PFWSX5X2X9S5,,,,,lobby timed out,2025-01-31T00:12:01.61973114Z,true,2025-01-31T00:12:20.986472445Z,"{""gamefailed"":""nogame""}",2025-01-31T00:12:20.953673361Z,01JJWSR6G9Z0CEPWXAMKJ8HE77,2025-01-30T23:55:02.703193113Z,2,2025-01-31T00:06:48.557433144Z,true,2025-01-31T00:09:01.385625768Z,01JJWSR6G9Z0CEPWXAMKJ8HE77,2025-01-31T00:09:01.447872421Z,01JJWV11R4EZ3S6ZJ4AFH3AWV4,2025-01-31T00:09:01.447872421Z,,,,,01JJWS6KVGC5BK67291KQAZGB0,2025-01-30T23:37:07.228410278Z,57dd186e6598aa0001992616,2025-01-30T23:37:07.228410278Z,,,,,,,,,"{""contextSize"":4,""contextStructure"":""comp-between"",""feedbackDuration"":3,""maxTimeout"":5,""numRepetitionsWithPartner"":4,""playerCount"":2,""selectionDuration"":60,""showNegativeFeedback"":1}",2025-01-30T23:37:07.410030294Z,full-comp-between,2025-01-30T23:37:07.410030294Z,"{""participantKey"":""57dd186e6598aa0001992616"",""STUDY_ID"":""679bb8b3cc23fe8d03da31c0"",""SESSION_ID"":""679c0ccfd4e41330c0fe128b""}",2025-01-30T23:37:07.620852901Z
01JJWT1R37X3T25GBD6TDVV3MY,https://api.dicebear.com/8.x/rings/svg?seed=Minu,2025-01-30T23:53:51.788468309Z,1.920000,2025-01-31T00:18:11.564457366Z,game ended,2025-01-31T00:18:11.714279366Z,true,2025-01-31T00:18:58.629757555Z,"{""age"":""30"",""gender"":""male"",""strategy"":""find easily identifiable shapes"",""enjoy"":""it was fun"",""feedback"":"""",""education"":""master""}",2025-01-31T00:18:58.592193754Z,01JJWSR2RMXQ5JGXR7VBY26NTR,2025-01-30T23:53:10.298478982Z,2,2025-01-30T23:53:25.490359777Z,true,2025-01-30T23:53:47.09399738Z,01JJWSR2RMXQ5JGXR7VBY26NTR,2025-01-30T23:53:47.134838875Z,01JJWT54VV98FSJF77HNVB3RH8,2025-01-30T23:53:47.134838875Z,Minu,2025-01-30T23:53:51.788468309Z,#444EA1,2025-01-30T23:53:51.788468309Z,01JJWT1QV9XRDQZTBKC19A0QCT,2025-01-30T23:51:55.751716153Z,6715bc112785851334e0d1ac,2025-01-30T23:51:55.751716153Z,01JJWSYBXDXFM32P6SABPF01YG,2025-01-30T23:53:51.788468309Z,matcher,2025-01-31T00:17:56.627460917Z,1.920000,2025-01-31T00:18:11.564457366Z,/avatars/red.png,2025-01-30T23:53:51.788468309Z,"{""contextSize"":4,""contextStructure"":""comp-between"",""feedbackDuration"":3,""maxTimeout"":5,""numRepetitionsWithPartner"":4,""playerCount"":2,""selectionDuration"":60,""showNegativeFeedback"":1}",2025-01-30T23:51:55.786753156Z,full-comp-between,2025-01-30T23:51:55.786753156Z,"{""participantKey"":""6715bc112785851334e0d1ac"",""STUDY_ID"":""679bb8b3cc23fe8d03da31c0"",""SESSION_ID"":""679c108ab034864fb42b299f""}",2025-01-30T23:51:55.914782723Z
01JJWQXQKSZ2ZK2K09ZDQ521T6,https://api.dicebear.com/8.x/rings/svg?seed=Minu,2025-01-30T23:17:34.900488476Z,1.890000,2025-01-30T23:42:57.024936205Z,game ended,2025-01-30T23:42:57.136840606Z,true,2025-01-30T23:44:20.131171352Z,"{""age"":""29"",""gender"":""Male"",""strategy"":""We focused on the shapes, and in the case of it being blocky, we called it \""Blob\"", and we called the one shape \""Cat\"". Arrows facing left/right, diamond shapes."",""enjoy"":""Yes, we really grasped it quite quickly."",""feedback"":""None."",""education"":""high-school""}",2025-01-30T23:44:20.552259278Z,01JJWQM4ESCAKJV1KX886CJPAJ,2025-01-30T23:16:32.817481711Z,2,2025-01-30T23:15:46.221196306Z,true,2025-01-30T23:17:34.717219938Z,01JJWQM4ESCAKJV1KX886CJPAJ,2025-01-30T23:17:34.762209078Z,01JJWR2VD40NMD33NFC2PH52C6,2025-01-30T23:17:34.762209078Z,Minu,2025-01-30T23:17:34.900488476Z,#444EA1,2025-01-30T23:17:34.900488476Z,01JJWQXPY8S7VANYR80QE5Z3FN,2025-01-30T23:14:47.033752246Z,5ba91985c4da2d00015d4a11,2025-01-30T23:14:47.033752246Z,01JJWQS0RJWGHXVT4DCY7G6C9V,2025-01-30T23:17:34.900488476Z,matcher,2025-01-30T23:42:43.571887178Z,1.890000,2025-01-30T23:42:57.024936205Z,/avatars/red.png,2025-01-30T23:17:34.900488476Z,"{""contextSize"":4,""contextStructure"":""comp-between"",""feedbackDuration"":3,""maxTimeout"":5,""numRepetitionsWithPartner"":4,""playerCount"":2,""selectionDuration"":60,""showNegativeFeedback"":1}",2025-01-30T23:14:47.038310811Z,full-comp-between,2025-01-30T23:14:47.038310811Z,"{""participantKey"":""5ba91985c4da2d00015d4a11"",""STUDY_ID"":""679bb8b3cc23fe8d03da31c0"",""SESSION_ID"":""679c07ce5b8f27e58ca08981""}",2025-01-30T23:14:47.704026151Z
01JJWSWX3E2QYJW795A8F06CAH,https://api.dicebear.com/8.x/rings/svg?seed=Repi,2025-01-30T23:54:38.370073341Z,1.290000,2025-01-31T00:37:43.544360573Z,game ended,2025-01-31T00:37:43.702296326Z,true,2025-01-31T00:51:51.752644203Z,"{""age"":""46"",""gender"":""Male"",""strategy"":""My strategy in the game was to use short, clear descriptions to help my partner identify the right shape. I also pay close attention to my partner’s messages."",""enjoy"":""No, I didn’t really enjoy it. My partner wasn’t using the right keywords at the right time, which made it hard to make clear choices. Their messages felt like a bot and purposely."",""feedback"":""I didn’t have any issues during the game."",""education"":""high-school""}",2025-01-31T00:51:51.715734271Z,01JJWSR3KHW2NPN0R7H4WW39R7,2025-01-30T23:53:49.832375978Z,2,2025-01-30T23:53:18.626691519Z,true,2025-01-30T23:54:35.523339667Z,01JJWSR3KHW2NPN0R7H4WW39R7,2025-01-30T23:54:35.566375976Z,01JJWT6M5A4HJVN75CN0D3AVPW,2025-01-30T23:54:35.566375976Z,Repi,2025-01-30T23:54:38.370073341Z,#29828D,2025-01-30T23:54:38.370073341Z,01JJWSWWRB0EB6EVZ176H497BF,2025-01-30T23:49:17.03869077Z,63052f20afc39e87110eb83e,2025-01-30T23:49:17.03869077Z,01JJWT1E1ZYRXCAGZ20P4CJP3G,2025-01-30T23:54:38.370073341Z,director,2025-01-31T00:37:14.555161468Z,1.290000,2025-01-31T00:37:43.544360573Z,/avatars/blue.png,2025-01-30T23:54:38.370073341Z,"{""contextSize"":4,""contextStructure"":""comp-between"",""feedbackDuration"":3,""maxTimeout"":5,""numRepetitionsWithPartner"":4,""playerCount"":2,""selectionDuration"":60,""showNegativeFeedback"":1}",2025-01-30T23:49:17.07552865Z,full-comp-between,2025-01-30T23:49:17.07552865Z,"{""participantKey"":""63052f20afc39e87110eb83e"",""STUDY_ID"":""679bb8b3cc23fe8d03da31c0"",""SESSION_ID"":""679c0f816b04d16083664c1f""}",2025-01-30T23:49:17.251717901Z
01JJWQS0RJWGHXVT4DCY7G6C9V,https://api.dicebear.com/8.x/rings/svg?seed=Repi,2025-01-30T23:17:34.900488476Z,1.890000,2025-01-30T23:42:57.024936205Z,game ended,2025-01-30T23:42:57.136840606Z,true,2025-01-30T23:44:00.52628849Z,"{""age"":""32"",""gender"":""male"",""strategy"":""i use the white triangle and rectangle as identifyers "",""enjoy"":""yes we found a rhythm rather quickly"",""feedback"":""nothing"",""education"":""bachelor""}",2025-01-30T23:44:00.489305775Z,01JJWQM4ESCAKJV1KX886CJPAJ,2025-01-30T23:16:32.817481711Z,2,2025-01-30T23:14:19.466414899Z,true,2025-01-30T23:17:20.209794638Z,01JJWQM4ESCAKJV1KX886CJPAJ,2025-01-30T23:17:20.21665542Z,01JJWR2D6PW42DT34N11ST9S6X,2025-01-30T23:17:20.21665542Z,Repi,2025-01-30T23:17:34.900488476Z,#29828D,2025-01-30T23:17:34.900488476Z,01JJWQS0MDGX3SD9HGCQGSAZH8,2025-01-30T23:12:12.562729708Z,672e4f7596c415fb33dce592,2025-01-30T23:12:12.562729708Z,01JJWQXQKSZ2ZK2K09ZDQ521T6,2025-01-30T23:17:34.900488476Z,director,2025-01-30T23:42:43.571887178Z,1.890000,2025-01-30T23:42:57.024936205Z,/avatars/blue.png,2025-01-30T23:17:34.900488476Z,"{""contextSize"":4,""contextStructure"":""comp-between"",""feedbackDuration"":3,""maxTimeout"":5,""numRepetitionsWithPartner"":4,""playerCount"":2,""selectionDuration"":60,""showNegativeFeedback"":1}",2025-01-30T23:12:12.565981028Z,full-comp-between,2025-01-30T23:12:12.565981028Z,"{""participantKey"":""672e4f7596c415fb33dce592"",""STUDY_ID"":""679bb8b3cc23fe8d03da31c0"",""SESSION_ID"":""679c073d42a60ebe977e3f56""}",2025-01-30T23:12:12.644348712Z
01JJWQSNZ02GB719AF6G807QS2,https://api.dicebear.com/8.x/rings/svg?seed=Minu,2025-01-30T23:15:23.552345657Z,1.830000,2025-01-30T23:36:13.475404573Z,game ended,2025-01-30T23:36:13.558436303Z,true,2025-01-30T23:37:37.57111834Z,"{""age"":""32"",""gender"":""female"",""strategy"":""I tried to describe what the shapes resembled to me (such as dinosaur or a Christmas tree)"",""enjoy"":""Yes, I enjoyed it when my partner recognised what I was referring to and when we got accustomed to each other's way of referring to the shapes."",""feedback"":""I did not encounter any problems."",""education"":""bachelor""}",2025-01-30T23:37:37.556067664Z,01JJWQM2A5CEPTA6591NYPTA3G,2025-01-30T23:12:34.276872148Z,2,2025-01-30T23:13:42.292308201Z,true,2025-01-30T23:15:23.37387853Z,01JJWQM2A5CEPTA6591NYPTA3G,2025-01-30T23:15:23.409522639Z,01JJWQYV4FGCQ1QNEQF0N0SFZ2,2025-01-30T23:15:23.409522639Z,Minu,2025-01-30T23:15:23.552345657Z,#444EA1,2025-01-30T23:15:23.552345657Z,01JJWQSNB16JKBQFWB3XYTN0BG,2025-01-30T23:12:34.272778432Z,5f01c985f119a1317aa68d30,2025-01-30T23:12:34.272778432Z,01JJWQS079KJJ1NMPBKT9GZENR,2025-01-30T23:15:23.552345657Z,matcher,2025-01-30T23:35:57.855549812Z,1.830000,2025-01-30T23:36:13.475404573Z,/avatars/red.png,2025-01-30T23:15:23.552345657Z,"{""contextSize"":4,""contextStructure"":""comp-between"",""feedbackDuration"":3,""maxTimeout"":5,""numRepetitionsWithPartner"":4,""playerCount"":2,""selectionDuration"":60,""showNegativeFeedback"":1}",2025-01-30T23:12:34.276872148Z,full-comp-between,2025-01-30T23:12:34.276872148Z,"{""participantKey"":""5f01c985f119a1317aa68d30"",""STUDY_ID"":""679bb8b3cc23fe8d03da31c0"",""SESSION_ID"":""679c0739ac50a94dbeca0c1b""}",2025-01-30T23:12:34.597777099Z
01JJWQTAQZ7PRR9KCZDS80XQAT,https://api.dicebear.com/8.x/rings/svg?seed=Repi,2025-01-30T23:26:37.642415963Z,0.180000,2025-01-30T23:35:01.408982479Z,game ended,2025-01-30T23:40:18.842847505Z,,,,,01JJWQM9NN31AH9EPQFG21TR1J,2025-01-30T23:25:52.751707697Z,2,2025-01-30T23:19:23.552894907Z,true,2025-01-30T23:26:36.843524119Z,01JJWQM9NN31AH9EPQFG21TR1J,2025-01-30T23:26:36.881109598Z,01JJWRKCTEKMDBMG1VD9GQGB9N,2025-01-30T23:26:36.881109598Z,Repi,2025-01-30T23:26:37.642415963Z,#29828D,2025-01-30T23:26:37.642415963Z,01JJWQT9AXMQYCSYGQ6FGC6ANP,2025-01-30T23:12:55.551635487Z,6775ea970c07e5ed9a2803fe,2025-01-30T23:12:55.551635487Z,01JJWR6XK1CVES85T7PJJTVFR6,2025-01-30T23:26:37.642415963Z,matcher,2025-01-30T23:39:15.433195177Z,0.180000,2025-01-30T23:35:01.408982479Z,/avatars/blue.png,2025-01-30T23:26:37.642415963Z,"{""contextSize"":4,""contextStructure"":""comp-between"",""feedbackDuration"":3,""maxTimeout"":5,""numRepetitionsWithPartner"":4,""playerCount"":2,""selectionDuration"":60,""showNegativeFeedback"":1}",2025-01-30T23:12:55.556196026Z,full-comp-between,2025-01-30T23:12:55.556196026Z,"{""participantKey"":""6775ea970c07e5ed9a2803fe"",""STUDY_ID"":""679bb8b3cc23fe8d03da31c0"",""SESSION_ID"":""679c07367aedf7ffe174999b""}",2025-01-30T23:12:55.985060827Z
01JJWQWB9WDNKTRJPVJQ7GEFB9,,,,,null,2025-01-30T23:14:01.665749279Z,,,,,01JJWSR6G9Z0CEPWXAMKJ8HE77,2025-01-30T23:55:02.703193113Z,2,2025-01-30T23:15:43.061972001Z,,,,,,,,,,,01JJWQWAVWSDZ2757ANP0RXM78,2025-01-30T23:14:01.660226291Z,5e437d7404eaba215eafbd2a,2025-01-30T23:14:01.660226291Z,,,,,,,,,"{""contextSize"":4,""contextStructure"":""comp-between"",""feedbackDuration"":3,""maxTimeout"":5,""numRepetitionsWithPartner"":4,""playerCount"":2,""selectionDuration"":60,""showNegativeFeedback"":1}",2025-01-30T23:14:01.665749279Z,full-comp-between,2025-01-30T23:14:01.665749279Z,"{""participantKey"":""5e437d7404eaba215eafbd2a"",""STUDY_ID"":""679bb8b3cc23fe8d03da31c0"",""SESSION_ID"":""679c073e34033be20761c2e4""}",2025-01-30T23:14:01.921605685Z
01JJWQS2GVABVS7896RA49V4PP,https://api.dicebear.com/8.x/rings/svg?seed=Repi,2025-01-30T23:19:07.296515549Z,1.830000,2025-01-30T23:43:55.421312075Z,game ended,2025-01-30T23:43:55.516811228Z,true,2025-01-30T23:45:15.444301813Z,"{""age"":""55"",""gender"":""female"",""strategy"":""devised names for each pattern"",""enjoy"":""very nice my partner had some intelligence "",""feedback"":""all good Ty "",""education"":""high-school""}",2025-01-30T23:45:15.42583283Z,01JJWQM7JYKRFWJQSYFADXG4VD,2025-01-30T23:17:53.038209745Z,2,2025-01-30T23:17:10.131160278Z,true,2025-01-30T23:19:07.042176521Z,01JJWQM7JYKRFWJQSYFADXG4VD,2025-01-30T23:19:07.084258747Z,01JJWR5NJAJW7FDRCB9GDZKRYD,2025-01-30T23:19:07.084258747Z,Repi,2025-01-30T23:19:07.296515549Z,#29828D,2025-01-30T23:19:07.296515549Z,01JJWQS1Y1VR58D5C479AT90PT,2025-01-30T23:12:14.363726734Z,5e3f04fdb721da159417a725,2025-01-30T23:12:14.363726734Z,01JJWQS3TH2KYGFDJXE937C6SG,2025-01-30T23:19:07.296515549Z,director,2025-01-30T23:43:35.761778381Z,1.830000,2025-01-30T23:43:55.421312075Z,/avatars/blue.png,2025-01-30T23:19:07.296515549Z,"{""contextSize"":4,""contextStructure"":""comp-between"",""feedbackDuration"":3,""maxTimeout"":5,""numRepetitionsWithPartner"":4,""playerCount"":2,""selectionDuration"":60,""showNegativeFeedback"":1}",2025-01-30T23:12:14.366847001Z,full-comp-between,2025-01-30T23:12:14.366847001Z,"{""participantKey"":""5e3f04fdb721da159417a725"",""STUDY_ID"":""679bb8b3cc23fe8d03da31c0"",""SESSION_ID"":""679c073c67d6bf7eb95cd655""}",2025-01-30T23:12:14.690817511Z
01JJWQWBMMEEFTMNDEWWJC8W63,,,,,null,2025-01-30T23:14:02.008238324Z,,,,,01JJWSR6G9Z0CEPWXAMKJ8HE77,2025-01-30T23:55:02.703193113Z,2,2025-01-30T23:14:53.771244625Z,,,,,,,,,,,01JJWQWB1FJGZ1VJJWKBMYQB0C,2025-01-30T23:14:02.00425879Z,62c5d0cfdf443d24e054d302,2025-01-30T23:14:02.00425879Z,,,,,,,,,"{""contextSize"":4,""contextStructure"":""comp-between"",""feedbackDuration"":3,""maxTimeout"":5,""numRepetitionsWithPartner"":4,""playerCount"":2,""selectionDuration"":60,""showNegativeFeedback"":1}",2025-01-30T23:14:02.008238324Z,full-comp-between,2025-01-30T23:14:02.008238324Z,"{""participantKey"":""62c5d0cfdf443d24e054d302"",""STUDY_ID"":""679bb8b3cc23fe8d03da31c0"",""SESSION_ID"":""679c073f42a60ebe977e3f59""}",2025-01-30T23:14:02.331784465Z
01JJWRB9WG64CG27XBCC43EP3V,https://api.dicebear.com/8.x/rings/svg?seed=Minu,2025-01-30T23:27:35.870130625Z,0,2025-01-30T23:27:35.870130625Z,game ended,2025-01-30T23:37:19.606862653Z,true,2025-01-30T23:40:19.122097425Z,"{""age"":""48"",""gender"":""male"",""strategy"":""nothing"",""enjoy"":""yes"",""feedback"":""no"",""education"":""bachelor""}",2025-01-30T23:40:18.785601916Z,01JJWQM9Z0665TE8FH60006TCE,2025-01-30T23:26:36.868299978Z,2,2025-01-30T23:24:43.727517876Z,true,2025-01-30T23:26:40.167397036Z,01JJWQM9Z0665TE8FH60006TCE,2025-01-30T23:26:50.441182959Z,01JJWRKT25D3W8C2ESAKF8JS0G,2025-01-30T23:26:50.441182959Z,Minu,2025-01-30T23:27:35.870130625Z,#444EA1,2025-01-30T23:27:35.870130625Z,01JJWRB6HN3MV3Q13SJ51TQ3NW,2025-01-30T23:22:11.728450033Z,671813a64cc728d09ef7499d,2025-01-30T23:22:11.728450033Z,01JJWRA8P00NRWVV7JQMKBQJJE,2025-01-30T23:27:35.870130625Z,matcher,2025-01-30T23:36:16.21955472Z,0,2025-01-30T23:27:35.870130625Z,/avatars/red.png,2025-01-30T23:27:35.870130625Z,"{""contextSize"":4,""contextStructure"":""comp-between"",""feedbackDuration"":3,""maxTimeout"":5,""numRepetitionsWithPartner"":4,""playerCount"":2,""selectionDuration"":60,""showNegativeFeedback"":1}",2025-01-30T23:22:11.737902075Z,full-comp-between,2025-01-30T23:22:11.737902075Z,"{""participantKey"":""671813a64cc728d09ef7499d"",""STUDY_ID"":""679bb8b3cc23fe8d03da31c0"",""SESSION_ID"":""679c07315e3020e68eecd10b""}",2025-01-30T23:22:12.248236615Z
01JJWXBQ01R9YGM3F8P36JETWV,,,,,null,2025-01-31T00:49:48.090699705Z,,,,,01JJWSR6G9Z0CEPWXAMKJ8HE77,2025-01-31T00:49:48.090699705Z,2,2025-01-31T00:50:15.413161517Z,,,,,,,,,,,01JJWXBPNFCWN2B8WKJ4W0FKYF,2025-01-31T00:49:48.033682038Z,6789074a4282d06820411ec8,2025-01-31T00:49:48.033682038Z,,,,,,,,,"{""contextSize"":4,""contextStructure"":""comp-between"",""feedbackDuration"":3,""maxTimeout"":5,""numRepetitionsWithPartner"":4,""playerCount"":2,""selectionDuration"":60,""showNegativeFeedback"":1}",2025-01-31T00:49:48.090699705Z,full-comp-between,2025-01-31T00:49:48.090699705Z,"{""participantKey"":""6789074a4282d06820411ec8"",""STUDY_ID"":""679bb8b3cc23fe8d03da31c0"",""SESSION_ID"":""679bf6b9367f86a85433e186""}",2025-01-31T00:49:48.258900131Z
01JJWQSTTZJ2MSZBK7K9MA36YQ,https://api.dicebear.com/8.x/rings/svg?seed=Repi,2025-01-30T23:21:26.442849205Z,1.890000,2025-01-30T23:39:36.927361416Z,game ended,2025-01-30T23:39:37.01618317Z,true,2025-01-30T23:40:30.581988031Z,"{""age"":""40"",""gender"":""femaile"",""strategy"":""shape and letters"",""enjoy"":""I enjoyed it. it was like a rush. "",""feedback"":"""",""education"":""bachelor""}",2025-01-30T23:40:30.562278501Z,01JJWQM7TRXWKY9X7MEZG3PZQH,2025-01-30T23:19:07.07662455Z,2,2025-01-30T23:16:53.649070323Z,true,2025-01-30T23:20:27.278069467Z,01JJWQM7TRXWKY9X7MEZG3PZQH,2025-01-30T23:20:27.285466807Z,01JJWR83WKBEJQF77P25CKMRK6,2025-01-30T23:20:27.285466807Z,Repi,2025-01-30T23:21:26.442849205Z,#29828D,2025-01-30T23:21:26.442849205Z,01JJWQSTDCZ00GZZBEPZATV1WN,2025-01-30T23:12:39.263622937Z,66e13442b0ae2bb7f0170ebb,2025-01-30T23:12:39.263622937Z,01JJWQZ0K0VHSQ7ZK82E10VDV8,2025-01-30T23:21:26.442849205Z,director,2025-01-30T23:39:27.036210039Z,1.890000,2025-01-30T23:39:36.927361416Z,/avatars/blue.png,2025-01-30T23:21:26.442849205Z,"{""contextSize"":4,""contextStructure"":""comp-between"",""feedbackDuration"":3,""maxTimeout"":5,""numRepetitionsWithPartner"":4,""playerCount"":2,""selectionDuration"":60,""showNegativeFeedback"":1}",2025-01-30T23:12:39.26819017Z,full-comp-between,2025-01-30T23:12:39.26819017Z,"{""participantKey"":""66e13442b0ae2bb7f0170ebb"",""STUDY_ID"":""679bb8b3cc23fe8d03da31c0"",""SESSION_ID"":""679c072f46e8065e6b5963e0""}",2025-01-30T23:12:39.54573804Z
01JJWQTXQM91R5N41GK9CWG50N,https://api.dicebear.com/8.x/rings/svg?seed=Minu,2025-01-30T23:22:53.735514148Z,1.290000,2025-01-31T00:01:33.51656906Z,game ended,2025-01-31T00:01:33.656074615Z,true,2025-01-31T00:03:35.047016934Z,"{""age"":""26"",""gender"":""Male"",""strategy"":""We used shapes, numbers, and alphabets"",""enjoy"":""Yes"",""feedback"":""My partner matched some shapes correctly but you indicated it was wrong"",""education"":""master""}",2025-01-31T00:03:35.078203448Z,01JJWQM8BVGK0ZH8GATDR81V9G,2025-01-30T23:22:22.949890392Z,2,2025-01-30T23:18:38.274662743Z,true,2025-01-30T23:22:53.335932757Z,01JJWQM8BVGK0ZH8GATDR81V9G,2025-01-30T23:22:53.380799124Z,01JJWRCJJ2EY58MQ6P6K1X6ZCW,2025-01-30T23:22:53.380799124Z,Minu,2025-01-30T23:22:53.735514148Z,#444EA1,2025-01-30T23:22:53.735514148Z,01JJWQTVW38EPKNJAZJWN5EMXC,2025-01-30T23:13:14.996048513Z,677c2c3e7edbdc31d69923ad,2025-01-30T23:13:14.996048513Z,01JJWQSZ3PH7J34ZEQJC6RD3WS,2025-01-30T23:22:53.735514148Z,matcher,2025-01-31T00:01:22.756879126Z,1.290000,2025-01-31T00:01:33.51656906Z,/avatars/red.png,2025-01-30T23:22:53.735514148Z,"{""contextSize"":4,""contextStructure"":""comp-between"",""feedbackDuration"":3,""maxTimeout"":5,""numRepetitionsWithPartner"":4,""playerCount"":2,""selectionDuration"":60,""showNegativeFeedback"":1}",2025-01-30T23:13:15.001425046Z,full-comp-between,2025-01-30T23:13:15.001425046Z,"{""participantKey"":""677c2c3e7edbdc31d69923ad"",""STUDY_ID"":""679bb8b3cc23fe8d03da31c0"",""SESSION_ID"":""679c072c2a2e375472acd474""}",2025-01-30T23:13:15.379248027Z
01JJWR0R4E5XKWS7ZPR3EDVRBG,https://api.dicebear.com/8.x/rings/svg?seed=Minu,2025-01-30T23:31:38.17541166Z,1.470000,2025-01-31T00:12:54.040461343Z,game ended,2025-01-31T00:12:54.228632007Z,true,2025-01-31T00:15:22.045574096Z,"{""age"":""36"",""gender"":""female"",""strategy"":""chose shapes that describe an object or feature of a human"",""enjoy"":""yes, we understood after a few rounds what we needed to do and than after while we only had to state a few words and we got it right."",""feedback"":"""",""education"":""high-school""}",2025-01-31T00:15:21.984207526Z,01JJWQMH0K69BPKF6J67JXHA4V,2025-01-30T23:27:35.054340011Z,2,2025-01-30T23:24:51.242658254Z,true,2025-01-30T23:29:49.938010444Z,01JJWQMH0K69BPKF6J67JXHA4V,2025-01-30T23:29:49.955145918Z,01JJWRS9C0S7YEWX0G3RN1V0J9,2025-01-30T23:29:49.955145918Z,Minu,2025-01-30T23:31:38.17541166Z,#444EA1,2025-01-30T23:31:38.17541166Z,01JJWR0QXX19MH21ZAWMJKRDNA,2025-01-30T23:16:25.870224452Z,664423f62228d52a75ce239c,2025-01-30T23:16:25.870224452Z,01JJWQX6XCHAXPW1QCDP1A36BC,2025-01-30T23:31:38.17541166Z,matcher,2025-01-31T00:12:25.822476315Z,1.470000,2025-01-31T00:12:54.040461343Z,/avatars/red.png,2025-01-30T23:31:38.17541166Z,"{""contextSize"":4,""contextStructure"":""comp-between"",""feedbackDuration"":3,""maxTimeout"":5,""numRepetitionsWithPartner"":4,""playerCount"":2,""selectionDuration"":60,""showNegativeFeedback"":1}",2025-01-30T23:16:25.875189386Z,full-comp-between,2025-01-30T23:16:25.875189386Z,"{""participantKey"":""664423f62228d52a75ce239c"",""STUDY_ID"":""679bb8b3cc23fe8d03da31c0"",""SESSION_ID"":""679c073b75b677c8ee79aaa2""}",2025-01-30T23:16:25.976403486Z
01JJWR5WVZP1PWZB3K4HMXJ9BV,https://api.dicebear.com/8.x/rings/svg?seed=Minu,2025-01-30T23:23:00.940082403Z,1.890000,2025-01-30T23:47:30.094942607Z,game ended,2025-01-30T23:47:30.208067194Z,true,2025-01-30T23:48:58.560609089Z,"{""age"":""26"",""gender"":""Male"",""strategy"":""I would either describe a feature of the object or I would compares it to another real life object."",""enjoy"":""My partner was enjoyable we worked together and tried our best."",""feedback"":""Was a fun study! No issues encountered."",""education"":""high-school""}",2025-01-30T23:48:58.536302271Z,01JJWQM8M9FWZ1KWGP90BB79CV,2025-01-30T23:22:53.370115941Z,2,2025-01-30T23:21:45.026725997Z,true,2025-01-30T23:22:57.107977553Z,01JJWQM8M9FWZ1KWGP90BB79CV,2025-01-30T23:23:00.478285142Z,01JJWRCSFWXHPB5V5G5D87B8VQ,2025-01-30T23:23:00.478285142Z,Minu,2025-01-30T23:23:00.940082403Z,#444EA1,2025-01-30T23:23:00.940082403Z,01JJWR5WHYC0FGYDRPZHMWVM88,2025-01-30T23:19:14.559686683Z,66c8f4c85434e33b086cb7ca,2025-01-30T23:19:14.559686683Z,01JJWR2B4PAZ29T7M54F94NG10,2025-01-30T23:23:00.940082403Z,matcher,2025-01-30T23:47:18.06292465Z,1.890000,2025-01-30T23:47:30.094942607Z,/avatars/red.png,2025-01-30T23:23:00.940082403Z,"{""contextSize"":4,""contextStructure"":""comp-between"",""feedbackDuration"":3,""maxTimeout"":5,""numRepetitionsWithPartner"":4,""playerCount"":2,""selectionDuration"":60,""showNegativeFeedback"":1}",2025-01-30T23:19:14.566955642Z,full-comp-between,2025-01-30T23:19:14.566955642Z,"{""participantKey"":""66c8f4c85434e33b086cb7ca"",""STUDY_ID"":""679bb8b3cc23fe8d03da31c0"",""SESSION_ID"":""679c08ccb3d89663226267a7""}",2025-01-30T23:19:14.724237676Z
01JJWSYBXDXFM32P6SABPF01YG,https://api.dicebear.com/8.x/rings/svg?seed=Repi,2025-01-30T23:53:51.788468309Z,1.920000,2025-01-31T00:18:11.564457366Z,game ended,2025-01-31T00:18:11.714279366Z,true,2025-01-31T00:19:32.944667701Z,"{""age"":""65"",""gender"":""Female"",""strategy"":""Trying to describe the image as plainly as possible."",""enjoy"":""Yes! My partner and I eventually developed a \""language\"" and were able to describe to each other using the same phrases and words that we both understood"",""feedback"":""No problems!"",""education"":""high-school""}",2025-01-31T00:19:32.910533492Z,01JJWSR2RMXQ5JGXR7VBY26NTR,2025-01-30T23:53:10.298478982Z,2,2025-01-30T23:53:09.888264923Z,true,2025-01-30T23:53:49.784519351Z,01JJWSR2RMXQ5JGXR7VBY26NTR,2025-01-30T23:53:49.863454873Z,01JJWT57H44CSVMP42GBGCA25B,2025-01-30T23:53:49.863454873Z,Repi,2025-01-30T23:53:51.788468309Z,#29828D,2025-01-30T23:53:51.788468309Z,01JJWSYBM2JM0HX4382FTPS27B,2025-01-30T23:50:04.973625257Z,66d282830897b77f5b260208,2025-01-30T23:50:04.973625257Z,01JJWT1R37X3T25GBD6TDVV3MY,2025-01-30T23:53:51.788468309Z,director,2025-01-31T00:17:56.627460917Z,1.920000,2025-01-31T00:18:11.564457366Z,/avatars/blue.png,2025-01-30T23:53:51.788468309Z,"{""contextSize"":4,""contextStructure"":""comp-between"",""feedbackDuration"":3,""maxTimeout"":5,""numRepetitionsWithPartner"":4,""playerCount"":2,""selectionDuration"":60,""showNegativeFeedback"":1}",2025-01-30T23:50:05.008597192Z,full-comp-between,2025-01-30T23:50:05.008597192Z,"{""participantKey"":""66d282830897b77f5b260208"",""STUDY_ID"":""679bb8b3cc23fe8d03da31c0"",""SESSION_ID"":""679c0fafa9a11bdc7fb47dbd""}",2025-01-30T23:50:05.169301517Z
01JJWT1NKB57MDQMP2M2P3DZKN,https://api.dicebear.com/8.x/rings/svg?seed=Minu,2025-01-30T23:55:16.128793165Z,1.590000,2025-01-31T00:32:44.648658388Z,game ended,2025-01-31T00:33:06.720070812Z,true,2025-01-31T00:41:55.220823749Z,"{""age"":""26"",""gender"":""Female"",""strategy"":""I followed a pattern of what my parter was tyoing"",""enjoy"":""Yes, My partner was very collaborative"",""feedback"":""NA"",""education"":""master""}",2025-01-31T00:41:55.185347076Z,01JJWSR5ABWPXVH4Y34GR2M9A0,2025-01-30T23:54:36.369639117Z,2,2025-01-30T23:52:32.043005132Z,true,2025-01-30T23:54:40.931405168Z,01JJWSR5ABWPXVH4Y34GR2M9A0,2025-01-30T23:55:02.738385501Z,01JJWT7EPDCH5EV90HZSWXB81M,2025-01-30T23:55:02.738385501Z,Minu,2025-01-30T23:55:16.128793165Z,#444EA1,2025-01-30T23:55:16.128793165Z,01JJWT1KHQ128XG6BZW1EPH7YC,2025-01-30T23:51:53.195429829Z,67143ebf798808e031872711,2025-01-30T23:51:53.195429829Z,01JJWT109BAJ35J70YHSJGVX5V,2025-01-30T23:55:16.128793165Z,matcher,2025-01-31T00:32:44.833853416Z,1.590000,2025-01-31T00:32:44.648658388Z,/avatars/red.png,2025-01-30T23:55:16.128793165Z,"{""contextSize"":4,""contextStructure"":""comp-between"",""feedbackDuration"":3,""maxTimeout"":5,""numRepetitionsWithPartner"":4,""playerCount"":2,""selectionDuration"":60,""showNegativeFeedback"":1}",2025-01-30T23:51:53.229702885Z,full-comp-between,2025-01-30T23:51:53.229702885Z,"{""participantKey"":""67143ebf798808e031872711"",""STUDY_ID"":""679bb8b3cc23fe8d03da31c0"",""SESSION_ID"":""679c10040dccf0b186cfd0ba""}",2025-01-30T23:51:54.062202448Z
01JJWQSZ3PH7J34ZEQJC6RD3WS,https://api.dicebear.com/8.x/rings/svg?seed=Repi,2025-01-30T23:22:53.735514148Z,1.290000,2025-01-31T00:01:33.51656906Z,game ended,2025-01-31T00:01:33.656074615Z,true,2025-01-31T00:02:00.821741483Z,"{""age"":""18"",""gender"":""Male"",""strategy"":"""",""enjoy"":"""",""feedback"":"""",""education"":""high-school""}",2025-01-31T00:02:00.795347136Z,01JJWQM8BVGK0ZH8GATDR81V9G,2025-01-30T23:22:22.949890392Z,2,2025-01-30T23:14:11.293732006Z,true,2025-01-30T23:22:47.443344101Z,01JJWQM8BVGK0ZH8GATDR81V9G,2025-01-30T23:22:47.454211939Z,01JJWRCCRVPQ226XEH2V0YNKA3,2025-01-30T23:22:47.454211939Z,Repi,2025-01-30T23:22:53.735514148Z,#29828D,2025-01-30T23:22:53.735514148Z,01JJWQSYSHCR5VACMW209XZNZ7,2025-01-30T23:12:43.638354545Z,6786f31c1b439cd94f798c31,2025-01-30T23:12:43.638354545Z,01JJWQTXQM91R5N41GK9CWG50N,2025-01-30T23:22:53.735514148Z,director,2025-01-31T00:01:22.756879126Z,1.290000,2025-01-31T00:01:33.51656906Z,/avatars/blue.png,2025-01-30T23:22:53.735514148Z,"{""contextSize"":4,""contextStructure"":""comp-between"",""feedbackDuration"":3,""maxTimeout"":5,""numRepetitionsWithPartner"":4,""playerCount"":2,""selectionDuration"":60,""showNegativeFeedback"":1}",2025-01-30T23:12:43.642733139Z,full-comp-between,2025-01-30T23:12:43.642733139Z,"{""participantKey"":""6786f31c1b439cd94f798c31"",""STUDY_ID"":""679bb8b3cc23fe8d03da31c0"",""SESSION_ID"":""679c073cc946129878188a39""}",2025-01-30T23:12:43.863571682Z
01JJWQYD6ANY9ACM10DYW7CBSF,https://api.dicebear.com/8.x/rings/svg?seed=Repi,2025-01-30T23:24:34.30143361Z,1.860000,2025-01-30T23:50:33.447913525Z,game ended,2025-01-30T23:50:33.560207947Z,true,2025-01-30T23:51:59.317671452Z,"{""age"":""37"",""gender"":""female"",""strategy"":""I read the instructions well"",""enjoy"":""YES"",""feedback"":""NONE"",""education"":""bachelor""}",2025-01-30T23:51:59.289185846Z,01JJWQM8WGY44HHCQ0AQQ6RXGH,2025-01-30T23:23:00.469354947Z,2,2025-01-30T23:17:00.770203106Z,true,2025-01-30T23:24:33.780562567Z,01JJWQM8WGY44HHCQ0AQQ6RXGH,2025-01-30T23:24:33.820227324Z,01JJWRFMMTFW2HPGVMEFHZQD42,2025-01-30T23:24:33.820227324Z,Repi,2025-01-30T23:24:34.30143361Z,#29828D,2025-01-30T23:24:34.30143361Z,01JJWQYBEP2RP5TAKECBGH8R3V,2025-01-30T23:15:09.130866892Z,66f1c6ca9c0198a5ef531e29,2025-01-30T23:15:09.130866892Z,01JJWR0420CMA9MSBPY8QTX9E6,2025-01-30T23:24:34.30143361Z,director,2025-01-30T23:50:16.047828302Z,1.860000,2025-01-30T23:50:33.447913525Z,/avatars/blue.png,2025-01-30T23:24:34.30143361Z,"{""contextSize"":4,""contextStructure"":""comp-between"",""feedbackDuration"":3,""maxTimeout"":5,""numRepetitionsWithPartner"":4,""playerCount"":2,""selectionDuration"":60,""showNegativeFeedback"":1}",2025-01-30T23:15:09.134873004Z,full-comp-between,2025-01-30T23:15:09.134873004Z,"{""participantKey"":""66f1c6ca9c0198a5ef531e29"",""STUDY_ID"":""679bb8b3cc23fe8d03da31c0"",""SESSION_ID"":""679c07dc5d0cfaabe586020d""}",2025-01-30T23:15:10.020025445Z
01JJWSY17ZAFPAQCP2QDS1V3ZK,https://api.dicebear.com/8.x/rings/svg?seed=Repi,2025-01-30T23:53:12.277245306Z,1.920000,2025-01-31T00:17:54.365085443Z,game ended,2025-01-31T00:17:54.515450501Z,true,2025-01-31T00:20:45.908594776Z,"{""age"":""45"",""gender"":""male"",""strategy"":""simple key words (M, P, spikey bird, X legs, diamond left/right,) "",""enjoy"":""Yes, we picked up on the keywords quickly and we stuck to them."",""feedback"":""only the first question took time to load."",""education"":""other""}",2025-01-31T00:20:45.870693316Z,01JJWSR1D827TZNY0WBF4GACM0,2025-01-30T23:52:16.381001009Z,2,2025-01-30T23:52:04.927457633Z,true,2025-01-30T23:53:01.851817342Z,01JJWSR1D827TZNY0WBF4GACM0,2025-01-30T23:53:01.893718113Z,01JJWT3RP1NRJFCE4448Z8CJWX,2025-01-30T23:53:01.893718113Z,Repi,2025-01-30T23:53:12.277245306Z,#29828D,2025-01-30T23:53:12.277245306Z,01JJWSY0Y1PRS02SA7BRBZZJMS,2025-01-30T23:49:54.047021514Z,664c4e829445321c23a8de52,2025-01-30T23:49:54.047021514Z,01JJWSZMFS9QSF0EA66JN9XQ6Q,2025-01-30T23:53:12.277245306Z,director,2025-01-31T00:17:36.79324337Z,1.920000,2025-01-31T00:17:54.365085443Z,/avatars/blue.png,2025-01-30T23:53:12.277245306Z,"{""contextSize"":4,""contextStructure"":""comp-between"",""feedbackDuration"":3,""maxTimeout"":5,""numRepetitionsWithPartner"":4,""playerCount"":2,""selectionDuration"":60,""showNegativeFeedback"":1}",2025-01-30T23:49:54.080422541Z,full-comp-between,2025-01-30T23:49:54.080422541Z,"{""participantKey"":""664c4e829445321c23a8de52"",""STUDY_ID"":""679bb8b3cc23fe8d03da31c0"",""SESSION_ID"":""679c0ffdc6706488c820ebcd""}",2025-01-30T23:49:54.251465133Z
01JJWQRY9Y1ZD4FJ8MJ9M9H1C1,,,,,null,2025-01-30T23:12:10.051133302Z,,,,,01JJWSR6G9Z0CEPWXAMKJ8HE77,2025-01-30T23:55:02.703193113Z,2,2025-01-30T23:13:22.401524713Z,,,,,,,,,,,01JJWQRY5PT8ZEHRY2PK56Y48T,2025-01-30T23:12:10.046351314Z,6787eeb21b4f7848f1047647,2025-01-30T23:12:10.046351314Z,,,,,,,,,"{""contextSize"":4,""contextStructure"":""comp-between"",""feedbackDuration"":3,""maxTimeout"":5,""numRepetitionsWithPartner"":4,""playerCount"":2,""selectionDuration"":60,""showNegativeFeedback"":1}",2025-01-30T23:12:10.051133302Z,full-comp-between,2025-01-30T23:12:10.051133302Z,"{""participantKey"":""6787eeb21b4f7848f1047647"",""STUDY_ID"":""679bb8b3cc23fe8d03da31c0"",""SESSION_ID"":""679c073344e3f41e01065df4""}",2025-01-30T23:12:10.122453854Z
01JJWR2B4PAZ29T7M54F94NG10,https://api.dicebear.com/8.x/rings/svg?seed=Repi,2025-01-30T23:23:00.940082403Z,1.890000,2025-01-30T23:47:30.094942607Z,game ended,2025-01-30T23:47:30.208067194Z,true,2025-01-30T23:48:52.936230963Z,"{""age"":""40"",""gender"":""male"",""strategy"":""Animals, objects, and whether or not one shape was asymmetric."",""enjoy"":""I think that playing with a partner made the game more interesting."",""feedback"":""N/A"",""education"":""high-school""}",2025-01-30T23:48:52.912742581Z,01JJWQM8M9FWZ1KWGP90BB79CV,2025-01-30T23:22:53.370115941Z,2,2025-01-30T23:19:19.245281623Z,true,2025-01-30T23:22:59.293688019Z,01JJWQM8M9FWZ1KWGP90BB79CV,2025-01-30T23:23:00.48879732Z,01JJWRCSG6GB1D6JBSY9WRBEF7,2025-01-30T23:23:00.48879732Z,Repi,2025-01-30T23:23:00.940082403Z,#29828D,2025-01-30T23:23:00.940082403Z,01JJWR2AV399K5KCE1E74HN0TT,2025-01-30T23:17:18.102205542Z,5ea89d0c5a0a9c12978f8263,2025-01-30T23:17:18.102205542Z,01JJWR5WVZP1PWZB3K4HMXJ9BV,2025-01-30T23:23:00.940082403Z,director,2025-01-30T23:47:18.06292465Z,1.890000,2025-01-30T23:47:30.094942607Z,/avatars/blue.png,2025-01-30T23:23:00.940082403Z,"{""contextSize"":4,""contextStructure"":""comp-between"",""feedbackDuration"":3,""maxTimeout"":5,""numRepetitionsWithPartner"":4,""playerCount"":2,""selectionDuration"":60,""showNegativeFeedback"":1}",2025-01-30T23:17:18.108844887Z,full-comp-between,2025-01-30T23:17:18.108844887Z,"{""participantKey"":""5ea89d0c5a0a9c12978f8263"",""STUDY_ID"":""679bb8b3cc23fe8d03da31c0"",""SESSION_ID"":""679c073705e306b8d49ada2e""}",2025-01-30T23:17:18.265666359Z
01JJWR6YPRBYZDQS37TNVZ17DG,https://api.dicebear.com/8.x/rings/svg?seed=Repi,2025-01-30T23:24:56.433715936Z,1.500000,2025-01-30T23:52:00.165710415Z,game ended,2025-01-30T23:52:00.278811132Z,true,2025-01-30T23:54:28.615047827Z,"{""age"":""60"",""gender"":""female "",""strategy"":""it was smart "",""enjoy"":""yes i did "",""feedback"":""no problem "",""education"":""bachelor""}",2025-01-30T23:54:28.587183486Z,01JJWQM94XQAQVWGZG992VCZZY,2025-01-30T23:24:33.809300625Z,2,2025-01-30T23:22:19.114059252Z,true,2025-01-30T23:24:55.858966114Z,01JJWQM94XQAQVWGZG992VCZZY,2025-01-30T23:24:55.900590031Z,01JJWRGA6TW0XS15SPJWEC1T1X,2025-01-30T23:24:55.900590031Z,Repi,2025-01-30T23:24:56.433715936Z,#29828D,2025-01-30T23:24:56.433715936Z,01JJWR6WVJ8C0Y7T4WS3C1W4ZE,2025-01-30T23:19:49.208513096Z,67925dd24e3bfe88835a94a8,2025-01-30T23:19:49.208513096Z,01JJWR8KFVXWYDQ6YE1YR69PA7,2025-01-30T23:24:56.433715936Z,director,2025-01-30T23:51:44.75692473Z,1.500000,2025-01-30T23:52:00.165710415Z,/avatars/blue.png,2025-01-30T23:24:56.433715936Z,"{""contextSize"":4,""contextStructure"":""comp-between"",""feedbackDuration"":3,""maxTimeout"":5,""numRepetitionsWithPartner"":4,""playerCount"":2,""selectionDuration"":60,""showNegativeFeedback"":1}",2025-01-30T23:19:49.2168194Z,full-comp-between,2025-01-30T23:19:49.2168194Z,"{""participantKey"":""67925dd24e3bfe88835a94a8"",""STUDY_ID"":""679bb8b3cc23fe8d03da31c0"",""SESSION_ID"":""679c087bb034864fb42b2845""}",2025-01-30T23:19:49.646286539Z
01JJWSZMFS9QSF0EA66JN9XQ6Q,https://api.dicebear.com/8.x/rings/svg?seed=Minu,2025-01-30T23:53:12.277245306Z,1.920000,2025-01-31T00:17:54.365085443Z,game ended,2025-01-31T00:17:54.515450501Z,true,2025-01-31T00:20:40.821803321Z,"{""age"":""25"",""gender"":""male"",""strategy"":""describe the kind of shapes you see until your partner gets it"",""enjoy"":""yes because it is a team work and you get to know what your partner says along the way"",""feedback"":""everything went well"",""education"":""bachelor""}",2025-01-31T00:20:41.503933559Z,01JJWSR1D827TZNY0WBF4GACM0,2025-01-30T23:52:16.381001009Z,2,2025-01-30T23:51:42.955960752Z,true,2025-01-30T23:53:10.247255637Z,01JJWSR1D827TZNY0WBF4GACM0,2025-01-30T23:53:10.329410299Z,01JJWT40XPYVVBA9CX4WSQWTAD,2025-01-30T23:53:10.329410299Z,Minu,2025-01-30T23:53:12.277245306Z,#444EA1,2025-01-30T23:53:12.277245306Z,01JJWSZJEW6STRAYBZEPSWJ229,2025-01-30T23:50:46.521719165Z,6771633e49c5b9adc2d0cf8f,2025-01-30T23:50:46.521719165Z,01JJWSY17ZAFPAQCP2QDS1V3ZK,2025-01-30T23:53:12.277245306Z,matcher,2025-01-31T00:17:36.79324337Z,1.920000,2025-01-31T00:17:54.365085443Z,/avatars/red.png,2025-01-30T23:53:12.277245306Z,"{""contextSize"":4,""contextStructure"":""comp-between"",""feedbackDuration"":3,""maxTimeout"":5,""numRepetitionsWithPartner"":4,""playerCount"":2,""selectionDuration"":60,""showNegativeFeedback"":1}",2025-01-30T23:50:46.556940879Z,full-comp-between,2025-01-30T23:50:46.556940879Z,"{""participantKey"":""6771633e49c5b9adc2d0cf8f"",""STUDY_ID"":""679bb8b3cc23fe8d03da31c0"",""SESSION_ID"":""679c0ff69ebb283f06ad9366""}",2025-01-30T23:50:46.965000548Z
01JJWT109BAJ35J70YHSJGVX5V,https://api.dicebear.com/8.x/rings/svg?seed=Repi,2025-01-30T23:55:16.128793165Z,1.590000,2025-01-31T00:32:44.648658388Z,game ended,2025-01-31T00:33:06.720070812Z,true,2025-01-31T00:52:52.752851849Z,"{""age"":""48"",""gender"":""female"",""strategy"":""I chose the shapes based on the description from the director"",""enjoy"":""Yes, It was engaging and fun"",""feedback"":""None"",""education"":""master""}",2025-01-31T00:52:52.718546508Z,01JJWSR5ABWPXVH4Y34GR2M9A0,2025-01-30T23:54:36.369639117Z,2,2025-01-30T23:52:36.015942253Z,true,2025-01-30T23:54:56.651663175Z,01JJWSR5ABWPXVH4Y34GR2M9A0,2025-01-30T23:55:14.112461001Z,01JJWT7SSXF7BCTBJ0ZQ18B5CA,2025-01-30T23:55:14.112461001Z,Repi,2025-01-30T23:55:16.128793165Z,#29828D,2025-01-30T23:55:16.128793165Z,01JJWT0YR350EQ718RADFM1Z2V,2025-01-30T23:51:31.371281647Z,6731ef0d9c69e1ff23ff1e24,2025-01-30T23:51:31.371281647Z,01JJWT1NKB57MDQMP2M2P3DZKN,2025-01-30T23:55:16.128793165Z,director,2025-01-31T00:32:44.833853416Z,1.590000,2025-01-31T00:32:44.648658388Z,/avatars/blue.png,2025-01-30T23:55:16.128793165Z,"{""contextSize"":4,""contextStructure"":""comp-between"",""feedbackDuration"":3,""maxTimeout"":5,""numRepetitionsWithPartner"":4,""playerCount"":2,""selectionDuration"":60,""showNegativeFeedback"":1}",2025-01-30T23:51:31.406542227Z,full-comp-between,2025-01-30T23:51:31.406542227Z,"{""participantKey"":""6731ef0d9c69e1ff23ff1e24"",""STUDY_ID"":""679bb8b3cc23fe8d03da31c0"",""SESSION_ID"":""679c10605373478b61c4dfb5""}",2025-01-30T23:51:32.124287619Z
01JJWQV1TS0KZ44GYE1X0YSK72,https://api.dicebear.com/8.x/rings/svg?seed=Minu,2025-01-30T23:17:53.202664347Z,1.740000,2025-01-30T23:40:01.864015408Z,game ended,2025-01-30T23:40:02.019655938Z,true,2025-01-30T23:41:33.636811484Z,"{""age"":""23"",""gender"":""Female"",""strategy"":""making familiar phrases, and we kept repeating them for the same shapes. "",""enjoy"":""Yes, the person seemed to understand me well and I understood them. "",""feedback"":""We got some of the rounds right, but it marked them as wrong. "",""education"":""bachelor""}",2025-01-30T23:41:33.616984486Z,01JJWQM4SXYWDXPAAXPXF6RTWY,2025-01-30T23:17:34.747190148Z,2,2025-01-30T23:14:37.190027006Z,true,2025-01-30T23:17:53.015220887Z,01JJWQM4SXYWDXPAAXPXF6RTWY,2025-01-30T23:17:53.043740132Z,01JJWR3D8JWVAV0QSYNTNYEKZ0,2025-01-30T23:17:53.043740132Z,Minu,2025-01-30T23:17:53.202664347Z,#444EA1,2025-01-30T23:17:53.202664347Z,01JJWQV1M1BZJR8ZDSRZZYH6T4,2025-01-30T23:13:19.193367485Z,67587c3aecfda922e00737f7,2025-01-30T23:13:19.193367485Z,01JJWQSQV9SPPYA5PX985YMZYW,2025-01-30T23:17:53.202664347Z,matcher,2025-01-30T23:39:45.971798493Z,1.740000,2025-01-30T23:40:01.864015408Z,/avatars/red.png,2025-01-30T23:17:53.202664347Z,"{""contextSize"":4,""contextStructure"":""comp-between"",""feedbackDuration"":3,""maxTimeout"":5,""numRepetitionsWithPartner"":4,""playerCount"":2,""selectionDuration"":60,""showNegativeFeedback"":1}",2025-01-30T23:13:19.197006943Z,full-comp-between,2025-01-30T23:13:19.197006943Z,"{""participantKey"":""67587c3aecfda922e00737f7"",""STUDY_ID"":""679bb8b3cc23fe8d03da31c0"",""SESSION_ID"":""679c073dc7a4454853a8b336""}",2025-01-30T23:13:19.525855731Z
01JJWR1ETS1JN3WY00GJSHKE7R,https://api.dicebear.com/8.x/rings/svg?seed=Minu,2025-01-30T23:22:23.250248175Z,0.510000,2025-01-30T23:40:03.55859437Z,game ended,2025-01-30T23:45:21.58401382Z,true,2025-01-30T23:47:38.712619764Z,"{""age"":""35"",""gender"":""Male"",""strategy"":""I just described the position of certain shapes and what it looks like."",""enjoy"":""It was entertaining until either my partner disconnected or it broke."",""feedback"":""None"",""education"":""bachelor""}",2025-01-30T23:47:38.735078556Z,01JJWQM844MK0XHZFTGEC09EQ6,2025-01-30T23:21:26.163982344Z,2,2025-01-30T23:17:02.361060129Z,true,2025-01-30T23:21:39.979839262Z,01JJWQM844MK0XHZFTGEC09EQ6,2025-01-30T23:21:39.988154344Z,01JJWRAAWJW91058DAVH71SHKB,2025-01-30T23:21:39.988154344Z,Minu,2025-01-30T23:22:23.250248175Z,#444EA1,2025-01-30T23:22:23.250248175Z,01JJWR1ER3NJR2219WQYYGCND2,2025-01-30T23:16:49.113439411Z,5e1510a1c76aa6b119558fd6,2025-01-30T23:16:49.113439411Z,01JJWQYAXFA06T43169FFGR53K,2025-01-30T23:22:23.250248175Z,matcher,2025-01-30T23:44:17.934726618Z,0.510000,2025-01-30T23:40:03.55859437Z,/avatars/red.png,2025-01-30T23:22:23.250248175Z,"{""contextSize"":4,""contextStructure"":""comp-between"",""feedbackDuration"":3,""maxTimeout"":5,""numRepetitionsWithPartner"":4,""playerCount"":2,""selectionDuration"":60,""showNegativeFeedback"":1}",2025-01-30T23:16:49.117168821Z,full-comp-between,2025-01-30T23:16:49.117168821Z,"{""participantKey"":""5e1510a1c76aa6b119558fd6"",""STUDY_ID"":""679bb8b3cc23fe8d03da31c0"",""SESSION_ID"":""679c07326802df028cf10d0d""}",2025-01-30T23:16:49.166948339Z
01JJWQSQA3MCKB15AH3JKY1YZC,,,,,null,2025-01-30T23:12:35.654852419Z,,,,,01JJWSR6G9Z0CEPWXAMKJ8HE77,2025-01-30T23:55:02.703193113Z,1,2025-01-30T23:12:37.895170238Z,,,,,,,,,,,01JJWQSQ68XSEJ7PKWC5MWKBH4,2025-01-30T23:12:35.651027806Z,5e9272473f920e5b0caf8279,2025-01-30T23:12:35.651027806Z,,,,,,,,,"{""contextSize"":4,""contextStructure"":""comp-between"",""feedbackDuration"":3,""maxTimeout"":5,""numRepetitionsWithPartner"":4,""playerCount"":2,""selectionDuration"":60,""showNegativeFeedback"":1}",2025-01-30T23:12:35.654852419Z,full-comp-between,2025-01-30T23:12:35.654852419Z,"{""participantKey"":""5e9272473f920e5b0caf8279"",""STUDY_ID"":""679bb8b3cc23fe8d03da31c0"",""SESSION_ID"":""679bf6bca546609d35507bf9""}",2025-01-30T23:12:35.715360189Z
01JJWR8PMT1SN2WP3VXZV12T09,https://api.dicebear.com/8.x/rings/svg?seed=Minu,2025-01-30T23:25:53.348805097Z,0.450000,2025-01-30T23:35:03.06991596Z,game ended,2025-01-30T23:40:21.23080864Z,true,2025-01-30T23:43:22.758215033Z,"{""age"":""32"",""gender"":""male"",""strategy"":""I used any information i had on a particular image to make my partner understand."",""enjoy"":""I enjoyed, they understood what  I was trying to tell them."",""feedback"":""During the second trial my partner disconnected or something went wrong."",""education"":""bachelor""}",2025-01-30T23:43:22.740923329Z,01JJWQM9DAGFZKW8XR8W2D95AS,2025-01-30T23:24:55.889576449Z,2,2025-01-30T23:24:01.892647557Z,true,2025-01-30T23:25:52.710234575Z,01JJWQM9DAGFZKW8XR8W2D95AS,2025-01-30T23:25:52.765330767Z,01JJWRJ1QVESEW5E4MHVA3DJY3,2025-01-30T23:25:52.765330767Z,Minu,2025-01-30T23:25:53.348805097Z,#444EA1,2025-01-30T23:25:53.348805097Z,01JJWR8MH8WB48XFP4BTR2X5NZ,2025-01-30T23:20:46.490677123Z,6730e8796ee5f7b8d0c010b1,2025-01-30T23:20:46.490677123Z,01JJWR4B3NQYDQQZFR048P98PH,2025-01-30T23:25:53.348805097Z,matcher,2025-01-30T23:39:17.835723388Z,0.450000,2025-01-30T23:35:03.06991596Z,/avatars/red.png,2025-01-30T23:25:53.348805097Z,"{""contextSize"":4,""contextStructure"":""comp-between"",""feedbackDuration"":3,""maxTimeout"":5,""numRepetitionsWithPartner"":4,""playerCount"":2,""selectionDuration"":60,""showNegativeFeedback"":1}",2025-01-30T23:20:46.497184941Z,full-comp-between,2025-01-30T23:20:46.497184941Z,"{""participantKey"":""6730e8796ee5f7b8d0c010b1"",""STUDY_ID"":""679bb8b3cc23fe8d03da31c0"",""SESSION_ID"":""679c0902422e05765eb2eb1d""}",2025-01-30T23:20:46.948685391Z
01JJWQS1X8AXCZ1VYNG6Z378NS,https://api.dicebear.com/8.x/rings/svg?seed=Minu,2025-01-30T23:16:03.063666884Z,0,2025-01-30T23:16:03.063666884Z,game ended,2025-01-30T23:21:20.848811104Z,,,,,01JJWQM3PFQBZ8D8TSMQCH27Y7,2025-01-30T23:15:23.401907851Z,2,2025-01-30T23:14:47.387205007Z,true,2025-01-30T23:15:36.2401207Z,01JJWQM3PFQBZ8D8TSMQCH27Y7,2025-01-30T23:15:36.245575341Z,01JJWQZ7NKQM06596SYA0DA29V,2025-01-30T23:15:36.245575341Z,Minu,2025-01-30T23:16:03.063666884Z,#444EA1,2025-01-30T23:16:03.063666884Z,01JJWQS171NDGX6GQXXYYK2NZN,2025-01-30T23:12:13.736117859Z,670c06bb7926d2525a7a7755,2025-01-30T23:12:13.736117859Z,01JJWQRJMBSB61FHVSNY79RF1Y,2025-01-30T23:16:03.063666884Z,director,2025-01-30T23:20:17.74245424Z,0,2025-01-30T23:16:03.063666884Z,/avatars/red.png,2025-01-30T23:16:03.063666884Z,"{""contextSize"":4,""contextStructure"":""comp-between"",""feedbackDuration"":3,""maxTimeout"":5,""numRepetitionsWithPartner"":4,""playerCount"":2,""selectionDuration"":60,""showNegativeFeedback"":1}",2025-01-30T23:12:13.740347623Z,full-comp-between,2025-01-30T23:12:13.740347623Z,"{""participantKey"":""670c06bb7926d2525a7a7755"",""STUDY_ID"":""679bb8b3cc23fe8d03da31c0"",""SESSION_ID"":""679c072b9691417858346a51""}",2025-01-30T23:12:14.083116653Z
01JJWQSKBWP80JVE0ZW28BSM19,https://api.dicebear.com/8.x/rings/svg?seed=Repi,2025-01-30T23:16:32.943960664Z,1.920000,2025-01-30T23:36:05.641252549Z,game ended,2025-01-30T23:36:05.732078278Z,true,2025-01-30T23:38:41.443880754Z,"{""age"":""30"",""gender"":""male"",""strategy"":""My partner and I came to a general consensus on what to call things. Each item always had something that didn't change about it, so that's what we ended up describing to eachother."",""enjoy"":""I did. I found my partner and I worked great as a team. We cooperated well and learned at the same level."",""feedback"":""Occasionally the game wouldn't show a green box around what I selected right away, but it worked eventually and wasn't a huge issue."",""education"":""high-school""}",2025-01-30T23:38:41.42534222Z,01JJWQM46VZHKDRK29PCXJ8GQ3,2025-01-30T23:16:02.953913168Z,2,2025-01-30T23:14:50.22301168Z,true,2025-01-30T23:16:24.002334958Z,01JJWQM46VZHKDRK29PCXJ8GQ3,2025-01-30T23:16:24.010760047Z,01JJWR0PA7VACG8MGY5VS8EREQ,2025-01-30T23:16:24.010760047Z,Repi,2025-01-30T23:16:32.943960664Z,#29828D,2025-01-30T23:16:32.943960664Z,01JJWQSK34C2VPDKV7708NNBWV,2025-01-30T23:12:31.612752272Z,5685850c333cbd000d4e042f,2025-01-30T23:12:31.612752272Z,01JJWQSP07CN8VJT9PQX1RFC4D,2025-01-30T23:16:32.943960664Z,director,2025-01-30T23:35:51.488093797Z,1.920000,2025-01-30T23:36:05.641252549Z,/avatars/blue.png,2025-01-30T23:16:32.943960664Z,"{""contextSize"":4,""contextStructure"":""comp-between"",""feedbackDuration"":3,""maxTimeout"":5,""numRepetitionsWithPartner"":4,""playerCount"":2,""selectionDuration"":60,""showNegativeFeedback"":1}",2025-01-30T23:12:31.617039408Z,full-comp-between,2025-01-30T23:12:31.617039408Z,"{""participantKey"":""5685850c333cbd000d4e042f"",""STUDY_ID"":""679bb8b3cc23fe8d03da31c0"",""SESSION_ID"":""679c0738805e3af44b837dfc""}",2025-01-30T23:12:31.763991287Z
01JJWQSP07CN8VJT9PQX1RFC4D,https://api.dicebear.com/8.x/rings/svg?seed=Minu,2025-01-30T23:16:32.943960664Z,1.920000,2025-01-30T23:36:05.641252549Z,game ended,2025-01-30T23:36:05.732078278Z,true,2025-01-30T23:37:12.961657076Z,"{""age"":""32"",""gender"":""female"",""strategy"":""pick the most distinct features of the shape to describe to partner"",""enjoy"":""yes, fun to come up with a \""short-hand\"" with partner for describing shapes as game progressed"",""feedback"":""none"",""education"":""master""}",2025-01-30T23:37:12.978299395Z,01JJWQM46VZHKDRK29PCXJ8GQ3,2025-01-30T23:16:02.953913168Z,2,2025-01-30T23:14:55.75919767Z,true,2025-01-30T23:16:32.782477336Z,01JJWQM46VZHKDRK29PCXJ8GQ3,2025-01-30T23:16:32.824665668Z,01JJWR0YXN17E8670CGZP6YMHH,2025-01-30T23:16:32.824665668Z,Minu,2025-01-30T23:16:32.943960664Z,#444EA1,2025-01-30T23:16:32.943960664Z,01JJWQSNVD6YCATMC4NSAFQ1RT,2025-01-30T23:12:34.311172671Z,66eddeb07ae1f7510780b109,2025-01-30T23:12:34.311172671Z,01JJWQSKBWP80JVE0ZW28BSM19,2025-01-30T23:16:32.943960664Z,matcher,2025-01-30T23:35:51.488093797Z,1.920000,2025-01-30T23:36:05.641252549Z,/avatars/red.png,2025-01-30T23:16:32.943960664Z,"{""contextSize"":4,""contextStructure"":""comp-between"",""feedbackDuration"":3,""maxTimeout"":5,""numRepetitionsWithPartner"":4,""playerCount"":2,""selectionDuration"":60,""showNegativeFeedback"":1}",2025-01-30T23:12:34.315319961Z,full-comp-between,2025-01-30T23:12:34.315319961Z,"{""participantKey"":""66eddeb07ae1f7510780b109"",""STUDY_ID"":""679bb8b3cc23fe8d03da31c0"",""SESSION_ID"":""679c07391e91b22f5e379034""}",2025-01-30T23:12:34.448893219Z
01JJWQZ0K0VHSQ7ZK82E10VDV8,https://api.dicebear.com/8.x/rings/svg?seed=Minu,2025-01-30T23:21:26.442849205Z,1.890000,2025-01-30T23:39:36.927361416Z,game ended,2025-01-30T23:39:37.01618317Z,true,2025-01-30T23:40:56.832740654Z,"{""age"":""33"",""gender"":""male"",""strategy"":""Find the easiest shape to describe and describe it and where in the separate image it is to the other player"",""enjoy"":""I enjoyed playing with them because we both figured out the same strategy rather quickly"",""feedback"":""No issues at all, this was really fun! Thank you!"",""education"":""high-school""}",2025-01-30T23:40:56.814815332Z,01JJWQM7TRXWKY9X7MEZG3PZQH,2025-01-30T23:19:07.07662455Z,2,2025-01-30T23:21:00.56559427Z,true,2025-01-30T23:21:26.132592585Z,01JJWQM7TRXWKY9X7MEZG3PZQH,2025-01-30T23:21:26.171489564Z,01JJWR9XCSZGF4611VCYJXY8NQ,2025-01-30T23:21:26.171489564Z,Minu,2025-01-30T23:21:26.442849205Z,#444EA1,2025-01-30T23:21:26.442849205Z,01JJWQZ03KWWW3HSRERZB4AHW4,2025-01-30T23:15:28.992123577Z,63bc819194ca25a555eb8fb5,2025-01-30T23:15:28.992123577Z,01JJWQSTTZJ2MSZBK7K9MA36YQ,2025-01-30T23:21:26.442849205Z,matcher,2025-01-30T23:39:27.036210039Z,1.890000,2025-01-30T23:39:36.927361416Z,/avatars/red.png,2025-01-30T23:21:26.442849205Z,"{""contextSize"":4,""contextStructure"":""comp-between"",""feedbackDuration"":3,""maxTimeout"":5,""numRepetitionsWithPartner"":4,""playerCount"":2,""selectionDuration"":60,""showNegativeFeedback"":1}",2025-01-30T23:15:28.996295864Z,full-comp-between,2025-01-30T23:15:28.996295864Z,"{""participantKey"":""63bc819194ca25a555eb8fb5"",""STUDY_ID"":""679bb8b3cc23fe8d03da31c0"",""SESSION_ID"":""679c07348d16861abc77b2ba""}",2025-01-30T23:15:29.31079636Z
01JJWT0FH8RHRQM88PVVV8GQBQ,https://api.dicebear.com/8.x/rings/svg?seed=Minu,2025-01-30T23:52:18.184386287Z,1.830000,2025-01-31T00:17:12.059782017Z,game ended,2025-01-31T00:17:12.208780703Z,true,2025-01-31T00:19:08.289829408Z,"{""age"":""24"",""gender"":""Female"",""strategy"":""We came up with names for the diagram."",""enjoy"":""yes, my partner and I understand eat other perfectly well."",""feedback"":"""",""education"":""master""}",2025-01-31T00:19:08.255212366Z,01JJWRR8X7YC0AJHWDFXTMFZRB,2025-01-30T23:51:14.253407553Z,2,2025-01-30T23:51:22.749230913Z,true,2025-01-30T23:52:16.32193391Z,01JJWRR8X7YC0AJHWDFXTMFZRB,2025-01-30T23:52:16.411265209Z,01JJWT2C8RQXFMR2GFJ6J35NDK,2025-01-30T23:52:16.411265209Z,Minu,2025-01-30T23:52:18.184386287Z,#444EA1,2025-01-30T23:52:18.184386287Z,01JJWT0E41V8D477PV5XK28HYG,2025-01-30T23:51:14.216470278Z,67542b25da49fd3f99a37f6c,2025-01-30T23:51:14.216470278Z,01JJWST72D8JMBPRE0MBSC2V01,2025-01-30T23:52:18.184386287Z,matcher,2025-01-31T00:16:33.801556468Z,1.830000,2025-01-31T00:17:12.059782017Z,/avatars/red.png,2025-01-30T23:52:18.184386287Z,"{""contextSize"":4,""contextStructure"":""comp-between"",""feedbackDuration"":3,""maxTimeout"":5,""numRepetitionsWithPartner"":4,""playerCount"":2,""selectionDuration"":60,""showNegativeFeedback"":1}",2025-01-30T23:51:14.253407553Z,full-comp-between,2025-01-30T23:51:14.253407553Z,"{""participantKey"":""67542b25da49fd3f99a37f6c"",""STUDY_ID"":""679bb8b3cc23fe8d03da31c0"",""SESSION_ID"":""679c1059f7b5ca500094f2bb""}",2025-01-30T23:51:14.968230988Z
